package_name,date
0x000testqwe,2025-06-11T08:30:12.650441
10Cent10,2021-09-26T23:34:57.173980
10Cent11,2021-09-26T23:47:45.147503
11cent,2021-09-27T15:52:46.976846
123bla,2024-10-27T13:50:20
12cent,2021-09-27T19:47:59.642355
1337c,2022-08-18T01:56:38.711148
1337test,2024-04-22T09:48:44.079017
1337z,2022-08-18T01:56:17.670091
13cent,2021-09-27T21:21:33.402555
15cent,2021-09-27T22:23:31.653161
16cent,2021-09-27T22:33:16.391938
18923aa,2023-07-05T15:13:27.979890
191239aa,2023-07-05T15:14:59.909483
1923tsl1,2023-07-05T15:17:48.999570
1inch,2022-09-29T10:39:53.396843
2022-requests,2022-07-02T14:20:03.577067
233-misc,2023-05-19T08:55:23.212701
282828282828282828,2022-11-15T03:45:35.054617
3m-promo-gen-api,2023-01-29T11:19:51.861236
3m-promo-link-gen,2023-02-07T15:36:33.295265
3web,2024-06-16T14:14:57.041334
3web-py,2024-06-16T14:16:23.244331
AadhaarCrypt,2022-01-23T21:38:21.906971
Ailyboostbot,2024-04-22T09:48:44.103017
Ailynitro,2024-04-22T09:48:44.111017
BeaitifulSoop,2024-03-27T20:16:20.834293
BeaotifulSoup,2024-03-27T20:16:44.489315
BeaufifulSoup,2024-03-27T20:16:46.453566
BeautifilSoop,2024-03-27T20:16:09.816885
BeautifilSoup,2024-03-27T20:13:25.227906
BeautifolSoup,2024-03-27T20:13:11.606178
BeautifoulSoup,2024-03-27T20:16:16.777775
BeautifulSoop,2024-03-27T20:13:41.653991
BeautifulSoul,2024-03-27T20:15:43.569531
BeautifulSoup-new,2022-07-02T17:48:18.210904
BeautifulSoupo,2024-03-27T20:14:55.131337
BeautifullSoop,2024-03-27T20:16:33.119863
BeautifullSooup,2024-03-27T20:15:22.886887
BeautySoup,2024-03-27T20:16:30.031468
BeautyfulSoup,2024-03-27T20:13:30.144530
BeuatiflSoup,2024-03-27T20:15:56.963243
BeutifulSoop,2024-03-27T20:16:06.704488
BeutifullSoup,2024-03-27T20:14:58.039709
Crystalnitro,2024-04-22T09:48:44.135016
Cryztalnitro,2024-04-22T09:48:44.143016
Deeprce,2024-04-22T09:48:44.151016
DiscordSafety,2021-07-08T12:57:14.813627
DoNotDownload,2024-04-22T09:48:44.159016
EoerbIsjxqyV,2023-07-20T21:55:38.314505
EvannLeGoat,2024-04-22T09:48:44.195015
FakePipD,2024-04-22T09:48:44.203015
ForgePy,2024-04-22T09:48:44.215015
ForgePys,2024-04-22T09:48:44.267015
ForgyP,2024-04-22T09:48:44.279014
ForgyPs,2024-04-22T09:48:44.291014
HTTPRequesting,2023-03-28T09:09:53
HakePip,2024-04-22T09:48:44.335013
IncapError,2024-07-02T16:22:13.832540
Lukz,2024-04-22T09:48:44.363013
MJpoYTWNgddh,2023-07-21T20:55:55.193330
Maptplotlib,2024-03-27T20:30:36.835305
Matplftlib,2024-03-27T20:32:32.626021
Matpliotlib,2024-03-27T20:33:21.024172
Matplkotlib,2024-03-27T20:30:56.745836
Matpllotib,2024-03-27T20:31:52.716949
Matplolplib,2024-03-27T20:32:02.702219
Matploltlab,2024-03-27T20:30:54.313526
Matploltlib,2024-03-27T20:31:10.447577
Matplootib,2024-03-27T20:32:28.141451
Matplorlib,2024-03-27T20:31:56.053374
Matplotblib,2024-03-27T20:31:05.682972
Matplotib,2024-03-27T20:31:59.697837
Matplotkib,2024-03-27T20:32:23.468858
Matplotklib,2024-03-27T20:33:15.963529
Matplotllib,2024-03-27T20:33:27.653014
Matplotlob,2024-03-27T20:30:41.659918
Matplotlpib,2024-03-27T20:33:23.032427
Matplotlr,2024-03-27T20:32:15.835888
Matplotoib,2024-03-27T20:30:59.514188
Matplottbib,2024-03-27T20:32:21.508609
Matplottlab,2024-03-27T20:30:32.686778
Matplotvib,2024-03-27T20:32:13.223556
Matplotvlib,2024-03-27T20:32:05.298548
Matplrtlib,2024-03-27T20:32:09.715110
Matpltotlib,2024-03-27T20:32:36.138468
Matplttlib,2024-03-27T20:33:18.083798
NP6HelperHttper,2024-01-09T10:01:45.809458
NP6HelperHttptest,2024-01-09T10:37:13.442700
Nasrtox,2024-06-04T02:19:23.401219
PakePip,2024-04-22T09:48:44.423012
PandasProx,2024-04-22T09:48:44.431012
PqTorch,2024-03-27T20:34:14.522969
Print-django,2024-04-22T09:48:44.455011
Print-pip,2024-04-22T09:48:44.467011
Print-requests,2024-04-22T09:48:44.475011
PyGacme,2024-03-27T20:17:59.154848
PyGaeme,2024-03-27T20:18:16.377045
PyGamne,2024-03-27T20:18:01.575156
PyGamr,2024-03-27T20:16:57.919030
PyGamse,2024-03-27T20:18:04.667551
PyGamw,2024-03-27T20:17:33.791610
PyGane,2024-03-27T20:17:01.999551
PyGaome,2024-03-27T20:17:53.502126
PyGaqme,2024-03-27T20:17:57.022576
PyGarme,2024-03-27T20:17:51.745902
PyGawme,2024-03-27T20:18:07.059856
PyGazme,2024-03-27T20:17:42.644740
PyGfme,2024-03-27T20:18:19.121396
PyGmme,2024-03-27T20:17:29.415052
PyGqame,2024-03-27T20:17:27.466803
PyGume,2024-03-27T20:17:31.475315
PyGvame,2024-03-27T20:18:11.520426
PyGxme,2024-03-27T20:17:14.625163
PyGzme,2024-03-27T20:17:12.664913
PyTarch,2024-03-27T20:35:17.318948
PyThrch,2024-03-27T20:35:19.855270
PyTirch,2024-03-27T20:33:59.709087
PyToich,2024-03-27T20:34:19.399589
PyTorbch,2024-03-27T20:34:29.404860
PyTorcb,2024-03-27T20:33:55.924606
PyTorcdh,2024-03-27T20:35:29.460490
PyTorchb,2024-03-27T20:35:44.230367
PyTorchc,2024-03-27T20:34:04.397683
PyTorchg,2024-03-27T20:34:25.832406
PyTorchy,2024-03-27T20:34:09.218295
PyTordh,2024-03-27T20:34:21.627872
PyTrosh,2024-03-27T20:33:44.815195
PyYMAL,2020-02-26T04:01:55
Pytabtrust,2024-04-22T09:49:00.434763
PzTorch,2024-03-27T20:33:41.346754
QakePip,2024-04-22T09:48:44.499011
ReverseShell,2024-04-22T09:48:44.627009
Rozenitro,2024-04-22T09:48:44.671008
Sagepay,2022-01-23T22:15:28.806936
Sijplejson,2024-03-27T20:18:24.426072
Simepljson,2024-03-27T20:18:39.095944
Simolejson,2024-03-27T20:30:20.349209
Simpkejson,2024-03-27T20:19:12.900256
Simplejason,2024-03-27T20:18:41.160207
Simplejdon,2024-03-27T20:19:05.151268
Simplejsoh,2024-03-27T20:19:36.703291
Simpoejson,2024-03-27T20:18:51.189487
Siplejason,2024-03-27T20:18:35.819526
Sjmplejson,2024-03-27T20:18:49.049214
SpammingSynonym,2024-04-22T09:48:44.811006
SpammingSynonyms,2024-04-22T09:48:44.823006
SpyWare,2024-04-22T09:48:44.887005
Web-requests-autmoation,2022-07-02T14:15:31.925122
WeeCoder,2024-04-22T09:48:44.975003
WeedyCoder,2024-04-22T09:48:44.991003
WkquBsXEkbXn,2023-07-20T22:29:36.321818
a1rn,2024-04-22T09:48:45.003003
aaiohttp,2023-02-10T18:46:23.469314
aasyncio,2024-03-27T20:44:30.129162
abhamzufu,2025-10-19T13:18:53.534789
accesspdp,2025-12-31T13:36:28.548854
acqusition,2017-06-03T01:57:56
activedevbadge,2022-11-11T23:03:58.100729
adad,2023-02-24T14:57:41.843428
adafruit_imageload,2024-07-30T13:25:26.627042
adcandy,2023-02-23T21:37:02.566205
adcontrol,2023-02-24T14:53:47.947422
adcpu,2023-02-23T17:01:21.821213
adcraft,2023-02-23T21:35:08.450663
adcv,2023-02-24T21:07:36.807886
adgrand,2023-02-23T17:02:38.752993
adgui,2023-02-23T21:36:59.348205
adhttp,2023-02-23T21:44:50.903863
adhydra,2023-02-24T21:04:19.232599
adinfo,2023-02-24T14:42:32.748169
adload,2023-02-23T21:39:51.791198
adm3,2023-01-02T18:42:32.055237
adm4,2023-01-05T17:12:09.340150
admask,2023-02-24T14:36:19.113037
admc,2023-02-23T21:36:39.973205
admcheck,2022-12-18T16:19:36.628649
admcheck2,2022-12-27T17:24:09.497429
admine,2023-02-23T21:46:05.645921
adosint,2023-02-25T14:14:18.438847
adpaypal,2023-02-25T13:58:57.585459
adpep,2023-02-24T14:44:10.562167
adpip,2023-02-23T21:33:55.414923
adpost,2023-02-23T21:30:26.526912
adproof,2023-02-24T21:01:29.364997
adpull,2023-02-25T14:13:44.343603
adpyw,2023-02-23T21:48:40.903627
adram,2023-02-24T14:57:44.808427
adrandom,2023-02-25T14:03:30.601115
adsplit,2023-02-25T14:13:40.739881
adstr,2023-02-25T14:22:03.918428
adtool,2022-03-08T12:07:22
adultra,2023-02-23T16:59:43.834245
adurl,2023-02-24T21:07:32.836322
adv2099m,2023-07-02T01:34:37.729658
adv2099m3,2023-07-02T17:01:36.312824
advenced-requests,2022-07-02T16:38:07.961777
advirtual,2023-02-24T21:27:18.661582
advm,2023-02-23T21:48:27.132967
advpruebitaa,2024-04-22T09:48:45.023003
advpruebitaa3,2024-04-22T09:48:45.031003
advpruebitaa4,2024-04-22T09:48:45.043002
advpruebitaa6,2024-04-22T09:48:45.055002
advpruebitaa8,2024-04-22T09:48:45.063002
advpruebitaa9,2024-04-22T09:48:45.075002
aeivasta,2023-04-20T18:04:06.527561
aeodata,2023-04-14T13:48:29.510110
aeodatav04,2023-04-14T13:44:38.104008
aes44,2022-11-15T00:22:49.316190
ahahjesus,2022-10-01T19:11:14.835345
ai-http-proxy,2022-03-11T17:03:43.275694
ai-solver-gen,2023-01-29T10:51:13.004224
ai-solver-images,2023-02-10T13:02:01.869990
ai-solver-py,2024-04-22T09:48:45.151001
aidoc-consul,2022-12-29T17:53:13.860443
aidoc-e2e-utils,2022-12-29T18:03:21.002813
aietelegram,2023-04-21T15:43:28.332162
aihottp,2023-02-10T18:46:16.910229
aiihttp,2026-01-04T17:48:17.865053
ailzyn1tr0,2024-04-22T09:48:45.254999
ailzynitro,2023-03-29T17:14:40.900733
aio-http-proxy-support,2024-02-18T13:42:52.055159
aio3,2024-04-22T09:48:45.294998
aio5,2023-01-02T18:31:52.959206
aio6,2023-01-11T23:04:50.646025
aiogram-3,2025-12-26T00:23:00.265879
aiogram-msgeffect,2025-11-22T16:18:22.574316
aiogram-types,2022-08-13T09:37:38
aiogrem,2025-12-31T13:49:36.402175
aiohappyeyeball,2025-10-22T14:59:44
aiohhttp,2023-02-10T18:46:04.630649
aiohtpt,2023-02-10T18:46:13.557181
aiohtt,2023-02-10T18:45:58.718392
aiohtto,2026-01-04T18:07:16.567848
aiohttp-async-proxy,2022-06-13T06:20:11.211423
aiohttp-async-socks,2022-06-15T19:28:28.683808
aiohttp-proxies,2022-03-08T23:05:07.563253
aiohttp-proxies-connector,2022-04-12T17:57:14.003381
aiohttp-proxies-fork,2022-06-03T17:32:02.515532
aiohttp-proxies-forked,2022-06-03T17:34:19.597849
aiohttp-proxy-connect,2022-06-01T14:50:46.497115
aiohttp-proxy2,2022-03-11T17:21:42.696355
aiohttp-proxy5,2022-03-16T13:33:11.485756
aiohttp-socks-connector,2022-03-22T07:14:33.684608
aiohttp-socks-test-connector,2022-04-03T15:07:35.739111
aiohttp-socks4,2022-02-28T19:26:12.228173
aiohttp-socks5,2022-02-21T15:04:31.864742
aiohttp-socks5-connector,2022-04-07T14:39:50.486006
aiohttp-ssl,2025-10-23T12:19:00
aiohttp_proxies,2022-03-08T23:05:07.563253
aiohttpp,2023-02-10T18:45:53.982793
aioohttp,2023-02-10T18:46:20.565408
aiostreams,2025-11-24T21:33:50.097255
aiothtp,2023-02-10T18:46:41.009900
aiotoolsbox,2023-03-11T15:01:59
aiottp,2023-02-10T18:46:34.929214
airduq,2024-04-22T09:48:45.382997
airnitro,2024-04-22T09:48:45.394997
airtime-media-monitor,2022-01-23T21:51:48.742958
alcloud-credentials,2023-10-30T03:49:11.032803
algokit-arc,2024-04-22T09:48:45.406997
aliababcloud-tea-openapi,2023-09-11T03:05:39.534850
alibabacloud-ecs20180317,2023-09-11T03:09:53.779720
alibabacloud-oss2,2023-10-08T10:59:53.627404
alibabacloud-vpc20180317,2023-09-11T03:15:46.128750
alisdkcore,2023-10-11T05:01:17.031930
aliyun-ai-labs-sdk,2025-05-20T16:10:06.289725
aliyun-oss2,2023-08-14T10:14:01.637624
alka10,2023-01-12T20:45:09.151073
alksdjpureranser,2025-06-11T13:14:06.396118
alzynitro,2024-04-22T09:48:45.414997
aml-ds-pipeline-contrib,2022-02-27T20:50:12.208931
amtplotlib,2023-02-10T11:58:32.562765
amzn-sagemaker-studio,2025-09-07T14:59:38
anaconda-anon-usage,2024-08-24T13:29:09.949469
analyze-me,2024-04-22T09:48:45.426996
andex-maps,2022-08-18T01:51:34.950850
android-plus-new,2022-07-02T18:12:09.073165
androidspyeye,2023-04-17T21:30:19.615853
anduril-lattice-sdk-grpc-python,2026-01-20T17:23:41.313734
ankpkg,2022-06-26T12:41:06.124753
ankpkg1,2022-06-26T15:09:12.821289
anku1-rce,2025-07-16T07:19:56.425172
anku2-rce,2025-07-16T07:40:21.437941
ansiicolor,2023-03-23T11:34:14.236704
antchain-sdk-abcdjb,2022-08-24T06:01:20.470397
antchain-sdk-abcdjb1,2022-08-24T05:52:06.046333
antchain-sdk-acc,2022-08-24T06:09:51.458515
antchain-sdk-account,2022-08-24T05:56:05.350744
antchain-sdk-acm,2022-08-24T07:16:37.510654
antchain-sdk-acs-iot,2022-08-24T06:20:37.834369
antchain-sdk-baas-midway,2022-08-24T06:18:09.234640
antchain-sdk-baasplus,2022-08-24T05:08:27.394342
antchain-sdk-billing,2022-08-24T06:30:21.286504
antchain-sdk-blockchain,2022-08-24T07:15:10.438295
antchain-sdk-cafecmdb,2022-08-24T06:08:55.882608
antchain-sdk-cas,2022-08-24T07:14:25.426399
antchain-sdk-cat,2022-08-24T06:04:03.874345
antchain-sdk-commercial,2022-08-24T05:59:18.686562
antchain-sdk-commercialexternal,2022-08-24T07:17:25.638534
antchain-sdk-das,2022-08-24T06:55:57.074534
antchain-sdk-dog,2022-08-24T04:52:33.462049
antchain-sdk-donpa,2022-08-24T06:38:32.946462
antchain-sdk-ebc,2022-08-24T04:58:09.846389
antchain-sdk-ent,2022-08-24T07:11:11.190474
antchain-sdk-gatewayx,2022-08-24T07:09:00.290450
antchain-sdk-goodschain,2022-08-24T06:33:28.654765
antchain-sdk-iam,2022-08-24T07:13:40.406450
antchain-sdk-industry,2022-08-24T04:29:32.642189
antchain-sdk-loadtestmock,2022-08-24T06:07:57.678709
antchain-sdk-mq,2022-08-24T05:41:49.186651
antchain-sdk-ms,2022-08-24T05:56:57.254521
antchain-sdk-mytc,2022-08-24T06:02:05.434425
antchain-sdk-notification,2022-08-24T06:05:15.662544
antchain-sdk-op,2022-08-24T05:42:58.226437
antchain-sdk-pcc,2022-08-24T07:08:08.614564
antchain-sdk-realperson,2022-08-24T07:21:14.882591
antchain-sdk-rms,2022-08-24T04:54:51.121801
antchain-sdk-shuziwuliu,2022-08-24T07:20:36.250545
antchain-sdk-sp,2022-08-24T05:53:00.318460
antchain-sdk-stlr,2022-08-24T06:34:32.994677
antchain-sdk-tam,2022-08-24T05:40:48.082568
antchain-sdk-tdm,2022-08-24T07:10:05.918375
antchain-sdk-zjlm,2022-08-24T05:58:19.518107
aohttp,2023-02-10T18:46:31.319887
aoohttp,2026-01-04T18:02:33.039303
aounitaounit2,2025-11-24T20:04:46
aowdjpawojd,2022-11-05T23:04:34.221822
apch,2022-11-17T20:23:28.837911
aphorism-lib,2025-07-19T14:59:31.766718
api-hypixel,2024-02-01T17:09:15.407924
api-requester2,2023-01-03T10:42:49.269783
apicolors-advanced,2023-02-21T09:15:21.973127
apidev-coop,2017-06-03T05:15:57
apndas,2023-02-10T18:19:04.867799
appetize-cli,2024-07-30T13:19:07.140754
apple-py-music,2022-01-23T21:27:49.222980
apple-tv-new,2022-07-02T18:11:44.324610
aptx,2023-02-03T11:08:19.825541
arangodb-driver,2024-04-22T09:48:45.458996
arangodb-python,2024-04-22T09:48:45.470996
arangodba,2023-06-19T10:26:31.850689
args-python,2023-05-09T19:03:09.803267
argspython,2023-05-10T11:11:21.939839
arielbogo,2024-07-25T12:46:04.840450
artifact-lab-3-package-0c8bce1c,2024-09-20T01:43:54.376201
artifact-lab-3-package-153c1c1a,2024-10-15T11:53:40.269149
artifact-lab-3-package-1f7a39bc,2024-09-05T06:31:44.205036
artifact-lab-3-package-24ddbc49,2024-10-22T16:27:57.886604
artifact-lab-3-package-2b6a4744,2024-08-27T15:06:46
artifact-lab-3-package-392c6acd,2024-08-11T18:26:15.162113
artifact-lab-3-package-3eef6c2c,2024-08-28T08:07:02
artifact-lab-3-package-4c04b1a2,2024-09-19T22:16:28.497196
artifact-lab-3-package-6e10193e,2024-08-27T17:08:08
artifact-lab-3-package-76a351f5,2024-08-27T18:01:14
artifact-lab-3-package-77d0c154,2024-08-28T10:34:52.831242
artifact-lab-3-package-7e532784,2024-08-14T12:12:51.605967
artifact-lab-3-package-89883da3,2024-08-27T16:19:26.163410
artifact-lab-3-package-9fde789f,2024-08-23T09:31:46.056391
artifact-lab-3-package-a18ff5d9,2024-06-22T19:54:36.859233
artifact-lab-3-package-b55680cd,2024-08-18T19:55:23.904666
artifact-lab-3-package-b6920ef4,2024-08-15T13:56:33.326910
artifact-lab-3-package-ccd28738,2024-08-27T15:46:12.972339
artifact-lab-3-package-db7d716a,2024-09-21T02:01:22.779927
artifact-lab-3-package-e90915e1,2024-06-19T10:13:46.121181
artifact-lab-3-package-f0727516,2024-08-11T09:07:31.445189
artifact-lab-3-package-f9dafccc,2024-08-28T09:47:22
aryi,2021-02-25T18:53:41
ascii-chillah,2024-04-15T22:32:35
ascii2art,2022-11-14T13:18:12.670636
ascii2text,2022-06-26T17:29:27.143665
asciidrawing,2024-09-20T10:49:28.893370
ase-jreq,2025-07-07T07:00:26.744065
asn2crypto,2022-08-23T10:58:14.473804
asptcer,2024-07-21T14:50:05.970338
assuredserpentupload,2024-04-15T22:21:02
assyncio,2024-03-27T20:44:36.449965
asteroid-filterbank,2022-10-18T08:25:36.826975
astralnitro,2024-04-22T09:48:45.498995
astronomio,2025-02-05T21:44:36.466176
asyincio,2024-03-27T20:44:26.740732
async-dispatcher,2024-02-06T18:50:51.561252
async-substrate-interface-upgrade,2025-12-24T02:47:38.400742
asyncci,2024-03-27T20:44:56.860557
asynccio,2024-03-27T20:44:44.927042
asynci,2024-03-27T20:44:42.994796
asyncii,2024-03-27T20:44:48.115447
asynciio,2024-03-27T20:44:33.893641
asyncio-box,2023-03-13T11:38:33
asyncioi,2024-03-27T20:44:52.860049
asyncioo,2024-03-27T20:43:45.483493
asynciooo,2024-03-27T20:46:13.874337
asynhttp,2025-10-22T08:50:56
asynio,2024-03-27T20:44:50.519752
asynncio,2024-03-27T20:44:31.861382
asyyncio,2024-03-27T20:44:24.064392
ateslassia,2025-06-11T13:31:16.418792
atio-obfuscator,2023-02-19T22:01:33.961645
atlasctf-21-prod-00,2025-06-07T06:43:54.412089
atlasctf-21-prod-01,2025-06-07T06:43:57.103719
atlasctf-21-prod-02,2025-06-07T06:44:00.071136
atlasctf-21-prod-03,2025-06-07T06:44:03.151089
atlasctf-21-prod-04,2025-06-07T06:44:05.667691
atlasctf-21-prod-05,2025-06-07T06:44:08.554802
atlasctf-21-prod-06,2025-06-07T06:44:11.017776
atlasctf-21-prod-07,2025-06-07T06:44:13.695468
atlasctf-21-prod-08,2025-06-07T06:44:16.322137
atlasctf-21-prod-09,2025-06-07T06:44:18.716998
atlasctf-21-prod-10,2025-06-07T06:44:21.452322
atlasctf-21-prod-11,2025-06-07T04:40:44.535665
atlasctf-21-prod-12,2025-06-07T06:44:25.947406
atlasctf-21-prod-13,2025-06-07T06:44:28.665282
atlasctf-21-prod-14,2025-06-07T06:44:30.877961
atlasctf-21-prod-15,2025-06-07T06:44:33.580679
atlasctf-21-prod-16,2025-06-07T06:44:36.178171
atlasctf-21-prod-17,2025-06-07T06:44:39.167656
atlasctf-21-prod-18,2025-06-07T06:44:41.495109
atlasctf-21-prod-19,2025-06-07T06:44:43.741510
atlasctf-21-prod-20,2025-06-07T06:44:46.088064
atlasctf-21-prod-21,2025-06-07T06:44:48.717228
atlasctf-21-prod-29,2025-06-07T06:45:03.947897
atlassian-exp,2025-11-26T05:05:20.971759
atlassian-praz,2025-11-26T05:28:03.908165
atplotlib,2023-02-10T11:57:40.254450
attr-property,2022-06-02T17:31:55.330337
audit-themis-i18n,2024-08-24T02:23:24.323281
auohttp,2026-01-04T18:10:53.450681
authanticetor,2022-12-26T12:09:00.040332
auto_scrubber,2024-05-23T14:30:28.936587
avatar-handler,2025-07-17T18:06:40.910326
aws-consoler2,2023-09-12T10:33:41.032483
aws-enumerate,2025-08-11T07:55:48.167020
aws-enumerate-iam,2023-10-09T07:31:46
aws-login0tool,2021-12-06T09:55:36.061909
awscl,2023-02-10T07:50:02.701831
awsclie,2023-02-10T07:52:47.899733
awsclii,2023-02-10T07:52:16.445399
axderz,2023-03-15T23:44:15.310435
axelo,2022-11-24T00:41:58.159629
aysncio,2024-03-27T20:44:40.622495
azure-cli-ml-preview,2022-02-27T20:26:46.875160
azure-cli-ml-private-preview,2022-02-27T20:18:35.562299
azure-sdk-tools,2022-11-17T15:24:01.117185
azureml-contrib-daskonbatch,2023-09-12T18:52:18.419157
azureml-contrib-jupyterrun,2022-02-27T14:06:00.316429
azureml-contrib-optimization,2022-02-27T20:30:23.654437
azureml-contrib-reports,2022-02-27T15:16:21.722797
b2-sdk-python,2022-10-16T17:37:50.362194
babel-preset-current-node-syntax,2025-06-03T23:16:27.605309
badgerdoc-storage,2025-05-10T14:03:21.199480
baeutifulsoup,2023-02-11T10:43:34.161850
baeutifulsoup4,2022-11-06T21:06:37.809622
bahaha,2022-09-22T17:36:31.482138
barcodegeneratorqr,2023-07-12T18:10:10.190056
barcodeqrgen,2023-06-21T14:59:27.319207
bautifulsoup,2023-02-11T10:45:54.193902
bautifulsoup4,2023-02-10T10:42:47.769611
bbeautifulsoup,2023-02-11T10:44:29.167971
bbitcoinlib,2023-02-09T16:52:54.615789
bcrypto,2022-08-18T01:28:18.923146
beaautifulsoup,2023-02-11T10:42:52.037822
beaautifulsoup4,2023-02-10T10:42:50.362529
beaitifulsoup,2024-03-27T20:13:06.101479
beatifulsoup,2023-02-11T10:45:43.673360
beatuifulsoup,2023-02-11T10:46:13.080245
beatuifulsoup4,2023-02-10T10:43:14.477489
beauifulsoup,2023-02-11T10:42:58.029648
beauitfulsoup,2023-02-11T10:44:35.540956
beaurifulsoup,2024-03-27T20:15:46.621921
beautfiulsoup,2023-02-11T10:46:06.529648
beautiffulsoup,2023-02-11T10:43:26.258651
beautiffulsoup4,2023-02-10T10:43:56.853654
beautiflsoup,2023-02-11T10:45:48.545581
beautiflsoup4,2023-02-10T10:42:25.335263
beautiflulsoop,2024-03-27T20:16:39.140632
beautiflulsoup,2024-03-27T20:13:09.077857
beautiflusoup,2023-02-11T10:44:47.996648
beautiflusoup4,2023-02-10T10:42:40.758004
beautifuklsoup,2024-03-27T20:15:39.256980
beautifuksoup,2024-03-27T20:14:26.999745
beautifullsoup,2023-02-11T10:45:23.750531
beautifullsoup4,2023-02-10T10:43:25.071570
beautifulosup,2023-02-11T10:43:03.983930
beautifulosup4,2023-02-10T10:42:45.044875
beautifuloup,2023-02-11T10:44:58.828736
beautifuloup4,2023-02-10T10:43:19.007387
beautifulsooup,2023-02-11T10:44:42.627725
beautifulsooup4,2023-02-10T10:43:03.431013
beautifulsop,2023-02-11T10:43:54.204369
beautifulsop4,2023-02-10T10:43:33.998063
beautifulsopu,2023-02-11T10:43:10.859332
beautifulsou,2023-02-11T10:45:10.815476
beautifulsou4,2023-02-10T10:43:22.086882
beautifulsoup,2019-10-05T11:28:35
beautifulsoup-numpy,2024-04-22T09:48:45.566994
beautifulsoup-requests,2024-04-22T09:48:45.578994
beautifulsoup-scikit-learn,2024-04-22T09:48:45.598994
beautifulsoup4-new,2022-07-02T19:49:11.175862
beautifulsoup44,2023-02-10T10:43:31.211748
beautifulsoupe,2024-03-27T20:16:12.245196
beautifulsoupp,2023-02-11T10:42:32.387496
beautifulsoupp4,2023-02-10T10:43:41.894222
beautifulsouup,2023-02-11T10:42:18.043431
beautifulsouup4,2023-02-10T10:43:39.344730
beautifulssoup,2023-02-11T10:44:01.466362
beautifulssoup4,2023-02-10T10:42:53.049726
beautifulsuop,2023-02-11T10:43:46.070680
beautifulsuop4,2023-02-10T10:43:08.908591
beautifulsup,2023-02-11T10:45:31.961573
beautifulsup4,2022-11-07T12:58:51.407716
beautifuosoup,2024-03-27T20:13:28.112272
beautifusloup,2023-02-11T10:42:38.831895
beautifusloup4,2023-02-10T10:43:06.337297
beautifusoup,2023-02-11T10:43:16.463362
beautifuulsoup,2023-02-11T10:45:17.369915
beautifuulsoup4,2023-02-10T10:43:36.654648
beautiifulsoup,2023-02-11T10:44:13.745273
beautiifulsoup4,2023-02-10T10:43:11.442671
beautilfulsoup,2024-03-27T20:16:41.940989
beautiuflsoup,2023-02-11T10:44:06.941501
beautiulsoup,2023-02-11T10:44:53.819405
beautiulsoup4,2023-02-10T10:43:54.119272
beauttifulsoup,2023-02-11T10:44:21.044328
beauttifulsoup4,2023-02-10T10:43:27.757137
beauutifulsoup,2023-02-11T10:45:39.213847
beauutifulsoup4,2023-02-10T10:42:55.754447
bee23e3wddwwddwd23e2,2023-12-27T06:04:24.897723
beeautifulsoup,2023-02-11T10:42:44.550004
beeautifulsoup4,2023-02-10T10:42:58.427868
beeee23323,2023-12-27T06:01:18.493324
benign-lib,2025-10-25T13:31:16.398711
bettercolor,2024-04-22T09:48:45.618993
bettercolors,2022-12-29T23:46:51.322111
betterstyle,2022-12-18T01:32:48.262431
beuatifulsoup,2023-02-11T10:46:19.118652
beuatifulsoup4,2023-02-10T10:44:01.877079
beutifulsoup,2023-02-11T10:42:26.585207
beutifulsoup4,2023-02-10T10:43:47.900512
bh-usa-automate-req-ase,2025-08-02T17:36:18.115974
bh-usa-req-ase,2025-08-02T16:55:58
bhottwo,2020-07-04T03:07:23
bibp-utils,2024-03-26T23:31:06.653554
bicoinlib,2023-02-09T16:52:51.376426
bictoinlib,2023-02-09T16:52:26.333358
bigip,2025-12-18T18:49:12.965924
bignum-devel,2023-06-22T08:45:40.118678
bigpyx,2025-12-10T08:17:17.071575
biip-utils,2024-03-26T23:30:23.664094
biitcoinlib,2023-02-09T16:53:32.443822
binance-sdk-ebate,2025-08-18T19:04:17.839615
bingchilling2,2023-02-06T14:13:49.503065
binol,2024-04-22T09:48:45.642993
bip-u8ls,2024-03-26T23:30:51.875677
bip-uils,2024-03-26T23:30:31.169047
bip-uitls,2024-03-26T23:30:40.206195
bip-util,2024-03-26T23:30:26.216418
bip-utilds,2024-03-26T23:30:42.238453
bip-utile,2024-03-26T23:31:03.593165
bip-utiles,2024-03-26T23:30:18.987500
bip-utilos,2024-03-26T23:31:09.313892
bip-utilss,2024-03-26T23:30:58.952576
bip-utilz,2024-03-26T23:30:14.438922
bip-utisl,2024-03-26T23:30:44.646759
bip-utjls,2024-03-26T23:31:11.290143
bip-utlils,2024-03-26T23:30:38.153934
bip-uttils,2024-03-26T23:31:01.356881
bip-uutils,2024-03-26T23:31:13.694448
bip39-mnemonic-decrypt,2024-02-04T11:28:54
bipp-utils,2024-03-26T23:30:16.499184
bips-utils,2024-03-26T23:30:35.469593
bitccoinlib,2023-02-09T16:53:38.175124
bitcinlib,2023-02-09T16:54:21.579506
bitcionlib,2023-02-09T16:53:03.812119
bitcoiinlib,2023-02-09T16:53:46.444092
bitcoilib,2023-02-09T16:53:09.161464
bitcoilnib,2023-02-09T16:54:31.175965
bitcoinlb,2023-02-09T16:52:44.736958
bitcoinlbi,2023-02-09T16:52:48.142453
bitcoinli,2023-02-09T16:53:41.657765
bitcoinlibb,2023-02-09T16:53:24.330863
bitcoinliib,2023-02-09T16:53:57.139472
bitcoinliv,2022-08-23T10:56:59.836418
bitcoinnlib,2023-02-09T16:54:06.527687
bitconilib,2023-02-09T16:53:53.591347
bitconlib,2023-02-09T16:54:11.575394
bitcooinlib,2023-02-09T16:54:25.576814
bitensor-cli,2025-07-30T09:22:06
bitocinlib,2023-02-09T16:54:15.016300
bitoinlib,2023-02-09T16:52:58.489938
bittcoinlib,2023-02-09T16:53:18.301216
biup-utils,2024-03-26T23:31:15.782713
blabutt,2025-07-18T16:55:40.834259
blackspammerbd-termux,2025-06-07T02:31:59.879998
blackspammerbd-workout,2025-05-27T15:58:58.144774
blazeted,2024-04-22T09:48:45.650993
blobhunter-depconf-poc,2026-01-04T05:04:36.467732
bloxflipscraper,2022-11-06T18:47:51.436007
bloxflipsearch,2022-11-06T18:50:58.215753
bloxypy,2025-09-25T23:57:35.174417
bluesadway,2025-06-15T13:27:38.059917
blypack,2024-05-20T12:41:25.021208
bo3to,2024-09-21T16:55:13.452015
bobikssf,2023-08-12T09:10:04
bogdi,2024-04-22T09:48:45.706992
boogipoper,2024-04-22T09:48:45.718992
boogishell2,2024-04-22T09:48:45.742991
boogishell3,2024-04-22T09:48:45.754991
boogishell4,2024-04-22T09:48:45.770991
boogishell5,2024-04-22T09:48:45.782991
boogishell6,2024-04-22T09:48:45.790991
boost-tool,2022-12-28T14:12:24.359625
boost-tool-api,2022-12-28T15:18:47.299268
boostbot,2024-04-22T09:48:45.802990
boostbot-api,2023-02-25T16:03:28.947444
bootcampsystem,2023-05-09T12:20:54.493972
booto3,2024-03-08T09:53:17.094230
bop-utils,2024-03-26T23:30:54.247978
botaa3,2021-11-17T18:30:41
botclient,2022-09-08T13:46:19.278823
boto33,2023-02-10T05:58:40.953298
botoa,2023-02-10T06:00:37.096348
botoa3,2023-02-10T06:00:15.323745
botoo,2023-02-10T05:59:53.817958
botoo3,2023-02-10T05:59:00.335304
bp2hookutil,2021-09-25T12:28:31.381727
bpi-utils,2024-03-26T23:30:47.131074
brokescolors,2022-07-16T21:56:27.150869
brokescolors2,2022-07-16T20:15:59.909168
brokescolors3,2022-07-16T20:44:22.019760
brokesrcl,2022-07-16T19:52:35.483191
brolool4141412,2025-12-31T07:55:06.563380
browser-cookies3,2024-09-16T16:04:47.960106
browser-history-analysis,2025-07-01T03:56:34.551307
browser-web,2023-01-21T11:26:27.106196
browserdiv,2022-07-19T12:43:29.661482
brrerrere,2023-12-27T17:47:32.915560
bruts,2024-04-22T09:48:45.826990
bs4tools,2022-06-24T20:47:14.511472
bs5,2023-06-17T23:06:55.411520
btcoinlib,2023-02-09T16:53:13.727726
bticoinlib,2023-02-09T16:54:00.746333
btoocore,2022-11-25T09:46:21.433085
builderknower,2024-06-13T22:55:56.315074
builderknower2,2024-06-15T17:02:15.361730
buildoslibuploader,2022-10-07T15:13:12
buildpeople,2025-08-20T14:34:40.124118
bulktweetbyref,2025-06-17T22:33:23.744073
bulktweetplus,2025-06-18T16:20:12.751153
bupi-utils,2024-03-26T23:30:49.739406
burdoq,2024-04-22T09:48:45.846990
business-kpi-manager,2024-03-18T13:36:15.587037
bussardweg4a,2024-06-16T13:57:06.492717
bussardweg4av2,2024-06-16T13:59:36.927925
bussardweg4av3,2024-06-16T14:08:37.488911
bytedance-chat,2024-11-29T02:18:55.406439
bytedtrace,2024-04-22T09:48:46.738976
byterec-models,2024-08-24T02:17:04.351888
ca-certificates,2022-09-06T17:26:51.375756
caas-jupyter-tools,2025-08-19T00:50:04.386051
calculator,2022-12-16T23:41:26
calculator-2c397c49ab20c445,2022-12-16T23:41:26.076025
calculator_2c397c49ab20c445,2024-04-22T09:48:46.790975
calendar-extender,2024-05-20T19:46:19.923921
camera-kit,2024-04-15T22:34:06
candyad,2023-02-23T16:56:55.549932
candycc,2023-02-24T14:48:09.253283
candycontrol,2023-02-24T14:40:45.211907
candycpu,2023-02-23T21:53:21.793062
candycraft,2023-02-23T21:53:01.759057
candyencode,2023-02-25T14:32:19.928305
candygame,2023-02-23T21:32:30.705927
candyget,2023-02-23T21:33:00.861920
candygrand,2023-02-23T16:58:02.661592
candygui,2023-02-23T21:35:11.648668
candyhttp,2023-02-23T16:57:02.373467
candyinfo,2023-02-23T21:38:21.452297
candyint,2023-02-25T14:09:05.964211
candylib,2023-02-23T21:50:56.970644
candyload,2023-02-24T14:54:32.173426
candymc,2023-02-23T21:56:38.448323
candymine,2023-02-23T21:55:32.122075
candypep,2023-02-24T14:37:56.766770
candypip,2023-02-23T21:58:28.000993
candypong,2023-02-25T14:01:12.627868
candypost,2023-02-23T21:45:55.337168
candypyw,2023-02-23T17:01:41.354169
candyram,2023-02-23T21:38:03.650297
candyrandom,2023-02-25T14:23:54.131132
candyre,2023-02-23T21:45:40.900541
candysuper,2023-02-23T21:39:55.083809
candytool,2023-02-23T17:00:31.675563
candyultra,2023-02-23T21:39:44.589162
candyurl,2023-02-23T17:00:39.111180
candyvisa,2023-02-24T14:50:06.342385
capmoneercloudclient,2024-03-26T23:24:49.429646
capmonsstercloudcliennt,2024-03-26T23:25:34.211333
capmonsstercloudclient,2024-03-26T23:24:25.006544
capmonster,2024-04-22T09:48:46.802975
capmonster-task,2024-04-22T09:48:46.810975
capmonsterccloudclient,2024-03-26T23:26:24.453714
capmonsterclouclient,2024-03-26T23:24:58.350779
capmonstercloudclenet,2024-03-26T23:27:51.912822
capmonstercloudclenit,2024-03-26T23:26:08.127640
capmonstercloudclent,2024-03-26T23:24:33.723651
capmonstercloudcliant,2024-03-26T23:24:44.401007
capmonstercloudclieent,2024-03-26T23:24:39.116336
capmonstercloudclieet,2024-03-26T23:24:53.406151
capmonstercloudclien,2024-03-26T23:25:32.303091
capmonstercloudcliend,2024-03-26T23:25:00.127004
capmonstercloudcliendt,2024-03-26T23:24:55.122369
capmonstercloudclienet,2024-03-26T23:26:12.268167
capmonstercloudcliennt,2024-03-26T23:25:04.455554
capmonstercloudcliet,2024-03-26T23:24:51.449902
capmonstercloudcliient,2024-03-26T23:24:31.691393
capmonstercloudclinent,2024-03-26T23:26:50.076968
capmonstercloudclinet,2024-03-26T23:24:27.078807
capmonstercloudclouidclient,2024-03-26T23:25:13.864749
capmonstercloudcluodclient,2024-03-26T23:24:37.092079
capmonsterclouddclient,2024-03-26T23:25:36.159580
capmonsterclouddlient,2024-03-26T23:24:47.205363
capmonsterclouidclient,2024-03-26T23:26:26.902025
capmonsterclouudclient,2024-03-26T23:25:17.849255
capmonstercludclient,2024-03-26T23:25:26.754386
capmonstercoudclient,2024-03-26T23:24:29.691139
capmonstercouldclient,2024-03-26T23:25:30.066807
capmonsterrcloudclient,2024-03-26T23:25:57.586302
capmosterclouclient,2024-03-26T23:25:06.467810
capmostercloudclieent,2024-03-26T23:26:21.645357
capmostercloudclienet,2024-03-26T23:25:10.028262
capmostercloudclient,2024-03-26T23:24:42.224730
capmostercloudclinet,2024-03-26T23:25:19.797503
captcha-py,2024-04-22T09:48:46.822975
captchaboy,2024-04-22T09:48:46.834975
catchmeoutsidehawbade,2025-06-18T11:15:15.501230
catme,2023-12-06T07:22:00
cccandy,2023-02-24T14:54:18.919427
cccontrol,2023-02-24T14:48:04.383282
cccpu,2023-02-24T21:19:34.593047
cccraft,2023-02-24T14:47:13.504089
cccxt,2023-02-09T16:18:58.266471
ccgame,2023-02-24T14:36:55.406757
ccget,2023-02-24T14:47:46.288281
ccgrand,2023-02-24T14:59:54.026429
ccgui,2023-02-24T14:42:15.747300
cchttp,2023-02-24T15:01:36.052426
cchydra,2023-02-24T21:11:09.846572
ccinfo,2023-02-24T14:52:35.415427
cckill,2023-02-25T14:09:54.858494
cclgtb,2023-02-25T14:06:29.978946
cclick,2023-02-11T09:24:44.571520
ccmask,2023-02-24T14:38:28.260771
ccmc,2023-02-24T21:21:05.328968
ccmine,2023-02-24T14:52:38.487426
ccolorama,2023-02-10T10:38:50.222996
ccpep,2023-02-24T14:49:37.883938
ccping,2023-02-25T14:07:51.307225
ccpip,2023-02-24T14:44:04.126169
ccpost,2023-02-24T14:52:12.178018
ccpyw,2023-02-24T14:35:46.148603
ccram,2023-02-24T14:52:47.769426
ccre,2023-02-24T15:00:52.035428
ccryptocompare,2023-02-09T16:50:48.896888
ccryptofeed,2023-02-09T16:46:00.874740
ccsplit,2023-02-25T14:03:19.190608
ccsuper,2023-02-24T14:58:12.633426
ccsv,2022-08-24T04:12:40.753921
cctool,2023-02-24T14:43:33.129098
ccultra,2023-02-24T14:38:35.620803
ccver,2023-02-25T14:05:39.165102
ccvirtual,2023-02-24T14:51:45.933484
ccvisa,2023-02-24T14:49:50.427547
ccvm,2023-02-24T14:51:10.436029
ccx,2023-02-09T16:21:04.233691
ccxtt,2023-02-09T16:19:05.043198
ccxxt,2023-02-09T16:19:02.370474
ceedee,2022-10-18T19:55:50.371648
celery-flower,2025-07-06T18:12:40.827519
celery-poolroutes,2024-04-22T09:48:46.846974
celery-routing,2024-04-22T09:48:46.862974
celery-routr,2024-04-22T09:48:46.870974
celium-collateral-upgrade,2025-12-24T03:18:05.131501
centerprint,2022-10-09T17:59:01.908639
cephlib,2023-10-09T06:07:23.116118
ceritfi,2023-02-09T16:53:59.582253
cert-orchestration-adapter,2024-03-17T12:03:08.863063
certefi,2023-02-10T06:58:47.363181
certif,2023-02-10T06:54:12.607303
certife,2023-02-10T06:55:13.340106
certiffi,2023-02-09T16:54:20.678330
certifia,2023-02-09T16:55:23.793840
certifie,2023-02-10T06:53:50.481783
certifiee,2023-02-10T06:56:10.893005
certifii,2023-02-09T16:52:01.584336
certifij,2023-02-09T16:55:42.341146
certifiq,2023-02-09T16:54:44.786079
certifiy,2023-02-09T16:56:23.733147
certifo,2023-02-09T16:56:03.012656
certufi,2023-02-09T16:55:04.917905
cffi-curl,2025-08-20T07:08:11.304465
cffii,2023-02-11T10:46:23.166672
cffy,2023-02-11T10:46:05.318272
chain-validator,2025-04-27T00:44:17.680577
change-user-agent,2022-07-02T10:31:12.029023
checkscrapeinfo,2022-09-24T21:14:32.618372
cheezokdi10,2025-10-19T12:50:43.205910
chicopute,2025-11-24T20:56:33.855082
chillie,2022-07-02T18:10:34.278197
chimera-sandbox-extensions,2025-06-09T07:29:13.089184
chrome-stealth,2026-01-03T08:43:53.160571
cikit-learn,2023-02-10T18:14:00.341859
cilorama,2024-03-26T23:24:14.581220
cipherbcrypt,2024-02-06T19:45:59.802219
circleinfo,2023-05-07T18:54:01.260993
cirtum,2024-04-22T09:48:46.882974
cis-publishers,2022-10-03T15:41:22.750816
ciscosparksdk,2022-09-08T11:55:40.700639
citscapesscripts,2023-02-27T17:31:38.985001
ckr,2025-04-16T12:08:03.191273
class-py,2024-06-20T13:10:30.310005
claudeai-eng,2023-11-15T02:08:26.844383
clcik,2023-02-11T09:24:25.480166
cleantalk,2024-04-22T09:48:46.902973
clears,2022-12-22T17:19:35.994705
clearsrc,2022-12-25T16:27:11.626840
clicck,2023-02-11T09:24:48.188711
clickk,2023-02-11T09:24:52.878248
cliick,2023-02-11T09:25:01.189371
clikc,2023-02-11T09:24:39.295793
clistyling,2022-10-31T23:06:20.547664
clolorama,2024-03-26T23:23:13.865509
cloorama,2022-11-06T19:15:34.470231
clorama,2023-02-10T10:38:24.883350
cloroma,2024-03-26T23:22:09.273305
cloud client,2024-04-22T09:48:46.906973
cloud-client,2023-04-29T15:48:56.105944
cloud-credentials,2023-10-31T08:57:34
cloudfix,2024-04-22T09:48:46.914973
code-helper,2023-04-12T08:46:10.534413
code-transfering-3,2026-01-20T09:33:50.759982
code-transfering-4,2026-01-20T10:04:12.687836
codeui,2024-01-27T18:38:25.295357
codigosintaxis,2023-03-16T18:32:38.434877
coingecko-apis,2022-08-17T23:23:00.969698
coinmarketcaps,2022-08-17T23:22:27.543256
colarama,2023-01-13T22:03:32
colarama-api,2024-02-05T15:55:50.331377
colaroma,2024-03-26T23:22:28.283719
colimer,2024-04-22T09:48:46.950973
collorama,2023-02-10T10:38:57.094127
collored,2022-02-27T06:56:07.799387
coloama,2023-02-10T10:38:20.598662
coloarma,2023-02-10T10:38:40.669321
colomara,2024-03-26T23:24:22.518228
coloorama,2023-02-10T10:39:18.943753
colopym2,2024-04-22T09:48:46.966972
color-animated,2023-02-26T11:38:54
color-fade,2023-03-06T20:54:14.651167
color-settings,2023-03-07T11:40:24.880754
color-utility,2022-11-09T04:04:21.141138
coloraa,2023-02-10T10:39:06.571485
colorahma,2024-03-26T23:22:47.422150
coloram,2022-11-18T01:20:17.164940
colorama-py,2022-12-22T15:54:55.691119
coloramaa,2023-02-10T10:38:29.075330
coloramae,2024-03-26T23:22:43.757685
coloramah,2024-03-26T23:22:14.461964
coloramal,2024-03-26T23:23:02.308041
coloramapkgs,2025-05-18T11:28:20
coloramapkgsdow,2025-05-18T00:52:32.478215
coloramapkgsw,2025-05-18T01:16:22.523744
coloramashowtemp,2025-05-17T20:11:14.940797
coloramaz,2024-03-26T23:22:37.520892
colorame,2024-03-26T23:22:06.640970
coloramia,2024-03-26T23:22:41.145353
coloramka,2024-03-26T23:23:56.770958
coloramma,2023-02-10T10:39:15.445688
coloramna,2024-03-26T23:23:06.980634
coloramo,2024-03-26T23:22:33.400369
coloramoo,2024-03-26T23:22:30.984062
coloramqa,2024-03-26T23:23:54.006607
coloramqs,2024-03-26T23:24:05.908118
coloramu,2024-03-26T23:22:51.958726
coloramwa,2024-03-26T23:23:59.039246
coloramws,2024-03-26T23:24:07.772355
coloramxa,2024-03-26T23:24:03.063757
coloramxs,2024-03-26T23:24:09.900625
coloramza,2024-03-26T23:23:09.180913
coloramzs,2024-03-26T23:24:11.860874
colorara,2024-04-22T09:48:46.974972
colorate-raimbow,2023-01-31T00:16:26
colorating,2024-04-22T09:48:46.986972
colorayma,2024-03-26T23:24:19.969904
colorcolorfull,2022-09-11T20:45:30
colordiscord,2023-06-01T21:23:40.605279
colordiscord2,2023-06-01T21:34:50.833431
colordot,2023-05-18T12:27:14.895523
colored-fidget,2024-04-22T09:48:46.998972
colored-upgrade,2024-01-30T13:55:27.388395
coloredpy,2023-05-12T15:25:05.827712
colorfidget,2024-04-22T09:48:47.006972
colorfonts,2022-10-09T19:09:41.083439
colorfulpacket,2025-12-21T05:53:09.309588
colorfy,2023-04-05T13:42:56.493471
colorhrama,2024-03-26T23:23:11.069153
colorinal,2025-07-22T09:19:08
coloriv,2022-11-22T12:55:07.302287
colorizator,2025-05-15T13:01:03.175320
colorized,2024-01-28T12:18:05.958777
colorizepip,2023-04-06T17:44:47.285442
colorm,2024-03-26T23:22:03.736602
colormma,2024-03-26T23:22:26.171451
colormore,2023-02-22T22:32:32.060697
coloroama,2024-03-26T23:22:54.727078
coloroma,2022-11-18T04:41:18.487444
colorpack,2023-05-19T17:50:16
colorpad,2023-05-17T17:51:57.546423
colorram,2024-03-26T23:22:22.767019
colorrama,2023-02-10T10:39:09.643581
colorramma,2024-03-26T23:22:56.747334
colors-it,2022-11-17T21:52:41.274677
colors-update,2024-04-22T09:48:47.034971
colors5,2023-05-01T11:56:25.373981
colorsama,2022-10-23T01:29:57.539317
colorsapi,2022-11-09T00:43:09.550060
colorsgradient,2023-03-04T15:55:00.155979
colorslib,2023-01-07T12:09:49.467511
colorsmecs,2023-01-02T20:45:06.490752
colorsmore,2023-02-22T22:26:40
colorstyle,2023-03-06T13:08:55.708104
colorwed,2022-11-23T00:14:27.411629
colorwin,2022-10-23T05:30:07.116326
colouorama,2024-03-26T23:23:51.258258
colourama,2017-12-05T03:48:15
colouramas,2022-11-11T20:29:29.383542
colourfool,2023-02-12T12:22:17.846964
colourplus,2023-02-22T22:39:56
colprama,2024-03-26T23:24:17.541596
colurama,2022-11-15T23:54:42.909277
comedrivewithmeman,2025-08-24T12:43:49.624642
conda-package-handling111,2021-11-10T13:29:55.705151
conda-verifyyyyy,2022-08-09T19:50:57.727685
confighum,2025-07-04T08:44:48.207199
confluent-docker-utils,2024-08-24T13:52:26.342693
connections-api-hidden-runner,2025-12-19T07:41:09.956060
console-logs,2023-01-12T18:10:22
controlcandy,2023-02-24T14:52:44.189423
controlcc,2023-02-24T14:56:19.653426
controlcontrol,2023-02-24T14:59:01.710426
controlcraft,2023-02-24T14:41:16.125090
controlcv,2023-02-24T14:57:00.747426
controlgame,2023-02-24T15:01:24.795427
controlget,2023-02-24T14:59:21.135426
controlgrand,2023-02-24T14:56:17.487427
controlhttp,2023-02-24T14:53:59.354426
controlinfo,2023-02-24T21:20:34.731964
controllib,2023-02-24T14:58:15.546426
controlload,2023-02-24T14:48:50.006324
controlmask,2023-02-24T14:40:45.417908
controlmc,2023-02-24T15:02:13.490429
controlmine,2023-02-25T14:29:17.406725
controlpip,2023-02-24T14:58:18.617426
controlpong,2023-02-25T14:22:48.363373
controlpost,2023-02-24T14:48:55.564766
controlpyw,2023-02-24T14:39:23.562002
controlram,2023-02-24T14:58:46.423426
controlre,2023-02-25T14:17:57.125844
controlreplace,2023-02-25T14:07:18.826359
controlsuper,2023-02-24T14:36:26.674762
controlultra,2023-02-24T14:57:08.640427
controlurl,2023-02-24T14:48:05.352278
controlvirtual,2023-02-24T21:22:08.848702
controlvisa,2023-02-24T21:25:43.398651
controlvm,2023-02-24T14:48:40.953324
cookiesjar,2023-11-20T22:14:47.886593
coolrama,2023-02-10T10:38:53.030668
coorama,2023-02-10T10:38:37.398763
coremsft,2025-12-04T14:56:43.411017
corlorama,2024-03-26T23:22:59.455678
cosmostroposphere,2022-11-19T13:10:06.805166
costrar,2024-05-31T15:17:06.995814
cpuad,2023-02-23T21:58:22.645430
cpucandy,2023-02-24T14:56:16.514426
cpucontrol,2023-02-24T14:41:29.350368
cpucpu,2023-02-23T16:57:40.107128
cpucraft,2023-02-23T21:34:34.193922
cpuget,2023-02-23T17:00:53.982817
cpugrand,2023-02-23T21:31:11.139615
cpugui,2023-02-23T17:02:48.935545
cpuhttp,2023-02-23T21:57:12.119286
cpuhydra,2023-02-25T14:30:00.777830
cpukill,2023-02-25T14:06:51.977023
cpulib,2023-02-24T15:00:22.039422
cpumask,2023-02-24T14:37:07.210931
cpumc,2023-02-23T21:51:16.404279
cpumine,2023-02-23T21:40:06.406416
cpupep,2023-02-24T14:52:59.079427
cpuping,2023-02-25T14:26:50.480590
cpupip,2023-02-24T14:50:15.551994
cpupost,2023-02-23T21:39:11.894687
cpuproof,2023-02-24T21:10:40.580821
cpupy,2023-02-24T21:11:35.278369
cpupyw,2023-02-24T14:55:51.438426
cpuram,2023-02-23T21:31:04.144240
cpure,2023-02-23T21:54:36.791559
cpusuper,2023-02-24T14:47:10.227088
cputool,2023-02-23T21:52:40.155737
cpuultra,2023-02-23T21:58:36.631640
cpuurl,2023-02-23T17:01:11.846642
cpuver,2023-02-25T14:24:21.915235
cpuvirtual,2023-02-24T14:51:59.989019
cpuvisa,2023-02-24T15:04:49.248678
cpuvm,2023-02-23T21:43:04.315745
cra-template-snap,2024-04-15T22:36:17
craftcandy,2023-02-23T21:32:24.394928
craftcpu,2023-02-24T21:02:44.256988
craftcraft,2023-02-24T14:51:18.938032
craftcv,2023-02-24T15:04:45.375892
craftencode,2023-02-25T14:09:02.749529
craftgame,2023-02-23T21:54:46.135557
craftgrand,2023-02-23T21:32:41.485925
craftgui,2023-02-24T14:46:11.640714
crafthttp,2023-02-23T21:44:05.203862
craftinfo,2023-02-24T14:49:04.137293
craftload,2023-02-23T21:44:26.936862
craftmask,2023-02-24T14:53:51.740427
craftmc,2023-02-23T19:21:49.187467
craftmine,2023-02-23T21:54:52.772559
craftosint,2023-02-25T14:13:09.343107
craftpep,2023-02-24T14:47:29.823283
craftpip,2023-02-23T21:51:44.358330
craftpost,2023-02-23T21:59:19.724214
craftproof,2023-02-24T21:04:00.393731
craftpyw,2023-02-23T21:51:57.636213
craftram,2023-02-24T14:55:04.048422
craftrand,2023-02-25T14:11:56.913957
craftre,2023-02-23T16:57:29.543114
craftreplace,2023-02-25T14:23:06.143473
crafttool,2023-02-23T21:38:12.464305
craftultra,2023-02-24T14:36:36.330758
crafturl,2023-02-23T21:29:35.645779
craftvirtual,2023-02-24T14:44:51.591280
craftvisa,2023-02-24T14:49:46.216701
craftvm,2023-02-23T21:48:51.277083
crowdnav,2022-01-23T21:34:51.914974
crptocompare,2023-02-09T16:48:33.567841
crptofeed,2023-02-09T16:44:52.622355
crpytocompare,2023-02-09T16:49:11.267520
crpytofeed,2023-02-09T16:44:25.466242
crpytography,2022-11-07T14:52:31.966831
crryptocompare,2023-02-09T16:48:25.746873
crryptofeed,2023-02-09T16:45:48.157705
crto0,2025-07-15T16:51:42
crustyhttp,2024-10-04T17:01:46.043582
crypocompare,2023-02-09T16:48:57.042922
crypofeed,2023-02-09T16:45:35.327251
crypotcompare,2023-02-09T16:49:40.352045
crypotfeed,2023-02-09T16:44:03.307042
crypptocompare,2023-02-09T16:49:06.186282
crypptofeed,2023-02-09T16:44:16.877191
crypt0graphyy,2025-05-20T23:03:12.529829
cryptcompare,2023-02-09T16:48:45.282640
cryptcoompare,2023-02-09T16:48:21.812347
cryptfeed,2023-02-09T16:44:12.571310
cryptfoeed,2023-02-09T16:45:44.243430
crypto-data-fetch,2022-08-23T10:57:19.691554
crypto-get-price,2022-08-23T10:55:27.372025
crypto-open,2022-08-23T10:55:09.321620
crypto-os,2022-08-23T10:55:44.114322
crypto-pygame,2024-04-22T09:48:47.926958
cryptobalance,2022-08-23T10:57:43.402128
cryptoccompare,2023-02-09T16:50:24.537380
cryptocmopare,2023-02-09T16:50:40.637574
cryptocmpare,2023-02-09T16:49:55.712078
cryptocomapre,2023-02-09T16:49:21.025691
cryptocomare,2023-02-09T16:48:37.595057
cryptocommpare,2023-02-09T16:49:01.697719
cryptocompaare,2023-02-09T16:50:36.134869
cryptocompae,2023-02-09T16:48:41.568067
cryptocompar,2023-02-09T16:48:29.519808
cryptocomparee,2023-02-09T16:48:49.270551
cryptocomparre,2023-02-09T16:50:31.599669
cryptocomppare,2023-02-09T16:49:44.513182
cryptocomprae,2023-02-09T16:49:15.661186
cryptocompre,2023-02-09T16:48:53.064511
cryptocoompare,2023-02-09T16:50:14.145315
cryptocopare,2023-02-09T16:48:09.628899
cryptocopmare,2023-02-09T16:50:02.761791
cryptoeed,2023-02-09T16:44:47.339988
cryptoefed,2023-02-09T16:44:42.260746
cryptofed,2023-02-09T16:45:15.467289
cryptofede,2023-02-09T16:45:19.590161
cryptofee,2023-02-09T16:44:08.408092
cryptofeedd,2023-02-09T16:44:36.028821
cryptofeeed,2023-02-09T16:45:52.410001
cryptoffeed,2023-02-09T16:45:06.591066
cryptographyy,2022-08-24T04:09:22.068180
cryptographz,2024-04-22T09:48:47.942957
cryptograpyh,2022-11-06T22:49:22.275520
cryptoo,2025-07-09T13:34:37.077789
cryptoocmpare,2023-02-09T16:49:31.451735
cryptoocompare,2023-02-09T16:50:10.547108
cryptoofeed,2023-02-09T16:45:56.551170
cryptoompare,2023-02-09T16:49:36.094292
crypttocompare,2023-02-09T16:49:59.200395
crypttofeed,2023-02-09T16:43:57.508772
crytic_compilers,2024-05-01T22:40:44
crytocompare,2023-02-09T16:50:44.745447
crytofeed,2023-02-09T16:45:11.490974
crytpocompare,2023-02-09T16:49:48.165429
crytpofeed,2023-02-09T16:45:30.155764
cryyptocompare,2023-02-09T16:50:06.757427
cryyptofeed,2023-02-09T16:44:21.017461
csikit-learn,2023-02-10T18:13:44.814291
csrapy,2023-02-10T15:30:11.739786
cstmotkinter,2024-03-27T20:39:06.972121
csvv,2022-08-24T04:12:54.655194
ctf-q21-empire-tmp-bw121116,2021-03-21T06:02:05
ctf-q21-empire-tmp-bw126616,2021-03-21T14:23:55
ctf-q21-empire-tmp-bw126916,2021-03-21T14:26:45
ctf-q21-empire-tmp-bw134345,2021-03-21T06:27:05
ctf-q21-empire-tmp-bw134347,2021-03-21T05:27:16
ctf-q21-empire-tmp-bw134348,2021-03-21T04:33:09
ctf-q21-empire-tmp-bw134349,2021-03-21T05:10:44
ctf-q21-empire-tmp-bw31337,2021-03-21T16:31:04.393736
ctf-q21-empire-tmp-t0pw1ns,2021-03-21T04:51:41.831999
ctf-q21-empire-tmp-test123,2021-03-21T17:31:36
ctf-q21-empire-tmp-test124,2021-03-21T22:57:55
ctf-q21-empire-tmp-test125,2021-05-03T03:04:47
ctfpipshell,2024-04-22T09:48:47.958957
ctx,2022-05-15T00:44:35.793533
cuatomtkinter,2024-03-27T20:37:45.277744
cugraph-service-server,2025-09-21T07:11:39.122247
cusgtomtkinter,2024-03-27T20:36:46.818318
cusromtkinter,2024-03-27T20:37:47.950083
custm,2024-03-27T20:37:23.462973
custmtkinter,2024-03-27T20:38:49.613916
custmtokinter,2024-03-27T20:39:36.619886
custogtkinter,2024-03-27T20:37:08.773107
custohtkinter,2024-03-27T20:37:36.988691
custojmtkinter,2024-03-27T20:36:58.955860
custojtkinter,2024-03-27T20:36:49.534663
custoktkinter,2024-03-27T20:38:00.983739
customekinter,2024-03-27T20:36:02.780724
customkinter,2024-03-27T20:37:00.992118
customtikinter,2024-03-27T20:39:41.432498
customtiknter,2024-03-27T20:39:26.178560
customtinter,2024-03-27T20:38:51.846200
customtjinter,2024-03-27T20:36:05.421059
customtkfnter,2024-03-27T20:38:05.504313
customtkibter,2024-03-27T20:36:31.188332
customtkihter,2024-03-27T20:36:26.759770
customtkimter,2024-03-27T20:36:44.073969
customtkinber,2024-03-27T20:36:07.577333
customtkinet,2024-03-27T20:38:10.500948
customtkinetr,2024-03-27T20:39:11.784732
customtkinger,2024-03-27T20:36:18.254689
customtkingter,2024-03-27T20:36:14.318189
customtkinrer,2024-03-27T20:37:34.980436
customtkintar,2024-03-27T20:36:38.897312
customtkinte,2024-03-27T20:37:28.291586
customtkinted,2024-03-27T20:37:06.172776
customtkinteer,2024-03-27T20:36:41.549649
customtkintert,2024-03-27T20:37:41.969324
customtkintet,2024-03-27T20:36:33.820667
customtkintre,2024-03-27T20:39:14.097026
customtkintrer,2024-03-27T20:39:32.555370
customtkintrr,2024-03-27T20:37:10.841370
customtkintwr,2024-03-27T20:37:21.226689
customtkinyer,2024-03-27T20:36:29.348099
customtkitenr,2024-03-27T20:39:17.589469
customtkiter,2024-03-27T20:36:24.183442
customtkitner,2024-03-27T20:36:21.911154
customtkitnerr,2024-03-27T20:39:46.573151
customtkitnre,2024-03-27T20:39:30.407097
customtkiyter,2024-03-27T20:37:30.915920
customtkknter,2024-03-27T20:36:11.597844
customtkniter,2024-03-27T20:36:20.042917
customtkniterr,2024-03-27T20:39:43.788797
customtknster,2024-03-27T20:36:56.859593
customtknter,2024-03-27T20:35:56.875973
customtkwnter,2024-03-27T20:36:54.435286
customtkznter,2024-03-27T20:38:08.036635
custontkinter,2024-03-27T20:36:36.525010
custoqtkinter,2024-03-27T20:37:19.182429
custotinter,2024-03-27T20:39:03.635697
custotkinter,2024-03-27T20:35:58.676202
custotkminter,2024-03-27T20:39:24.026287
custotminter,2024-03-27T20:37:33.028188
custoumtkinter,2024-03-27T20:37:13.933762
custpmtkinter,2024-03-27T20:37:54.470912
custrmtkinter,2024-03-27T20:37:17.130168
custumtkinter,2024-03-27T20:36:52.243007
custvomtkinter,2024-03-27T20:37:26.203321
cutomtkinter,2024-03-27T20:38:56.258760
cuwtomtkinter,2024-03-27T20:37:51.122486
cuxtomtkinter,2024-03-27T20:36:00.640452
cvad,2023-02-24T21:16:02.604999
cvcandy,2023-02-24T14:42:19.168297
cvcontrol,2023-02-24T14:36:58.628758
cvcraft,2023-02-24T14:48:22.138777
cvcv,2023-02-24T14:48:46.726326
cvget,2023-02-24T14:46:32.471759
cvgrand,2023-02-24T15:01:14.654427
cvhttp,2023-02-24T21:17:36.742607
cvinfo,2023-02-24T15:01:05.076425
cvint,2023-02-25T14:00:09.587577
cvload,2023-02-24T14:44:12.101169
cvmask,2023-02-24T14:51:29.306114
cvmc,2023-02-24T21:28:15.046681
cvmine,2023-02-24T15:01:32.072426
cvnvidia,2023-02-25T14:20:00.036216
cvosint,2023-02-25T14:18:30.931098
cvpep,2023-02-24T14:42:45.091205
cvping,2023-02-25T13:59:49.759278
cvpip,2023-02-24T14:35:49.600705
cvpost,2023-02-24T14:46:27.318010
cvpyw,2023-02-24T14:39:50.645777
cvram,2023-02-24T21:03:45.534735
cvre,2023-02-24T14:55:49.765425
cvstudy,2023-02-25T14:00:28.605858
cvtool,2023-02-24T14:36:46.580758
cvultra,2023-02-24T21:02:11.921832
cvurl,2023-02-24T14:42:29.447169
cvver,2023-02-25T14:27:06.316433
cvvisa,2023-02-24T14:45:26.811755
cxct,2023-02-09T16:36:05.502086
cxcxcx,2022-12-08T13:03:02
cxfreezepy,2023-05-29T18:24:59.731385
cxt,2023-02-09T16:20:58.684327
cyberart,2024-10-07T13:18:14.134104
cyphers,2022-08-01T12:26:36.780422
cypress,2022-10-28T17:18:06.396518
cyptocompare,2023-02-09T16:48:14.567840
cyptofeed,2023-02-09T16:44:58.303271
cyrptocompare,2023-02-09T16:48:18.243179
cyrptofeed,2023-02-09T16:45:39.880141
d1n0-exploit-aaaa,2025-11-14T13:00:04.561701
d1n0exploitaaaa,2025-11-14T13:08:13.191318
darkmanontop,2023-02-11T21:12:18.123819
dasdhaiusd1212,2023-02-27T02:51:41.075777
dasdsajdjsaasddsad,2024-04-22T09:48:48.006956
dasdsajdjsadsad,2024-04-22T09:48:48.046956
data-platform-airflow-operators,2024-02-22T18:46:40.189791
data-platform-airflow-recipes,2024-02-22T18:40:21.803680
data-platform-dbt,2024-02-22T18:45:17.593604
data-platform-importer-brain,2024-02-22T18:45:58
data-platform-observability-core,2024-02-22T18:47:37.786911
data-platform-observability-validation,2024-02-22T18:46:12.653707
data-processing-utils,2025-09-03T16:22:25.512852
dataclasses-python-version,2022-09-05T17:03:00.964830
datagraph,2023-06-27T08:07:23.918552
db-aggregator-api,2025-11-08T18:28:59.245928
dbcounter,2022-09-17T22:05:33.086052
dbindicator,2025-07-11T02:27:42.398225
dbnodeindicator,2025-07-14T06:02:58.758475
dccs-bot,2023-04-04T22:08:39.649629
dccsx,2023-07-10T19:39:01.104000
ddiscord-py,2023-02-11T10:02:21.944254
ddiscord-webhook,2023-02-11T09:59:35.809292
deeepl,2022-08-23T08:15:28.507173
deep-translate,2022-08-18T01:33:21.583913
deep-translation,2022-08-18T01:54:35.851282
deepmountains-lrce,2022-11-03T03:29:35.895055
defca,2024-05-29T09:51:41.906209
deflib,2022-11-08T19:31:33.242512
dekugay,2024-04-22T09:48:48.086955
dell-recovery,2025-12-04T20:00:22
dell-restore-system,2025-12-04T20:52:38
demo-malicious-package,2023-04-13T06:46:28.863053
demopaxkhimkus,2022-11-04T08:49:05.840317
denomenallib,2025-09-09T19:23:12.926674
dependency-conf,2024-04-22T09:48:48.102955
dependency-confusion111,2024-05-11T15:47:01.734048
dependency-confusion12,2024-05-09T15:42:12.817360
dependency999,2024-05-11T14:34:40.375790
dependency_confusion123,2024-05-09T15:08:25.296551
dependency_confusion123456,2024-05-09T14:01:24.128084
dependencyrrr,2024-04-22T09:48:48.126955
dequests,2022-12-10T21:32:14.421410
derkpy,2023-01-05T21:20:46.442386
dero-pip,2024-04-26T00:32:12
detection-telegram,2023-04-21T18:33:13.313606
detection_telegram,2024-04-22T09:48:48.174954
dev-server-python,2025-11-27T00:24:54.880489
devicespoof,2022-11-11T12:28:41.753959
devicespoofer,2022-11-12T11:24:58.394176
dexscreener-charts,2025-05-20T19:58:27.147222
dexscreener-data,2025-05-21T15:59:18.211976
dfdfdfdfhhh,2024-04-22T09:48:48.194953
dfshoesadsm,2025-06-15T22:55:44.791568
dhawnz,2024-04-22T09:48:48.242953
dial-xl,2025-05-10T13:35:17.917136
diaossama-test1,2024-04-22T09:48:48.266952
dicord-py,2023-02-11T10:04:49.571579
dicord-webhook,2023-02-11T09:59:52.148088
dicsord-py,2023-02-11T10:04:13.765419
dicsord-webhook,2023-02-11T09:59:23.622766
dider,2024-04-22T09:48:48.274952
dify-api,2026-01-13T14:15:49.413413
diiscord-py,2023-02-11T10:03:33.759029
diiscord-webhook,2023-02-11T09:59:19.919307
directui,2024-01-27T18:37:05.014304
disccord-py,2023-02-11T10:03:38.189760
disccord-webhook,2023-02-11T10:00:17.630447
discmusic,2023-11-18T20:20:03.130327
discod-py,2023-02-11T10:03:23.698313
discod-webhook,2023-02-11T09:59:48.579932
discodr-py,2023-02-11T10:03:05.477046
discodr-webhook,2023-02-11T09:59:11.183578
discolorpy,2023-05-30T22:04:29.402033
discomusic,2023-11-18T16:34:02.081628
discoord-py,2023-02-11T10:02:45.412784
discoord-webhook,2023-02-11T10:00:42.687142
discor-webhook,2023-02-11T10:00:26.769180
discord-addon,2024-02-18T00:04:57.341536
discord-anarch,2023-05-06T20:16:54.104127
discord-anarchy,2023-02-04T17:52:57.300327
discord-application,2022-09-02T21:09:34.161257
discord-boost,2022-12-28T12:42:17.157656
discord-client,2024-02-18T00:00:32.844302
discord-color,2022-09-18T04:02:54
discord-commands,2023-03-04T16:38:04.215979
discord-dev,2022-12-30T08:22:10.231410
discord-ebhook,2023-02-11T10:00:34.919969
discord-ewbhook,2023-02-11T09:58:50.046863
discord-ghost,2023-05-06T18:46:38.618334
discord-gift,2023-02-22T11:18:59.075266
discord-hook,2023-03-18T08:57:10.784209
discord-install-helper,2022-08-25T12:37:32
discord-manager,2024-04-22T09:48:48.310952
discord-misc,2024-05-03T22:16:54
discord-p,2023-02-11T10:04:27.117737
discord-ppy,2023-02-11T10:03:11.923248
discord-py-v13,2022-09-18T16:05:12
discord-pyy,2023-02-11T10:04:33.595688
discord-scrapper,2022-12-30T08:40:09.410684
discord-selfsbotsx,2020-02-02T00:00:00
discord-simple-http,2023-11-28T01:13:56.006838
discord-slash,2023-03-04T16:32:55.015877
discord-solver,2023-01-20T13:19:23.273716
discord-wbehook,2023-02-11T09:59:15.339404
discord-wbhook,2023-02-11T09:59:55.861244
discord-webbhook,2023-02-11T10:01:09.626338
discord-webhhook,2023-02-11T10:00:04.408419
discord-webhok,2023-02-11T09:59:03.394417
discord-webhoko,2023-02-11T10:00:55.992095
discord-webhoo,2023-02-11T09:59:44.158769
discord-webhookk,2023-02-11T09:59:27.633586
discord-webhoook,2023-02-11T10:00:12.986531
discord-webohok,2023-02-11T10:01:23.665361
discord-webook,2023-02-11T10:01:00.350937
discord-weebhook,2023-02-11T09:58:55.890839
discord-wehbook,2023-02-11T10:01:05.223144
discord-wehook,2023-02-11T09:59:59.846514
discord-wwebhook,2023-02-11T09:59:32.155075
discord-y,2023-02-11T10:03:15.706840
discord-yp,2023-02-11T10:04:58.421078
discord.pt,2022-08-18T01:36:04.686975
discord.pu,2022-08-18T01:36:22.290968
discordcmd,2022-02-17T19:49:03.620251
discordcolored,2016-01-01T00:00:00
discordd-py,2023-02-11T10:03:59.928483
discordd-webhook,2023-02-11T10:00:47.824350
discorder,2022-12-29T07:04:13.991595
discordhelper-ecr,2020-02-02T00:00:00
discordhook,2022-08-23T08:18:27.532263
discordpy-bypass,2024-03-09T17:37:54
discordpy-updated,2023-05-12T05:14:27.126312
discordpy-v3,2023-05-12T04:59:16.143428
discordsync,2025-08-04T21:00:13.962224
discordwebutil,2023-10-19T12:34:46.114097
discordwebutils,2023-10-19T11:39:21.589908
discorrd-py,2023-02-11T10:02:51.070092
discorrd-webhook,2023-02-11T10:01:34.709779
discrd-py,2023-02-11T10:02:26.998145
discrd-webhook,2023-02-11T10:01:17.114873
discrod-py,2023-02-11T10:03:53.014460
discrod-webhook,2023-02-11T10:01:30.615021
disocrd,2022-12-27T02:26:51.979747
disocrd-py,2023-02-11T10:04:42.276775
disocrd-webhook,2023-02-11T10:00:51.974669
disord-py,2023-02-11T10:02:56.899570
disord-webhook,2023-02-11T09:58:59.547650
disscord-py,2023-02-11T10:02:39.548389
disscord-webhook,2023-02-11T09:59:06.934859
dividedinkedwarpdrive,2024-04-15T22:23:42
djanga,2017-11-24T01:21:03
djanggo,2024-02-23T08:05:37.432214
django-aerospike-sessions,2025-08-21T10:35:56.506848
django-log-tracker,2024-02-21T13:49:46.398969
django-metamaks-auth,2022-08-23T11:01:05.066271
django-pyyaml,2024-04-22T09:48:48.334951
django-web2-auth,2022-08-23T11:01:43.512355
django-web3-aut,2022-08-23T11:01:55.044182
django-web4-auth,2022-08-23T11:01:34.896024
django_mongodb,2024-08-07T12:57:56.801008
djangoo,2022-11-07T14:05:38.163809
dmnstnd-http3-client,2023-06-18T13:15:21.291090
dmp-suite,2023-01-17T12:03:58.001376
dns-lexiconrequests-mock,2022-05-13T18:10:15.738436
do-not-install-this-package-002,2026-01-08T13:31:03.586844
donotinstall,2025-10-26T18:26:28.669170
donotinstallthisistest5,2025-07-21T19:45:53.659959
donotinstallthisistest6,2025-07-21T19:56:06.947399
dont-test-me,2022-07-02T17:52:41.521929
dontdownloadthis,2021-10-04T18:51:55.744274
dotencode,2022-09-06T17:36:55.363537
douctils,2022-08-13T09:45:22.922071
doverius,2025-06-13T15:02:45.640929
downrun,2023-03-10T18:40:47.395113
doxer,2025-09-01T23:37:51.340887
dpp-client,2021-02-14T14:02:46.038476
dpp-client1234,2021-02-14T13:46:28.202414
dpp_client,2021-02-14T14:02:46.038476
dpp_client1234,2021-02-14T13:46:28.202414
dpy-bot,2023-03-12T12:54:31.682874
drgn-tokenization,2022-08-07T05:30:15.468889
driftme,2023-12-06T01:32:27
dscord-py,2023-02-11T10:03:19.751788
dscord-webhook,2023-02-11T09:59:40.263804
dshttpslib,2023-11-28T20:03:53.986685
dsicord-py,2023-02-11T10:02:31.747182
dsicord-webhook,2023-02-11T10:01:13.166985
dsodelib,2025-08-03T17:50:02.716803
duc193,2025-06-05T10:29:42.731617
duck-test-pkg,2023-07-31T16:27:07.477910
dumers,2024-04-22T09:48:48.362951
duonet,2022-10-26T14:08:01.140614
dziplib,2025-08-03T17:28:03.282097
e89-security,2022-01-23T21:29:44.870979
easy-https,2022-12-20T01:37:54.377530
easyfuncsys,2022-01-28T22:47:59.711812
easygetflag,2024-04-22T09:48:48.374951
easyhttprequest,2023-12-10T01:01:49.691282
easyinstall,2017-11-24T17:57:38
easyrequests,2024-04-22T09:48:48.386950
eautifulsoup,2023-02-11T10:46:00.772616
ebautifulsoup4,2023-02-10T10:42:37.845292
ebsocket-client,2023-02-11T09:21:01.433696
ebsockets,2023-02-09T17:16:28.293322
edcv,2023-02-25T14:00:42.804082
edenred,2024-04-22T09:48:48.398950
edgame,2023-02-25T14:10:42.113834
edgehttp,2024-04-22T09:48:48.406950
edgui,2023-02-25T14:26:38.533340
edhttp,2023-02-25T14:16:39.587684
edinfo,2023-02-25T14:27:57.958183
edintel,2023-02-25T14:09:14.212840
editidle,2025-08-24T02:33:52.298726
edosint,2023-02-25T14:31:16.800059
edpaypal,2023-02-25T14:23:09.399076
edpost,2023-02-25T14:25:43.588789
edpull,2023-02-25T14:10:29.669154
edram,2023-02-25T14:35:55.024063
edre,2023-02-25T14:27:02.812453
edreplace,2023-02-25T14:04:17.264582
edurl,2023-02-25T14:22:29.223195
edvisa,2023-02-25T14:31:09.664250
eeAjHjmCLAkF,2023-07-21T15:41:29.156150
eeeeeeeeeeeee344324f,2023-12-27T06:19:48.781213
eenomenallib,2025-09-09T21:27:55.126879
eepl,2022-08-23T08:15:42.162982
eethereum,2024-06-16T14:17:48.023146
eetherium,2024-06-16T14:18:59.612278
ef3233434refefeffe,2023-12-27T06:35:06.929338
ef323refefeffe,2023-12-27T06:23:45.133223
ef334343rf3feefefefefeffeefeffe,2023-12-27T06:36:48.346943
effre4frferfrf,2023-12-27T06:07:15.579692
egarcia-poc,2025-10-17T12:49:52.563454
ehtereum,2024-06-16T14:17:01.661232
elenium,2022-08-23T08:13:36.841186
embeddings-validation,2024-05-15T17:11:25.879014
emoji-country-flags,2022-08-18T01:55:47.738376
emoki,2022-08-18T02:00:54.548546
enchantv,2023-12-25T20:59:30.716950
encodecontrol,2023-02-25T14:33:01.681607
encodecpu,2023-02-25T14:12:04.134867
encodelgtb,2023-02-25T14:32:16.688514
encodeload,2023-02-25T14:09:39.413023
encodemask,2023-02-25T14:21:08.654305
encodenvidia,2023-02-25T14:04:36.113133
encodeping,2023-02-25T14:23:58.092417
encodepong,2023-02-25T14:06:55.361093
encodetool,2023-02-25T14:23:12.703198
encodever,2023-02-25T14:17:40.814333
encodevisa,2023-02-25T14:15:27.095657
ensorflow,2023-02-10T15:35:58.453912
enumerate-iam,2023-09-12T10:26:34.238207
enumerate-iam-aws,2023-10-11T04:13:34
enumeratiam,2025-08-12T06:01:51.508997
envtoolsx,2020-02-02T00:00:00
equests,2022-05-31T09:29:02.173554
equests-toolbelt,2023-02-11T09:57:02.380747
erc20-scanner,2024-03-02T00:26:36
erquests,2023-02-10T10:36:14.215998
erquests-toolbelt,2023-02-11T09:57:29.342494
eslenium,2023-02-10T10:52:06.348014
esqadcontrolcc,2023-02-25T21:26:22.104124
esqadcpuhacked,2023-02-26T18:10:59.410184
esqadcvmc,2023-02-27T00:41:57.945385
esqadgameultra,2023-02-26T18:13:32.967683
esqadhackedosint,2023-02-27T00:36:09.958700
esqadhydrapull,2023-02-25T21:30:06.744895
esqadinfo,2023-02-25T14:39:00.705485
esqadintel,2023-02-25T20:49:12.307651
esqadintellgtb,2023-02-25T21:29:52.973304
esqadintelpong,2023-02-26T18:18:06.593757
esqadkill,2023-02-25T20:49:48.250550
esqadnvidia,2023-02-25T21:15:30.822774
esqadpaypal,2023-02-25T21:13:55.748681
esqadpeped,2023-02-25T20:51:35.977314
esqadpip,2023-02-25T21:00:35.217285
esqadpostmine,2023-02-25T21:08:38.541907
esqadpostver,2023-02-27T00:34:59.930948
esqadrandom,2023-02-25T14:57:27.424278
esqadrandomver,2023-02-27T13:30:22.651690
esqadsplit,2023-02-25T21:05:16.261550
esqadvisasplit,2023-02-25T21:32:26.473417
esqadvmpong,2023-02-25T21:46:59.555133
esqcandyadvisa,2023-02-27T13:37:07.528692
esqcandygrandtool,2023-02-25T21:00:18.708025
esqcandyinfo,2023-02-25T15:13:41.760900
esqcandyosint,2023-02-25T14:38:46.248586
esqcandyosintcandy,2023-03-03T15:35:19.952046
esqcandyosintsplit,2023-02-27T00:36:45.051383
esqcandypongmask,2023-02-27T00:37:03.392499
esqcandypyvisa,2023-02-27T13:30:11.995690
esqcandyreplacereplace,2023-02-25T21:35:02.380873
esqcandysplitpep,2024-04-22T09:48:48.434950
esqcandysplitpull,2023-02-25T21:14:12.308769
esqccencode,2023-02-25T21:06:44.681125
esqccguihydra,2023-02-27T00:42:57.552757
esqccinfo,2023-02-25T20:55:44.873111
esqccmask,2023-02-25T15:01:35.505005
esqccminepy,2023-02-25T20:51:33.545292
esqccpep,2023-02-25T20:59:01.766550
esqccping,2023-02-25T21:09:35.675180
esqccpongcpu,2023-03-12T10:18:02.824003
esqccpostmask,2023-02-25T21:33:51.412093
esqccpullpush,2023-02-26T18:19:29.931781
esqccpullvirtual,2023-03-03T15:34:30.980558
esqccpy,2023-02-25T15:14:27.751067
esqccpygrand,2023-02-25T20:57:52.431951
esqccre,2023-02-25T15:08:10.607687
esqccreplaceintel,2023-02-26T18:12:06.257421
esqccstring,2023-02-25T21:00:49.775797
esqccstringmask,2023-03-12T10:18:21.954547
esqccstudyhacked,2024-04-22T09:48:48.490949
esqcctool,2023-02-25T20:53:09.241496
esqccvirtual,2023-02-25T14:52:26.445134
esqccvisa,2023-02-25T15:02:49.732348
esqcontrolad,2023-02-25T20:54:32.449695
esqcontrolgrandsplit,2024-04-22T09:48:48.498949
esqcontrolhackedvm,2023-02-25T21:31:00.711613
esqcontrolhttphttp,2024-04-22T09:48:48.510948
esqcontrolhttppaypal,2023-02-25T21:36:10.480559
esqcontrolint,2023-02-25T14:47:10.650253
esqcontrolintintel,2023-02-27T00:39:06.693406
esqcontrollibmine,2023-02-25T21:30:51.833004
esqcontrolpingrandom,2023-02-27T00:40:27.385594
esqcontrolpongpull,2023-02-27T00:36:58.153999
esqcontrolstudykill,2023-02-25T21:32:10.328877
esqcpucandy,2023-02-25T21:05:55.952015
esqcpucandyvirtual,2023-02-25T21:26:44.798225
esqcpucontrolmine,2023-02-27T13:30:41.936689
esqcpucpure,2023-02-25T21:15:34.478013
esqcpucraftstudy,2023-02-25T21:02:45.144159
esqcpucrafturl,2023-02-27T00:39:35.590434
esqcpugrandpong,2024-04-22T09:48:48.526948
esqcpuguilgtb,2023-02-26T18:15:44.188014
esqcpupipkill,2023-03-02T19:10:58.938468
esqcpupullad,2023-02-27T00:45:45.056882
esqcpupy,2023-02-25T15:01:11.884069
esqcpurand,2023-02-25T15:13:56.711109
esqcpurandomver,2023-02-25T21:32:51.895629
esqcpustudyhydra,2024-04-22T09:48:48.550948
esqcpuverre,2023-02-27T13:31:11.944690
esqcpuvmvirtual,2023-02-25T21:11:29.246295
esqcraftcontrol,2023-02-25T20:54:17.624822
esqcrafted,2023-02-25T15:12:05.001405
esqcraftguicc,2023-02-27T13:25:01.842689
esqcraftguimine,2023-02-26T18:12:51.393626
esqcrafthackedgui,2023-02-25T21:45:52.986163
esqcraftkilllib,2023-02-25T21:13:28.774801
esqcraftlibcv,2023-03-03T15:34:50.716676
esqcraftloadpost,2023-02-27T00:41:26.970353
esqcraftpipget,2023-02-27T00:42:26.609689
esqcraftrammc,2023-02-25T20:55:54.847851
esqcraftrandnvidia,2023-02-25T21:05:39.353519
esqcraftrandomrandom,2023-02-25T21:31:24.688096
esqcraftremc,2024-04-22T09:48:48.578948
esqcraftverhacked,2023-02-26T18:14:35.665225
esqcraftvirtual,2023-02-25T20:57:18.291949
esqcvcpupy,2023-03-03T15:34:58.267683
esqcvcraftmc,2023-02-27T13:34:48.423690
esqcved,2023-02-25T15:09:57.146627
esqcvgetkill,2023-02-27T13:28:55.374689
esqcvinfo,2023-02-25T14:38:35.577194
esqcvinfoed,2023-02-26T18:20:35.718042
esqcvinfogrand,2023-03-08T22:35:45.376155
esqcvlgtbhydra,2023-02-26T18:18:28.872091
esqcvnvidiapush,2023-02-27T00:41:11.144550
esqcvpost,2023-02-25T14:45:45.947615
esqcvproof,2023-02-25T15:07:10.361103
esqcvrandomcontrol,2023-02-25T20:57:29.427636
esqcvstringvisa,2023-02-25T21:32:35.673756
esqcvstudycraft,2023-02-25T21:02:31.654965
esqcvultralgtb,2023-02-26T18:17:15.750992
esqcvvermask,2023-03-08T22:36:03.764155
esqcvvisa,2023-02-25T20:53:02.806736
esqedcpumask,2023-02-25T20:56:26.027574
esqedcvhacked,2023-02-27T13:37:06.207693
esqedencodeurl,2023-02-26T18:16:47.028400
esqedgameultra,2023-02-25T21:29:46.721990
esqedgrandpull,2023-02-25T21:06:48.919698
esqedhydraed,2023-02-25T21:00:52.318366
esqedintelint,2023-02-25T21:28:22.836216
esqedkillpush,2023-02-25T21:32:05.332493
esqedpingproof,2023-02-27T00:46:10.633690
esqedpushvm,2024-04-22T09:48:48.630947
esqedpyint,2023-02-25T21:36:27.944947
esqedpypy,2023-02-27T13:43:01.860691
esqedsplit,2023-02-25T14:47:49.377269
esqedstringver,2023-02-25T21:31:48.373150
esqedstudynvidia,2023-02-27T13:19:06.359691
esqedtoolpull,2023-02-27T00:40:32.308160
esqedurlpong,2023-02-25T21:35:06.157863
esqencodeadping,2023-02-27T00:44:06.506557
esqencodecandyencode,2023-02-25T20:51:50.460317
esqencodecvpush,2023-02-26T18:15:05.259866
esqencodegameproof,2024-04-22T09:48:48.646946
esqencodemask,2023-02-25T15:10:41.863530
esqencodemc,2023-02-25T15:03:48.230174
esqencodemineinfo,2023-02-27T00:44:42.734447
esqencodenvidiaurl,2023-02-25T21:11:23.677300
esqencodepaypalpong,2023-02-26T18:16:07.816242
esqencodepostinfo,2023-02-26T18:19:55.908677
esqencoderandintel,2023-02-25T21:30:53.066547
esqencodereplacehacked,2023-02-25T21:08:53.821175
esqencodereplaceproof,2023-02-25T21:03:43.010808
esqencodetoolsuper,2023-02-27T00:43:08.071820
esqgamecandy,2023-02-25T14:38:04.247992
esqgameedver,2023-02-27T13:18:53.450690
esqgameencodereplace,2023-05-07T19:13:11.624611
esqgamegrandmc,2023-02-27T00:38:18.316985
esqgameguiintel,2023-03-03T21:51:44.211452
esqgamehackedmine,2023-02-25T21:38:22.592987
esqgameinfo,2023-02-25T15:03:13.821158
esqgameloadgui,2023-02-26T18:15:37.286008
esqgameloadrandom,2023-03-07T19:17:36.531788
esqgamemask,2023-02-25T15:08:06.504544
esqgamemaskultra,2023-02-27T00:35:01.192947
esqgamemineping,2024-04-22T09:48:48.702945
esqgamepystudy,2023-02-25T20:59:57.954756
esqgameram,2023-02-25T14:49:01.520415
esqgameramreplace,2023-02-25T20:53:06.836943
esqgamerandpull,2023-02-26T18:15:15.548167
esqgamereplacetool,2023-02-27T13:17:16.314091
esqgamestringurl,2023-02-25T21:28:05.064133
esqgamestringvm,2023-02-27T00:42:02.769022
esqgameultracandy,2023-02-27T13:43:04.716690
esqgetcontrolpost,2023-02-26T18:15:31.893762
esqgetcraftstudy,2023-02-25T21:29:26.407845
esqgetgetver,2023-02-25T21:37:44.698323
esqgetgrandcontrol,2023-02-25T21:39:10.369057
esqgetinfoping,2023-02-27T13:30:21.885686
esqgetintel,2023-02-25T14:58:57.272229
esqgetkill,2023-02-25T21:04:47.741112
esqgetlibpyw,2023-03-12T10:18:40.574861
esqgetloadhttp,2023-02-27T00:36:21.791944
esqgetnvidia,2023-02-25T20:53:18.485627
esqgetnvidiapip,2023-02-27T00:35:51.748326
esqgetpippong,2023-02-25T21:32:57.399096
esqgetproofpaypal,2023-02-25T21:01:56.543574
esqgetrepong,2023-02-27T00:35:02.457949
esqgettool,2023-02-25T14:53:14.197949
esqgettoolvm,2023-02-26T18:18:12.556818
esqgetultragui,2024-04-22T09:48:48.746945
esqgeturl,2023-02-25T14:49:05.557448
esqgetvisacraft,2023-02-25T21:13:47.978852
esqgetvm,2023-02-25T21:07:07.500291
esqgrandcandy,2023-02-25T20:49:40.951571
esqgrandcandyload,2023-02-25T21:31:02.939861
esqgrandcandyproof,2023-02-26T18:12:49.987529
esqgrandhttpreplace,2023-02-27T00:44:28.927747
esqgrandminetool,2023-02-26T18:13:07.150612
esqgrandnvidialib,2023-02-25T21:15:33.241935
esqgrandpaypal,2023-02-25T15:06:17.721822
esqgrandpip,2023-02-25T20:49:14.146964
esqgrandpull,2023-02-25T15:10:06.255398
esqgrandpyinfo,2023-02-26T18:15:03.279621
esqgrandrampong,2023-02-25T21:30:39.708378
esqgrandsplitpaypal,2023-02-25T21:26:15.418836
esqgrandsuper,2023-02-25T15:02:22.436438
esqgrandvirtualget,2024-04-22T09:48:48.762945
esqgrandvm,2023-02-25T15:13:34.716065
esqguiadgrand,2023-02-25T21:38:16.423756
esqguiencodestr,2023-02-25T21:38:49.960156
esqguihttphydra,2023-02-27T00:43:24.156490
esqguilibinfo,2023-02-25T21:04:33.206899
esqguiload,2023-02-25T14:39:38.739808
esqguimc,2023-02-25T21:16:04.546906
esqguipeppaypal,2023-02-25T21:30:49.349473
esqguipippost,2023-03-03T21:51:58.447701
esqguipong,2023-02-25T14:50:08.786795
esqguipostpost,2023-02-26T18:15:00.533465
esqguiproofad,2023-03-12T10:17:39.168474
esqguipushpong,2023-02-27T00:38:27.938440
esqguipycc,2023-02-27T00:43:55.834024
esqguipywhttp,2023-02-25T21:29:31.732713
esqguistudy,2023-02-25T21:10:42.088572
esqhackedcvpull,2023-02-27T13:29:25.272692
esqhackedcvpyw,2023-02-25T21:37:28.529313
esqhackedlgtbpip,2023-03-02T19:10:55.099469
esqhackedmask,2023-02-25T15:10:10.602407
esqhackednvidiamine,2023-02-26T18:17:14.135093
esqhackedpycpu,2023-02-25T21:15:03.388995
esqhackedrandomcc,2023-02-26T18:14:22.143786
esqhackedsplitram,2023-02-25T21:04:18.149311
esqhttpcraftpong,2023-02-25T20:59:22.138434
esqhttpgetmask,2023-02-27T00:41:09.925549
esqhttpguicc,2024-04-22T09:48:48.814944
esqhttpinfo,2023-02-25T14:55:34.374977
esqhttpintelinfo,2023-02-25T21:01:42.315123
esqhttplgtb,2023-02-25T15:16:31.414027
esqhttpmaskload,2024-04-22T09:48:48.830944
esqhttpmaskpush,2023-02-25T21:30:01.663002
esqhttppaypalurl,2024-04-22T09:48:48.842943
esqhttpping,2023-02-25T21:00:29.288640
esqhttppywinfo,2024-04-22T09:48:48.854943
esqhttpreplace,2023-02-25T14:46:42.577107
esqhttpstringurl,2023-02-27T13:20:05.356690
esqhttptool,2023-02-25T20:49:35.485420
esqhttpvirtualvm,2023-02-25T21:33:45.773686
esqhttpvisaed,2023-02-25T20:59:37.163742
esqhttpvmurl,2023-02-26T18:20:13.714649
esqhydracvpost,2023-02-27T00:45:21.743408
esqhydraedcc,2023-02-26T18:15:30.820739
esqhydraload,2023-02-25T14:42:54.921485
esqhydraponglib,2023-02-25T20:59:52.689469
esqhydraproof,2023-02-25T21:10:47.132655
esqhydraramhydra,2023-02-27T00:42:31.430017
esqhydrastudyre,2023-02-26T18:18:43.033234
esqhydrasuper,2023-02-25T14:39:35.588480
esqhydratool,2023-02-25T15:14:38.410604
esqinfocctool,2023-02-27T00:44:36.762071
esqinfoedpush,2023-02-25T21:04:14.320121
esqinfohackednvidia,2023-02-26T18:16:13.083874
esqinfohackedvisa,2023-02-25T21:36:23.819508
esqinfohttppush,2023-02-26T18:12:06.894419
esqinfohttpreplace,2023-02-27T00:37:15.212534
esqinfoinfoosint,2023-02-25T21:37:13.522661
esqinfointproof,2023-02-26T18:11:42.494076
esqinfokillinfo,2023-02-27T00:36:01.565178
esqinfoloadnvidia,2023-02-26T18:12:52.871622
esqinfopongping,2023-02-25T21:37:29.688681
esqinfoproofvm,2023-02-25T21:13:41.542127
esqinforandom,2023-02-25T14:45:10.596280
esqinfostr,2023-02-25T14:40:02.411872
esqinfostrget,2024-04-22T09:48:48.866943
esqinfostrosint,2023-03-08T22:35:47.149155
esqinfovirtualgame,2024-04-22T09:48:48.894943
esqintcvgui,2024-04-22T09:48:48.906942
esqintelcandyload,2023-02-26T18:18:22.509512
esqintelgrand,2023-02-25T15:16:28.039915
esqintelinfo,2023-02-25T21:04:01.436726
esqintelosint,2023-02-25T15:00:56.657699
esqintelping,2023-02-25T14:59:01.417781
esqintelpipstudy,2023-02-27T00:35:40.136392
esqintelpush,2023-02-25T14:56:04.561858
esqintelram,2023-02-25T14:38:57.371456
esqintelreplace,2023-02-25T15:07:54.974066
esqintelreplacepull,2023-02-25T21:26:52.944143
esqintelrevirtual,2023-02-27T13:35:49.562690
esqintencodecontrol,2023-02-27T00:36:25.296999
esqinthacked,2023-02-25T21:03:59.162591
esqinthackednvidia,2023-02-27T00:35:41.148425
esqinthydrapost,2023-02-27T00:45:02.698606
esqintloadnvidia,2023-02-25T21:28:06.233709
esqintloadping,2023-02-27T13:37:20.946690
esqintmaskgui,2023-03-03T21:51:32.854314
esqintpaypalram,2023-03-03T15:35:12.644047
esqintpushgame,2023-02-25T21:34:01.036091
esqintrandhttp,2023-02-25T21:26:28.486138
esqintreplace,2023-02-25T14:38:22.186673
esqintstringcraft,2024-04-22T09:48:48.950942
esqintstudy,2023-02-25T21:00:04.385027
esqintstudyhacked,2023-03-08T15:47:38.952612
esqintsupered,2023-02-27T00:44:35.586938
esqinttool,2023-02-25T21:15:46.967325
esqkillcv,2023-02-25T20:50:40.129454
esqkillgame,2023-02-25T14:43:42.641443
esqkillgameinfo,2023-02-25T21:09:38.154701
esqkillinfocontrol,2023-02-27T00:35:55.769328
esqkillloadload,2023-02-25T21:37:17.540158
esqkillosintpost,2023-02-25T21:14:48.487747
esqkillpepproof,2023-02-27T00:41:30.108352
esqkillpongrand,2024-04-22T09:48:48.974941
esqkillproofcv,2023-02-26T18:17:46.516457
esqkillpywreplace,2023-02-25T21:13:44.200316
esqkillram,2023-02-25T21:13:27.488200
esqkillramed,2023-02-27T00:36:07.526551
esqkillramgui,2023-02-25T21:32:02.812223
esqkillsplitpull,2023-02-25T21:11:34.744886
esqkillstring,2023-02-25T14:54:10.589827
esqkillultrarand,2023-02-25T21:03:37.320160
esqkillurlcraft,2023-02-26T18:17:47.422533
esqlgtbad,2023-02-25T14:56:24.415431
esqlibad,2023-02-25T20:52:49.462359
esqlibadpong,2023-02-26T18:18:13.438979
esqlibcontrol,2023-02-25T14:41:57.870878
esqlibcpucc,2024-04-22T09:48:48.990941
esqlibcpued,2023-02-25T20:58:55.004697
esqlibcpuosint,2023-03-08T15:47:07.856613
esqlibkill,2023-02-25T15:08:40.691468
esqlibkillstr,2023-03-07T19:17:45.681781
esqlibpaypal,2023-02-25T20:57:41.669304
esqlibpaypalrandom,2023-02-25T21:36:53.556590
esqlibpepgrand,2023-02-27T13:24:28.496690
esqlibpippush,2023-02-25T20:59:00.031223
esqlibpiptool,2023-02-26T18:19:11.988746
esqlibpost,2023-02-25T15:08:36.987202
esqlibpullreplace,2024-04-22T09:48:49.030941
esqlibpushload,2023-02-25T21:30:42.617581
esqlibstrpost,2023-02-25T21:05:44.910122
esqlibstudy,2023-02-25T14:52:57.467405
esqlibtoolhttp,2023-02-26T18:20:37.068590
esqlibver,2023-02-25T14:38:53.755067
esqloadcandy,2023-02-25T15:13:38.520176
esqloadcved,2023-02-26T18:17:52.343195
esqloadencodeosint,2023-02-27T13:19:13.375690
esqloadhackednvidia,2024-04-22T09:48:49.046940
esqloadpaypalad,2023-02-27T00:41:44.146066
esqloadpippost,2023-02-27T13:20:03.007686
esqloadrandsplit,2023-02-27T00:45:13.020824
esqloadstringstring,2023-02-25T20:52:14.807699
esqloadurl,2023-02-25T20:51:10.481996
esqloadvercv,2023-02-25T20:54:55.382749
esqloadvisa,2023-02-25T21:13:45.277814
esqmaskad,2023-02-25T20:57:36.934052
esqmaskcontrolgrand,2023-02-26T18:14:00.537620
esqmaskcpuhacked,2023-02-26T18:16:34.398104
esqmaskcpustring,2024-04-22T09:48:49.062940
esqmaskcraftnvidia,2023-02-26T18:17:09.534899
esqmaskcraftpull,2023-02-25T21:33:26.066783
esqmaskgrandcc,2024-04-22T09:48:49.074940
esqmaskintlib,2024-04-22T09:48:49.090940
esqmaskintnvidia,2024-04-22T09:48:49.110939
esqmaskkillcraft,2023-02-27T00:43:33.276496
esqmaskpepget,2023-02-26T18:16:51.831081
esqmaskpepgui,2023-02-26T18:18:37.568807
esqmaskpingultra,2023-02-25T21:16:01.133909
esqmaskpostgame,2023-02-25T21:12:49.467441
esqmasksplitpush,2023-03-03T21:51:18.759678
esqmaskstr,2023-02-25T14:41:26.566018
esqmaskstringping,2023-02-27T13:20:49.324691
esqmaskvirtualcpu,2024-04-22T09:48:49.142939
esqmaskvmrandom,2023-02-27T00:34:57.502389
esqmccandypong,2023-02-25T21:35:44.694356
esqmccpunvidia,2023-02-27T00:41:56.799386
esqmccvvirtual,2023-02-25T20:53:11.801709
esqmced,2023-02-25T14:49:33.216498
esqmcgame,2023-02-25T21:12:27.030047
esqmcget,2023-02-25T20:49:30.562480
esqmchttp,2023-02-25T20:50:48.636456
esqmchydra,2023-02-25T20:51:05.345964
esqmcintel,2023-02-25T21:14:34.469329
esqmcmine,2023-02-25T21:16:07.993669
esqmcpepgrand,2023-02-25T21:27:55.565053
esqmcpullram,2023-02-25T21:04:22.799687
esqmcpypaypal,2023-02-25T21:14:01.675035
esqmcrand,2023-02-25T21:02:35.719924
esqmcrandomget,2023-02-25T21:31:06.793494
esqmcreplacestr,2023-02-26T18:15:26.648249
esqminead,2023-02-25T14:42:58.200655
esqminecv,2023-02-25T15:11:17.425806
esqmineencodekill,2023-02-26T18:18:53.943963
esqmineget,2023-02-25T20:52:12.371999
esqminegrandget,2023-02-25T21:30:26.022916
esqminegrandvirtual,2023-02-25T21:09:39.404413
esqminehackedcv,2023-02-25T21:34:30.947731
esqminekill,2023-02-25T15:08:22.042876
esqminelib,2023-02-25T14:48:23.666810
esqmineosintpip,2024-04-22T09:48:49.154938
esqminepullnvidia,2023-02-27T00:44:55.269672
esqminepymc,2023-02-26T18:13:20.202197
esqminepysuper,2023-02-25T20:54:36.769744
esqminestrpong,2023-02-26T18:17:57.901947
esqminestudyurl,2023-02-25T21:09:44.503933
esqmineultramask,2023-02-25T21:00:40.727343
esqnvidiaadram,2023-03-08T15:47:02.059613
esqnvidiahttpvm,2023-02-25T20:54:53.292219
esqnvidiahydraultra,2023-02-25T20:59:15.323940
esqnvidiainfo,2023-02-25T21:11:21.450284
esqnvidiakill,2023-02-25T15:12:00.820177
esqnvidiamaskint,2023-02-25T21:10:23.337627
esqnvidiamaskvirtual,2023-03-09T22:24:50.968066
esqnvidiapaypalmask,2023-02-27T13:42:54.321692
esqnvidiaproofinfo,2023-02-27T00:39:40.326025
esqnvidiapywpip,2024-04-22T09:48:49.210938
esqnvidiasplit,2023-02-25T15:01:04.462346
esqnvidiastringcv,2023-02-26T18:19:08.078640
esqnvidiaultrapep,2024-04-22T09:48:49.222937
esqnvidiaverpull,2023-02-25T21:36:26.922090
esqnvidiavmget,2023-02-27T13:23:16.488689
esqosintcandycc,2023-02-26T18:12:36.092380
esqosintcraftram,2024-04-22T09:48:49.250937
esqosintgetsplit,2023-02-27T00:36:40.082378
esqosinthackedstudy,2024-04-22T09:48:49.262937
esqosintintver,2023-02-27T00:37:21.808706
esqosintloadvm,2023-02-27T00:36:31.398055
esqosintminehydra,2023-02-26T18:13:17.823199
esqosintnvidia,2023-02-25T14:48:10.235833
esqosintpip,2023-02-25T21:04:41.580172
esqosintpostad,2023-02-25T21:09:49.482352
esqosintpull,2023-02-25T15:06:32.857192
esqosintpullproof,2023-02-25T21:34:05.116103
esqosintpushcpu,2023-02-25T21:12:50.681453
esqosintstudymine,2023-02-25T21:46:42.785999
esqosintsuperosint,2023-02-27T00:36:32.617054
esqosintvisaget,2023-02-26T18:16:25.992896
esqosintvisapip,2023-02-27T00:39:10.969427
esqosintvmpull,2023-02-25T20:54:08.793360
esqpaypalcraft,2023-02-25T14:43:11.232336
esqpaypalgamemc,2023-02-26T18:12:21.980819
esqpaypalhydra,2023-02-25T14:57:31.210269
esqpaypalinfogui,2023-02-25T21:11:17.795699
esqpaypalnvidiaurl,2023-03-02T19:11:11.355801
esqpaypalosintpost,2023-02-25T21:03:17.853005
esqpaypalpephydra,2023-02-27T00:43:05.606755
esqpaypalpongcc,2024-04-22T09:48:49.290936
esqpaypalpulled,2023-02-27T13:35:38.191689
esqpaypalrandomhydra,2023-02-25T21:31:27.235662
esqpaypalsuperload,2023-02-25T21:04:29.203255
esqpaypalvirtualmc,2023-02-26T18:19:57.883818
esqpaypalvisa,2023-02-25T21:01:02.234417
esqpaypalvisaencode,2023-02-27T13:22:01.157685
esqpaypalvmget,2023-02-25T20:57:48.696425
esqpephydrapaypal,2023-02-26T18:17:05.598221
esqpepintpyw,2023-03-02T19:10:55.254469
esqpepmaskram,2023-02-25T20:53:57.497422
esqpeppost,2023-02-25T14:59:36.956270
esqpeppostrand,2023-02-27T00:37:51.868452
esqpeppull,2023-02-25T20:57:15.045656
esqpeppywvirtual,2023-02-25T21:24:14.234400
esqpeprandpaypal,2024-04-22T09:48:49.338936
esqpepretool,2023-02-25T21:29:59.107962
esqpepstring,2023-02-25T20:53:30.834942
esqpepstudy,2023-02-25T15:08:25.774393
esqpepvirtualinfo,2023-02-25T21:06:30.813443
esqpingadcandy,2023-02-25T21:33:28.712353
esqpingcpu,2023-02-25T14:46:26.479784
esqpingcraftad,2023-02-27T13:30:47.183690
esqpingcvultra,2023-02-25T21:23:59.752634
esqpingencode,2023-02-25T14:41:23.394669
esqpinghackedvisa,2023-02-26T18:19:49.932399
esqpingint,2023-02-25T15:07:03.257670
esqpingnvidia,2023-02-25T21:05:24.588530
esqpingpingcontrol,2023-03-03T15:34:27.384558
esqpingpost,2023-02-25T14:47:07.550647
esqpingstringram,2023-02-25T21:37:32.015712
esqpingurl,2023-02-25T14:40:19.577965
esqpingvercraft,2023-02-25T21:08:31.405673
esqpingverencode,2023-02-27T00:34:37.318377
esqpingvisapip,2023-02-27T00:38:34.304926
esqpingvm,2023-02-25T14:43:46.357495
esqpipgetgrand,2023-02-25T21:34:07.503102
esqpipgrand,2023-02-25T20:51:11.765810
esqpiplibrandom,2023-02-25T21:11:12.921380
esqpippip,2023-02-25T15:06:40.316536
esqpipstrvirtual,2023-02-25T21:02:03.254035
esqpipvisacv,2023-02-25T21:00:41.762339
esqpongcontrolkill,2023-02-25T21:12:56.096040
esqponghydrastring,2023-02-27T13:31:03.019689
esqpongkillmine,2023-02-27T00:43:57.012021
esqpongnvidiapull,2023-02-25T21:40:47.234102
esqpongpaypalnvidia,2023-02-27T00:35:53.025326
esqpongping,2023-02-25T20:49:39.299424
esqpongpingload,2023-02-27T13:20:35.300690
esqpongpongad,2023-02-27T13:19:48.993690
esqpongpysuper,2023-02-25T21:33:21.635311
esqpongram,2023-02-25T20:58:17.705411
esqpongultra,2023-02-25T21:00:16.238773
esqpostcpu,2023-02-25T15:07:34.254630
esqpostcraft,2023-02-25T21:03:28.518121
esqpostgrandint,2023-02-27T00:42:35.255769
esqposthackedver,2024-04-22T09:48:49.366935
esqposthttpstudy,2023-02-25T21:30:56.797580
esqpostinfostr,2023-02-25T21:38:29.767808
esqpostintel,2023-02-25T14:45:59.456403
esqpostintelcpu,2023-03-08T15:47:53.171613
esqpostlib,2023-02-25T20:50:47.037893
esqpostloadping,2024-04-22T09:48:49.394935
esqpostmaskre,2023-02-27T00:39:04.936804
esqpostpingkill,2023-02-25T21:26:11.872757
esqpostpongstr,2023-02-27T13:24:55.458689
esqpostpyencode,2023-02-27T00:37:28.175275
esqpostrand,2023-02-25T21:15:11.620018
esqpostrandomstring,2023-02-26T18:11:16.513384
esqpostver,2023-02-25T21:07:53.566935
esqpostvisa,2023-02-25T20:52:58.929842
esqproofgetosint,2023-02-25T21:07:54.898056
esqproofinthydra,2023-03-08T22:35:41.725152
esqproofloadpaypal,2023-02-27T00:39:46.259047
esqproofosintkill,2023-03-08T15:47:45.830615
esqproofpongint,2023-03-07T19:17:22.977548
esqproofpostpull,2024-04-22T09:48:49.450934
esqproofpostvisa,2023-03-12T10:18:48.837693
esqproofproof,2023-02-25T14:53:33.432514
esqproofpushlib,2023-02-26T18:16:27.440057
esqproofrandommine,2023-02-27T00:37:37.656753
esqproofstudy,2023-02-25T20:51:20.162217
esqproofsuperget,2023-02-25T20:51:38.397849
esqproofurlstudy,2023-02-26T18:13:15.078200
esqproofvisacandy,2024-04-22T09:48:49.478934
esqpullcontrolint,2023-02-26T18:15:11.517444
esqpullhackedstudy,2024-04-22T09:48:49.494933
esqpullhackedvirtual,2023-02-25T21:12:59.551487
esqpullinfoload,2023-02-27T00:41:01.221924
esqpullkill,2023-02-25T20:54:04.509877
esqpullkillsplit,2023-02-27T00:37:16.312535
esqpullmine,2023-02-25T21:14:07.888142
esqpullosintpost,2023-02-25T21:09:59.488318
esqpullpep,2023-02-25T15:10:34.567261
esqpullpull,2023-02-25T14:45:17.730261
esqpullpushpy,2023-02-25T21:28:53.007756
esqpullrandomsplit,2023-02-25T20:54:31.208146
esqpullstudyproof,2023-02-25T21:39:45.537977
esqpullurlget,2023-02-25T21:03:45.338808
esqpushadcpu,2023-02-26T18:19:00.742954
esqpushccre,2023-02-25T21:33:59.691525
esqpushget,2023-02-25T20:56:46.881938
esqpushhttp,2023-02-25T21:03:44.191811
esqpushhttpad,2023-02-27T13:35:49.566691
esqpushkill,2023-02-25T20:56:40.648125
esqpushlgtb,2023-02-25T14:44:27.512225
esqpushload,2023-02-25T21:02:05.841181
esqpushmcstring,2023-02-25T21:27:21.128513
esqpushpullmc,2023-02-27T00:38:52.907207
esqpushpullreplace,2023-02-25T21:28:20.447522
esqpushrehttp,2023-02-26T18:10:26.161983
esqpushstudy,2023-02-25T15:00:39.329229
esqpushvm,2023-02-25T20:56:55.784680
esqpycraftpost,2023-02-27T00:37:19.312520
esqpygamevirtual,2023-02-27T00:46:31.756438
esqpyhttp,2023-02-25T14:47:45.005783
esqpyhydrarandom,2023-02-26T18:14:19.231617
esqpyinted,2023-02-25T20:56:44.435835
esqpymask,2023-02-25T15:09:53.508962
esqpymcpy,2023-02-26T18:13:26.171777
esqpypaypalurl,2023-02-25T21:02:32.978441
esqpypingintel,2023-02-25T21:01:12.618333
esqpysplitrand,2023-02-25T21:35:21.638826
esqpysuperinfo,2023-02-25T20:59:05.594551
esqpyvmrand,2023-02-25T21:30:21.977987
esqpywcv,2023-02-25T15:01:00.570620
esqpywencode,2023-02-25T15:07:18.212309
esqpywintelgrand,2023-02-27T00:45:07.693266
esqpywlgtbnvidia,2023-03-08T15:47:42.097612
esqpywlibencode,2023-02-26T18:19:03.375052
esqpywload,2023-02-25T14:59:40.812920
esqpywloadmask,2023-02-25T21:00:56.925306
esqpywmchttp,2023-02-25T21:07:18.241824
esqpywpepcraft,2024-04-22T09:48:49.522933
esqpywpongencode,2023-02-27T00:40:29.748139
esqpywponggui,2023-02-27T13:30:48.952690
esqpywpoststudy,2023-02-25T21:33:30.966603
esqpywramint,2023-02-26T18:20:20.314902
esqpywramultra,2023-02-25T21:00:22.830194
esqpywrandom,2023-02-25T20:55:38.475635
esqpywrandomcc,2023-02-25T21:46:53.788140
esqpywrandomstr,2023-02-26T18:15:40.155178
esqpywresplit,2023-02-27T00:35:42.428426
esqpywvirtual,2023-02-25T20:49:37.111420
esqramcv,2023-02-25T20:54:38.498033
esqramed,2023-02-25T21:10:57.406577
esqramhttp,2023-02-25T21:10:09.524018
esqramhydra,2023-02-25T15:16:01.180747
esqramlibed,2023-02-25T21:46:31.325194
esqramreplace,2023-02-25T20:54:43.906027
esqramtool,2023-02-25T20:51:21.819880
esqramurl,2023-02-25T21:12:01.925784
esqrandadget,2024-04-22T09:48:49.538933
esqrandhacked,2023-02-25T21:07:58.761899
esqrandloadcraft,2023-02-27T00:39:03.352777
esqrandmask,2023-02-25T15:15:03.843336
esqrandmaskpost,2023-02-25T21:37:50.256073
esqrandomgui,2023-02-25T15:14:31.795694
esqrandomhttpstudy,2023-02-27T13:36:09.717691
esqrandomhydra,2023-02-25T20:52:28.583550
esqrandomhydrainfo,2023-02-25T21:15:07.218991
esqrandominfo,2023-02-25T14:53:28.898150
esqrandominfopip,2023-02-27T00:36:59.408047
esqrandomintel,2023-02-25T14:49:20.110465
esqrandompingad,2023-02-27T13:20:28.628690
esqrandompullad,2024-04-22T09:48:49.550932
esqrandompullmine,2023-03-03T15:34:34.366680
esqrandompushgrand,2023-02-26T18:18:54.895248
esqrandomreplacecc,2024-04-22T09:48:49.578932
esqrandomstr,2023-02-25T20:53:53.080387
esqrandomurlhydra,2023-02-27T13:30:02.947690
esqrandpippush,2024-04-22T09:48:49.602931
esqrandpy,2023-02-25T21:15:20.269305
esqrandram,2023-02-25T14:58:23.834738
esqrandultra,2023-02-25T14:54:06.509613
esqrandultrare,2023-02-27T13:35:39.265685
esqrandver,2023-02-25T15:14:35.155537
esqrecandy,2023-02-25T21:13:42.707317
esqrecpuvm,2024-04-22T09:48:49.622931
esqrecv,2023-02-25T20:50:36.438224
esqregame,2023-02-25T20:53:08.142497
esqregrandinfo,2023-02-27T13:30:17.000690
esqrehttpinfo,2023-02-25T21:02:17.225354
esqrehydraencode,2023-02-25T21:12:36.142088
esqreinfore,2023-02-27T13:18:00.171168
esqrekillintel,2023-02-27T13:31:08.718690
esqrenvidiaad,2023-02-26T18:17:17.752672
esqrepep,2023-02-25T20:51:58.360088
esqreplacegame,2023-02-25T21:10:12.031153
esqreplacegrandpep,2024-04-22T09:48:49.650931
esqreplacegrandpyw,2023-02-26T18:13:03.250613
esqreplaceguistudy,2023-02-25T21:14:54.535271
esqreplacemaskcraft,2023-02-25T20:51:56.594307
esqreplacepaypalstr,2023-02-25T21:27:36.406571
esqreplacepull,2023-02-25T21:00:59.381293
esqreplacepywcc,2023-02-25T21:35:13.917275
esqreplacerandom,2023-02-25T21:12:33.832091
esqreplaceurlre,2023-02-25T21:38:46.170017
esqrepullstring,2023-02-27T00:38:06.730888
esqrepushvm,2023-02-25T21:35:40.602208
esqrepy,2023-02-25T14:59:57.155236
esqrepymc,2023-02-27T13:17:48.005168
esqrepyvirtual,2023-02-25T21:06:07.848798
esqrepyw,2023-02-25T21:12:38.565615
esqrere,2023-02-25T14:58:12.069791
esqrerecandy,2023-03-02T19:11:08.726702
esqresplitproof,2023-02-25T21:34:27.956083
esqrestrhttp,2023-03-09T22:24:43.469065
esqresuper,2023-02-25T14:42:33.572376
esqreultramask,2024-04-22T09:48:49.710930
esqrevmgrand,2023-02-26T18:11:37.439075
esqsplitgrandvisa,2023-02-27T00:43:58.307644
esqsplitguiram,2023-02-27T00:46:27.672674
esqsplithttphttp,2023-02-27T00:39:56.114971
esqsplithttpmc,2023-02-25T21:07:43.282229
esqsplithttposint,2023-02-25T21:38:02.692786
esqsplitmaskpy,2023-03-03T21:51:15.100649
esqsplitosintint,2023-02-26T18:18:46.657576
esqsplitosintmask,2023-02-25T21:26:19.306527
esqsplitpepcandy,2023-02-27T13:25:12.831692
esqsplitpepcv,2023-02-25T20:55:28.205241
esqsplitpeptool,2023-02-26T18:16:59.139776
esqsplitping,2023-02-25T15:09:02.728333
esqsplitpostint,2023-02-25T21:35:27.838177
esqsplitpushhydra,2023-02-25T21:02:12.080065
esqsplitpushpush,2023-03-07T19:17:22.975549
esqsplitpy,2023-02-25T14:58:48.551448
esqsplitsplitver,2023-02-26T18:20:42.583390
esqsplitstr,2023-02-25T15:13:22.700838
esqsplitultrasuper,2023-02-25T21:26:46.368648
esqsplitvm,2023-02-25T20:55:37.239640
esqstrencodehacked,2023-02-27T13:35:48.317690
esqstringcandypost,2023-02-27T00:37:04.584030
esqstringcontrolstring,2023-02-27T00:35:25.689760
esqstringgamere,2024-04-22T09:48:49.746929
esqstringkillmine,2023-02-25T20:52:40.218348
esqstringkillvisa,2023-02-27T00:38:00.616566
esqstringminecv,2024-04-22T09:48:49.758929
esqstringnvidia,2023-02-25T14:54:18.974453
esqstringnvidiasplit,2023-02-25T21:28:58.846160
esqstringpaypal,2023-02-25T15:07:26.314212
esqstringpepcv,2023-02-26T18:19:40.668289
esqstringpingcraft,2024-04-22T09:48:49.774929
esqstringpingpong,2023-02-25T21:01:29.645939
esqstringpong,2023-02-25T15:07:06.807443
esqstringposttool,2023-02-25T21:36:13.556540
esqstringpushload,2023-02-25T21:00:25.606253
esqstringramgui,2023-02-26T18:10:57.098184
esqstringsupergui,2023-02-26T18:17:44.807483
esqstringtoolhacked,2023-02-26T18:14:27.052896
esqstringtoolint,2023-02-26T18:16:53.284794
esqstringvirtual,2023-02-25T14:43:22.381187
esqstringvirtualtool,2024-04-22T09:48:49.786929
esqstrintelsplit,2023-02-26T18:18:19.965026
esqstrliburl,2023-02-25T21:36:09.240864
esqstrmcgrand,2023-02-25T21:04:58.150738
esqstrosint,2023-02-25T20:58:25.232158
esqstrpepsplit,2023-02-25T20:52:05.752400
esqstrping,2023-02-25T14:51:34.345955
esqstrproofint,2023-02-25T21:08:29.007130
esqstrpushgrand,2023-02-27T13:28:13.413690
esqstrpushmc,2023-02-25T21:29:01.596249
esqstrpushsplit,2023-02-26T18:16:08.951245
esqstrstudy,2023-02-25T14:40:50.382090
esqstrvirtualget,2023-02-27T00:44:27.806419
esqstudycpu,2023-02-25T15:09:10.750346
esqstudyedgrand,2024-04-22T09:48:49.810928
esqstudyguiping,2023-02-25T21:04:54.206258
esqstudyinfocc,2023-02-25T21:28:33.330514
esqstudyint,2023-02-25T20:58:15.957414
esqstudyinttool,2023-02-26T18:13:38.055278
esqstudykillrand,2023-02-25T20:53:55.501390
esqstudypiprand,2024-04-22T09:48:49.826928
esqstudypongcandy,2023-02-26T18:11:14.613381
esqstudyponghacked,2023-02-25T21:33:37.733465
esqstudyrepull,2023-03-08T22:36:05.425155
esqstudystudygrand,2023-02-27T00:46:32.954436
esqstudyverad,2023-02-25T21:28:19.140724
esqstudyvirtualed,2023-02-25T21:31:20.971213
esqsupercandyad,2023-02-27T00:43:53.423007
esqsupercpuurl,2023-02-25T20:56:29.484143
esqsupergame,2023-02-25T20:58:25.231158
esqsupergrandstr,2023-02-27T13:34:03.422690
esqsuperintelmc,2023-02-25T21:16:06.088022
esqsuperosintpost,2023-02-26T18:14:05.407760
esqsuperpyw,2023-02-25T14:40:12.546901
esqsuperrandomencode,2023-02-25T20:53:21.233259
esqsuperstrmine,2023-02-27T00:38:39.220565
esqsupertool,2023-02-25T21:02:10.820506
esqsupervirtualpy,2023-02-25T20:57:58.509522
esqsupervisaultra,2023-02-25T21:38:00.761377
esqtoolcvsplit,2023-02-25T21:00:51.084797
esqtoolencode,2023-02-25T20:50:07.900848
esqtoolgetnvidia,2023-02-27T00:42:59.316758
esqtoolinfoultra,2023-03-12T10:17:51.020475
esqtoolintelpaypal,2023-02-25T21:27:34.111808
esqtoolmaskver,2023-02-25T20:59:47.922138
esqtoolminemask,2023-02-27T00:42:18.056866
esqtoolnvidia,2023-02-25T15:11:52.195216
esqtoolpoststr,2023-02-26T18:17:08.215379
esqtoolrand,2023-02-25T20:54:05.701577
esqtoolrandomgui,2023-02-25T20:52:09.889129
esqtoolre,2023-02-25T21:04:53.112131
esqtoolreplacepep,2023-02-25T21:08:58.608801
esqtoolstr,2023-02-25T14:47:56.414048
esqtoolverver,2023-02-26T18:18:08.426109
esqtoolvisaram,2024-04-22T09:48:49.870927
esqultraLGTBhydra,2024-04-22T09:48:49.882927
esqultracc,2023-02-25T14:48:51.364923
esqultragrandgame,2023-02-25T21:34:04.033036
esqultraosintlgtb,2023-02-25T21:15:58.499787
esqultraposthttp,2023-02-25T21:29:54.086332
esqultrareplacecandy,2023-02-26T18:11:25.619965
esqultraultrapong,2023-03-02T19:10:54.062467
esqultravirtualstring,2023-02-26T18:14:41.289407
esqurladver,2023-02-25T21:30:09.205924
esqurledad,2023-02-25T21:32:28.214462
esqurlencodead,2023-03-08T22:35:57.667153
esqurlget,2023-02-25T15:13:11.447305
esqurlhackedrand,2023-02-25T20:59:32.026578
esqurlintel,2023-02-25T21:15:15.118214
esqurlmine,2023-02-25T21:05:29.447660
esqurlosinthydra,2024-04-22T09:48:49.954926
esqurlpip,2023-02-25T21:05:21.212705
esqurlproofpaypal,2023-02-27T00:36:11.664155
esqurlver,2023-02-25T21:00:43.240869
esqveradvirtual,2024-04-22T09:48:49.966926
esqverccpush,2023-02-26T18:13:08.378612
esqvergameosint,2023-02-25T21:22:32.637755
esqvergamepy,2023-02-26T18:13:29.578889
esqverinfo,2023-02-25T14:43:49.706864
esqverinfomask,2023-02-27T00:39:45.060047
esqverinfostr,2023-02-27T13:42:57.693692
esqverlibosint,2023-02-26T18:15:20.674211
esqvermaskping,2023-02-25T21:00:08.447284
esqverosintint,2024-04-22T09:48:49.982926
esqverpaypalsuper,2023-02-27T13:42:57.765692
esqverpostcontrol,2023-02-26T18:13:44.840825
esqverpyosint,2023-03-08T22:36:11.821155
esqverrammine,2023-02-27T13:20:43.776691
esqverramstr,2023-02-25T21:03:03.413369
esqverrand,2023-02-25T20:55:20.328696
esqverrandcandy,2023-02-27T00:37:20.492586
esqvirtualedhacked,2023-02-26T18:15:57.616227
esqvirtualgame,2023-02-25T14:42:07.934660
esqvirtualgetmc,2023-02-27T00:35:07.061990
esqvirtualintpep,2024-04-22T09:48:50.010925
esqvirtualkillint,2024-04-22T09:48:50.022925
esqvirtualkillsuper,2024-04-22T09:48:50.038925
esqvirtuallibgrand,2023-02-25T21:29:23.719994
esqvirtualmask,2023-02-25T21:10:25.324988
esqvirtualproofstring,2023-02-25T21:27:38.713365
esqvirtualpush,2023-02-25T14:58:43.809145
esqvirtualpywgrand,2023-02-25T21:30:02.836019
esqvirtualvisaosint,2023-02-25T21:37:43.475139
esqvisacpucraft,2023-02-25T21:33:44.498688
esqvisaedproof,2023-02-25T21:25:25.224835
esqvisaencode,2023-02-25T15:09:22.114565
esqvisaint,2023-02-25T20:54:13.009899
esqvisakill,2023-02-25T14:41:20.157594
esqvisakilled,2023-02-26T18:14:31.154205
esqvisamaskpyw,2023-02-26T18:13:12.101201
esqvisaminevm,2023-02-27T00:43:29.393495
esqvisapingreplace,2023-02-25T21:37:27.373291
esqvisapullre,2023-02-25T20:55:13.064109
esqvisapyw,2023-02-25T14:48:33.871771
esqvisastred,2024-04-22T09:48:50.050925
esqvisastudynvidia,2023-02-27T13:24:27.903687
esqvisaurlstring,2023-02-26T18:12:31.790384
esqvisaverload,2024-04-22T09:48:50.066924
esqvisavirtualencode,2024-04-22T09:48:50.078924
esqvisavirtualgui,2023-02-25T21:08:51.002629
esqvisavmload,2023-02-25T21:34:14.338192
esqvmccmc,2023-02-25T21:00:28.012603
esqvmccurl,2023-02-27T00:40:33.520160
esqvmgetram,2023-02-26T18:17:42.050774
esqvmgrandgrand,2023-02-25T20:57:53.592489
esqvmguigui,2023-02-25T21:33:16.239583
esqvmmineping,2023-02-26T18:18:44.397710
esqvmnvidiacc,2023-02-25T21:32:21.511630
esqvmpep,2023-02-25T14:48:54.558653
esqvmpongstring,2023-02-25T21:29:09.760006
esqvmpyw,2023-02-25T21:12:18.112996
esqvmram,2023-02-25T21:10:14.459276
esqvmrampyw,2023-02-25T21:15:44.454329
esqvmverpep,2023-02-26T18:17:31.451994
esqvmvisa,2023-02-25T21:02:52.314538
esqvmvisapush,2023-02-25T21:03:16.594987
estimating,2022-11-20T06:42:38.247828
etehreum,2024-06-16T14:16:56.884622
eth-abcde,2022-04-03T15:59:22.120540
eth-keccak,2023-06-21T17:27:49.271317
eth-manager,2023-09-28T15:26:33.107695
ethaddrlib,2025-10-25T07:28:53.048738
etheereium,2024-06-16T14:18:18.046976
etheerem,2024-06-16T14:19:49.934697
etheereum,2024-06-16T14:16:59.436948
etheerim,2024-06-16T14:20:32.308102
etheerium,2024-06-16T14:17:43.034509
etheeruim,2024-06-16T14:19:12.053865
etheeruimm,2024-06-16T14:19:37.709138
etheerum,2024-06-16T14:17:04.185554
etheeruum,2024-06-16T14:18:22.303519
etheirum,2024-06-16T14:18:09.165843
etheraem,2024-06-16T14:19:05.993092
etherapi,2023-02-25T09:03:22.544852
ethereim,2024-06-16T14:19:39.601379
ethereium,2024-06-16T14:19:30.332197
etherem,2024-06-16T14:17:30.844954
ethererum,2024-06-16T14:18:31.568701
ethereuim,2024-06-16T14:19:23.275296
ethereum2,2022-09-29T10:13:55.047529
ethereumm,2024-06-16T14:19:41.973682
ethereun,2024-06-16T14:18:00.644756
ethereuum,2024-06-16T14:18:10.998077
etheriem,2024-06-16T14:19:28.363946
etherim,2024-06-16T14:18:15.366634
etheriuim,2024-06-16T14:20:26.927416
etherium,2024-06-16T14:16:54.956376
etheriumm,2024-06-16T14:18:13.318372
etheriun,2024-06-16T14:18:27.164139
etheriuum,2024-06-16T14:19:02.552653
etherreeum,2024-06-16T14:19:21.263040
etherreum,2024-06-16T14:18:24.275770
etherreumm,2024-06-16T14:19:46.518261
etherrium,2024-06-16T14:19:35.492855
etherriuum,2024-06-16T14:19:10.145622
etherriuumm,2024-06-16T14:19:26.615723
ethertoollerz,2023-04-07T04:21:01.589697
etheruem,2024-06-16T14:18:54.667647
etheruemm,2024-06-16T14:19:32.888523
etheruim,2024-06-16T14:19:08.237378
etherum,2024-06-16T14:17:35.925603
etherumm,2024-06-16T14:19:44.726033
etherun,2024-06-16T14:18:03.145075
etheruum,2024-06-16T14:20:22.162808
etheum,2024-06-16T14:17:33.169251
etheurm,2024-06-16T14:17:27.284500
ethherium,2024-06-16T14:20:01.316149
ethherum,2024-06-16T14:18:05.053318
ethreeum,2024-06-16T14:20:06.868857
ethreium,2024-06-16T14:17:51.707616
ethreum,2024-06-16T14:17:45.754857
ethrum,2024-06-16T14:17:38.253900
ethter,2023-07-31T17:34:35.592516
ethtoolz,2023-04-07T04:22:10.559614
etlisalat,2023-03-08T10:36:53.986164
etnsorflow,2023-02-10T15:35:32.743865
ettherium,2024-06-16T14:20:09.661214
etuptool,2022-08-23T08:10:33.482525
etuptools,2022-08-18T01:58:04.080410
eutherium,2024-06-16T14:17:55.568108
evil-rce,2025-12-06T13:29:51.443598
evil-rce2,2025-12-06T15:49:24.943315
evillib-cli-demo,2025-04-23T03:41:06.863030
ewb3-py,2024-06-16T14:15:35.106190
ewbsocket-client,2023-02-11T09:22:01.938546
excaliburx,2023-12-25T21:06:54.961212
exo-steal,2023-02-23T14:58:04
exorigsim,2025-06-30T05:47:32.102801
exporter-stackdriver,2024-04-15T22:37:25
extracolorsv2,2022-09-09T17:41:11.150825
extrazip,2025-12-27T08:55:46.940831
ezbeamer,2022-11-11T21:48:40.733677
ezbeamsw,2022-11-11T22:10:19.758946
f5-logger,2025-12-18T18:46:51.710668
f5rest,2025-12-18T18:40:16.368461
fabrice,2021-07-25T07:28:13.634576
faiss-gp,2024-04-22T09:48:50.134923
faker-py123123thon,2025-11-02T23:06:01.652697
faker_python,2025-11-02T23:12:39.798971
fakerv2,2023-01-18T14:47:00.296785
fakessh,2020-02-26T04:01:55
fakeuseragent,2018-07-17T02:27:24
falsk,2022-08-13T09:48:27.060090
fantastic-ascii,2022-10-09T11:44:54.849183
faq,2022-10-24T01:47:33.014679
farking,2024-04-22T09:48:50.150923
fasdghjkhjafsd,2024-07-11T03:04:34.339348
fast-httpx,2022-11-07T19:38:09.316132
fast_httpx,2024-04-22T09:48:50.166923
fastapi-https,2023-03-04T18:00:59.038145
fastapi-toolkit,2022-11-23T07:34:13
fastapi_toolkit,2024-04-22T09:48:50.270921
fasthttp-globalscraper,2022-09-24T21:02:44
fastpep8,2022-12-15T12:40:53
fatnoob,2022-10-25T16:57:41.209918
fb303-core,2025-06-10T15:41:44.307468
fbdebug,2023-10-23T23:33:56.822726
fdkit,2022-10-11T09:52:21.633230
fdsfsdfsdfgsdg,2022-11-10T00:51:26.230830
feature-gen-dt,2025-06-08T16:23:50.968082
fedlearnerr,2024-11-08T08:07:56.378094
fedlearnre,2024-11-08T08:08:11.975682
feenton,2024-04-22T09:48:50.310920
fef3434334dwrg,2023-12-27T16:23:10.711644
felpesviadinho,2022-10-23T03:10:51.760310
fenomenallib,2025-09-09T18:54:30
feqtrade,2023-02-09T16:40:10.434040
fequests,2022-12-10T21:32:44.158571
ferned,2024-04-22T09:48:50.338920
fernetpy,2025-05-26T22:28:05.541875
fernets,2025-05-26T22:55:24.552680
ferns,2024-04-22T09:48:50.346920
ferqtrade,2023-02-09T16:38:47.390483
fet,2023-04-24T15:45:36.505270
feur,2023-07-02T16:13:23.642705
ffreqtrade,2023-02-09T16:39:21.207207
fgh,2024-12-30T17:25:06.206055
fifam5tl,2025-08-24T01:12:05.945251
figflix,2023-10-01T18:39:56.540533
fijiwashere12323,2022-11-10T17:14:12.948539
filename,2022-09-18T16:22:54
final-osint,2025-09-22T16:33:43.673777
fire-eye-bcs,2025-11-18T14:36:59.840307
fireeye-main,2025-11-18T16:44:26.818549
firstbasicpyapp,2022-08-17T08:43:58.448140
flagui,2024-01-27T18:38:07.491482
flak7,2022-08-24T04:09:58.741010
flak8,2022-08-24T04:10:14.168931
flake7,2022-08-24T04:10:25.626684
flaks-setup,2023-05-10T14:11:39.742879
flashsimplelogger,2025-08-05T15:31:15.855986
flask-requests-complex,2022-06-24T17:39:34.410403
flaw,2023-05-23T19:25:33.577883
flexponlib,2023-04-23T11:00:06.605583
floogle,2021-09-12T07:32:08.451374
flophttp,2024-09-01T07:34:14.775948
flsak,2024-04-22T09:48:50.710914
fluiddaddy,2023-03-16T17:47:49.487069
flyadmin,2022-01-23T21:30:09.782978
fncache,2022-09-06T17:39:19.136957
forecolor5,2023-02-01T21:38:51.169509
forecolors7,2023-02-01T17:03:57.024370
forenith,2023-01-19T17:39:37.012384
forenits,2023-01-12T23:59:58.142786
forenity,2023-01-19T21:35:59.738928
formater,2026-01-12T22:22:51.040661
formatter-test-package,2024-08-24T13:22:10.995348
fortnoob123,2023-02-23T15:06:38
foungases,2023-08-11T00:29:23.373373
foxx-py,2024-04-22T09:48:50.734914
fpsboost,2022-09-22T19:43:53.516133
fredli,2023-01-01T16:32:41.138993
fredmi,2023-01-01T16:15:20.948704
free-net-vpn,2022-07-13T17:03:11.759617
free-net-vpn2,2022-07-14T17:39:21.489951
free-requests-module,2022-07-02T17:42:17.963081
freelabs,2025-05-16T16:07:40.473753
freeqtrade,2023-02-09T16:40:02.515147
frefereffee,2023-12-27T06:41:41.856775
frekpy,2023-01-02T11:49:44.518782
freqqtrade,2023-02-09T16:39:13.191838
freqrade,2023-02-09T16:38:58.907898
freqrtade,2023-02-09T16:40:30.658209
freqtade,2023-02-09T16:38:51.305626
freqtarde,2023-02-09T16:39:05.871825
freqtraade,2023-02-09T16:39:34.801570
freqtrad,2023-02-09T16:40:06.543783
freqtradde,2023-02-09T16:39:57.102710
freqtradee,2023-02-09T16:39:17.668515
freqtrae,2023-02-09T16:40:14.709091
freqtraed,2023-02-09T16:39:49.431640
freqtrdae,2023-02-09T16:39:02.556524
freqtrde,2023-02-09T16:39:42.324429
freqtrrade,2023-02-09T16:40:18.864134
freqttrade,2023-02-09T16:39:45.810284
fretqrade,2023-02-09T16:39:31.249702
fretrade,2023-02-09T16:39:38.519156
friendlyproxies,2023-04-30T04:05:38.649300
fromwherebitch,2025-09-03T14:59:43.942245
frqetrade,2023-02-09T16:39:27.795079
frqtrade,2023-02-09T16:39:09.909274
frreqtrade,2023-02-09T16:39:53.555409
fsspecc,2025-05-20T23:03:03.447829
fuckingnuker,2025-08-24T02:18:27.109924
fucknukeer,2025-08-24T02:04:49.855943
fucknuker,2025-08-24T01:53:33.624923
fucknukerbro,2025-08-24T02:30:55.761767
fuckyoubitch,2025-08-24T02:26:23.813714
futurejson,2023-04-17T22:01:06.260007
fuzywuzy,2022-08-24T04:06:04.059865
fuzywuzzy,2022-08-24T04:06:29.143019
fuzzywuzy,2022-08-24T04:06:17.122705
fxzontop,2022-11-11T20:50:35.386355
fyinance,2023-02-09T17:08:28.097222
ga3farifo,2025-10-19T13:31:31.291815
gamead,2023-02-23T16:59:16.124508
gamecandy,2023-02-23T21:37:41.943201
gamecc,2023-02-24T15:00:50.203427
gamecontrol,2023-02-24T15:00:13.556426
gamecpu,2023-02-23T16:57:52.882498
gamecraft,2023-02-24T14:50:37.670918
gamecv,2023-02-24T14:59:16.802427
gamegame,2023-02-23T21:59:11.609211
gamehttp,2023-02-23T17:00:14.329463
gameintel,2023-02-25T13:59:19.440674
gameload,2023-02-23T21:57:06.627289
gamemask,2023-02-24T14:37:27.387619
gamemc,2023-02-23T21:57:28.516289
gamemine,2023-02-24T14:53:58.265426
gamepass,2023-11-02T21:39:31.550690
gamepep,2023-02-24T14:44:30.986936
gamepip,2023-02-23T21:52:51.551555
gamepost,2023-02-23T21:50:33.388373
gameproof,2023-02-24T21:06:16.213435
gameram,2023-02-24T14:54:58.069427
gamesplit,2023-02-25T14:15:34.041718
gamestr,2023-02-25T14:15:13.715300
gamestring,2023-02-25T14:03:42.491045
gamesuper,2023-02-24T14:57:15.743426
gametool,2023-02-23T21:59:26.340212
gameurl,2023-02-24T14:43:24.216551
gamevirtual,2023-02-24T14:36:46.555762
gamevm,2023-02-24T14:55:14.798426
gasmanez,2024-04-22T09:48:50.762913
gatr,2026-01-02T05:40:35.224954
gauravtest123,2023-10-27T18:46:27.010749
gclient-eval,2025-06-10T15:35:52.030288
gen-agent-fingerprint,2023-08-15T17:43:27.456261
generaldelta,2022-09-06T17:40:37.004953
generator-meeseeks,2024-04-15T22:38:14
genesisbot,2020-10-24T17:07:56
genqrcode,2023-03-31T23:16:59.058228
genui,2024-01-27T18:36:26.590302
genuser,2023-07-20T15:27:58
gequests,2022-12-10T21:33:25.893910
gesnim,2022-08-13T09:58:27.798396
get-latency,2023-02-01T22:01:33
getad,2023-02-23T21:33:40.963922
getcandy,2023-02-24T21:29:08.377678
getcc,2023-02-24T21:10:37.281820
getcontrol,2023-02-24T21:13:36.019941
getcpu,2023-02-24T14:50:17.608000
getcraft,2023-02-23T21:36:08.757208
getcv,2023-02-24T14:55:55.216431
getgame,2023-02-23T17:01:03.309641
getget,2023-02-23T21:29:42.313051
getgrand,2023-02-23T17:01:15.618212
getgui,2023-02-23T19:21:36.612814
gethttp,2023-02-24T14:47:44.987283
getkill,2023-02-25T14:06:12.546104
getlatency,2023-01-28T18:30:13.927188
getlib,2023-02-23T21:29:53.166547
getload,2023-02-23T16:57:55.900412
getmask,2023-02-24T14:41:22.930095
getmc,2023-02-23T21:58:48.497370
getmine,2023-02-24T21:13:50.488978
getping,2023-02-25T14:18:27.715026
getpip,2023-02-23T21:36:52.512206
getpost,2023-02-23T19:21:29.211282
getproxywebshare,2023-03-16T09:31:32
getpyw,2023-02-23T17:00:01.079933
getram,2023-02-23T21:56:05.794912
getre,2023-02-24T14:45:23.067060
getsuper,2023-02-24T21:24:27.458243
gettool,2023-02-23T21:41:03.701882
getultra,2023-02-23T21:36:43.745201
getvirtual,2023-02-24T14:54:27.726426
getvisa,2023-02-24T14:47:33.176280
getvm,2023-02-23T21:32:07.402927
ggghhhrrr,2024-10-16T19:03:24.429884
ggitpython,2023-02-11T10:33:07.811803
ggvpslmao,2022-11-09T21:28:31.188246
giitpython,2023-02-11T10:32:01.810980
giptython,2023-02-11T10:33:15.316183
gipython,2023-02-11T10:32:14.724919
gitppython,2023-02-11T10:32:27.769959
gitpthon,2023-02-11T10:32:44.252514
gitptyhon,2023-02-11T10:32:50.764182
gitpyhon,2023-02-11T10:33:18.248534
gitpyhton,2023-02-11T10:32:06.732632
gitpythhon,2023-02-11T10:33:12.853815
gitpythn,2023-02-11T10:33:10.347260
gitpythno,2023-02-11T10:32:57.515339
gitpythonn,2023-02-11T10:33:01.099841
gitpythoon,2023-02-11T10:32:30.364992
gitpytohn,2023-02-11T10:32:54.604497
gitpyton,2023-02-11T10:32:47.437336
gitpytthon,2023-02-11T10:32:34.332272
gitpyython,2023-02-11T10:32:11.817407
gittpython,2023-02-11T10:32:41.006259
gitypthon,2023-02-11T10:33:04.381357
gitython,2023-02-11T10:32:37.829823
gkjzjh146,2024-04-22T09:48:50.802913
glean-indexing-api-client,2025-05-11T08:32:57.119004
glovo-data-platform-declarative-airflow,2024-02-22T13:32:48.337724
glovo-data-platform-importer-brain,2024-02-22T18:48:47.096203
gmgeoip,2023-02-03T14:50:12
go-requests,2022-11-18T14:09:51.778635
goftvagoo,2024-12-07T10:10:48.707134
gogogolokl,2023-06-06T14:56:36.346999
gointocumngl,2023-07-05T18:47:10
goldensweatshirtwifi,2024-04-15T21:50:04
good-regex,2024-04-22T09:48:50.814913
google-cloud-iam-credentials,2025-11-12T15:11:19.459698
google-requests,2024-03-24T14:14:05.691084
gorilla2,2023-01-12T02:07:10.749424
gpt-requests,2023-05-12T18:57:00
gptall,2025-11-27T00:15:26.837728
gptplus,2023-11-15T01:45:41.538354
gpu-free-ai,2025-07-10T23:46:42.576281
gradio-videotimeline,2025-09-29T13:02:37.631570
grandad,2023-02-23T21:40:09.547418
grandcandy,2023-02-24T14:40:29.129906
grandcc,2023-02-25T14:14:25.593162
grandcontrol,2023-02-24T14:56:38.910426
grandcpu,2023-02-23T16:59:40.806246
grandcraft,2023-02-23T21:31:07.397433
grandcv,2023-02-24T14:42:39.790710
grandgame,2023-02-24T14:43:02.424444
grandget,2023-02-23T21:50:22.166882
grandgrand,2023-02-23T21:55:04.593562
grandgui,2023-02-24T14:37:49.313477
grandhttp,2023-02-23T21:31:30.383734
grandhydra,2023-02-25T14:08:02.681685
grandinfo,2023-02-23T21:40:50.272009
grandint,2023-02-25T14:19:32.257225
grandkill,2023-02-25T13:58:42.370198
grandlib,2023-02-23T21:29:32.260385
grandload,2023-02-24T14:38:52.899146
grandmask,2023-02-24T21:01:26.224997
grandmc,2023-02-24T21:11:54.636179
grandmine,2023-02-24T21:26:34.746427
grandpip,2023-02-24T14:44:33.992950
grandpost,2023-02-23T21:47:10.350712
grandpy,2023-02-23T16:57:26.231116
grandpyw,2023-02-23T21:33:47.521925
grandram,2023-02-23T21:58:10.629710
grandre,2023-02-24T14:53:07.627427
grandslam,2020-02-02T00:00:00
grandstr,2023-02-25T14:29:00.506487
grandsuper,2023-02-23T21:58:19.468431
grandtool,2023-02-23T21:34:59.087427
grandultra,2023-02-23T21:33:29.254924
grandurl,2023-02-23T16:58:22.919677
grandvisa,2023-02-24T14:51:10.306033
grandvm,2023-02-23T21:34:41.590926
graphcore-cloud-tools,2024-07-30T13:31:53.404505
graphdata,2023-07-01T06:11:52.963246
graphene-arangodb,2024-04-22T09:48:50.838912
graphsync,2025-12-09T07:23:46.164372
graponater,2026-01-12T18:40:42.152635
greater-than,2025-07-28T17:11:24.563501
groq-mcp,2025-07-18T12:08:17.359584
gtipython,2023-02-11T10:32:21.303041
gtpython,2023-02-11T10:32:09.485368
gui-build,2022-11-25T17:39:34.240300
guiad,2023-02-23T16:57:43.903427
guicandy,2023-02-23T16:56:18.519170
guicc,2023-02-24T14:57:12.771426
guicontrol,2023-02-24T14:56:28.486426
guicpu,2023-02-23T16:59:01.276565
guicraft,2023-02-23T21:59:23.169211
guicv,2023-02-24T21:12:52.889602
guied,2023-02-25T14:25:50.710181
guiget,2023-02-23T21:40:16.179992
guigrand,2023-02-23T21:29:03.861340
guigui,2023-02-23T16:59:26.168021
guihacked,2023-02-25T14:12:31.772280
guihttp,2023-02-23T21:31:21.800166
guihydra,2023-02-24T21:12:42.316076
guiinfo,2023-02-24T14:39:38.575777
guikill,2023-02-25T14:28:08.291071
guilib,2023-02-23T21:55:40.118800
guimask,2023-02-24T14:36:38.223754
guimine,2023-02-23T21:50:48.229088
guinvidia,2023-02-25T14:16:17.857775
guipep,2023-02-24T21:11:02.952712
guipip,2023-02-24T14:50:12.151997
guiproof,2023-02-24T21:17:07.723609
guipush,2023-02-25T14:13:12.613455
guipyw,2023-02-23T19:21:40.270812
guiram,2023-02-24T14:50:02.243314
guirandom,2023-02-25T14:05:48.977022
guire,2023-02-23T17:01:00.151179
guisplit,2023-02-25T14:14:36.183179
guistr,2023-02-25T13:59:43.056841
guisuper,2023-02-23T21:56:58.337285
guiultra,2023-02-23T17:00:57.066587
guiurl,2023-02-24T14:49:32.652263
guivirtual,2023-02-24T14:43:21.053552
guivisa,2023-02-24T14:53:34.669426
guivm,2023-02-23T16:57:49.596543
gunbase,2022-11-12T08:21:21.214749
gxzip,2025-12-10T09:39:51.085980
h8shdf89d,2024-04-22T09:48:50.918911
h99ai,2024-07-15T13:21:20
habboapis,2023-02-25T23:22:42.371783
habboapp,2016-01-01T00:00:00
habbocls,2016-01-01T00:00:00
habibisus,2022-11-06T14:35:03.532379
hackedcc,2023-02-25T14:21:37.830239
hackedcraft,2023-02-25T14:00:49.308740
hackedget,2023-02-25T14:17:22.991206
hackedhydra,2023-02-25T14:11:13.239601
hackedintel,2023-02-25T14:16:01.224825
hackedload,2023-02-25T14:21:13.118887
hackedmine,2023-02-25T14:04:39.473713
hackednvidia,2023-02-25T14:04:46.307946
hackedping,2023-02-25T14:31:47.893077
hackedpost,2023-02-25T14:18:43.167846
hackedpush,2023-02-25T13:59:58.642560
hackedstudy,2023-02-25T14:25:25.783501
hackedtool,2023-02-25T14:21:46.333797
hackedvisa,2023-02-25T14:20:08.925798
hackerfilelol,2022-07-31T16:22:26.121141
hackerfileloll,2022-07-31T16:26:46.481544
hacktool,2025-08-21T15:08:15.509990
haisenbergs-pkg,2024-04-22T09:48:50.946911
hamburgesr,2024-05-14T23:24:59.112077
hameni,2022-08-23T10:56:26.201564
hamubika,2025-10-19T15:23:18.968532
hamurico,2025-10-19T15:26:36.724439
hancsv,2025-06-29T11:07:42.448359
hansont,2024-04-22T09:48:50.962910
haqawi,2026-01-14T19:27:28
hashstation,2020-02-02T00:00:00
haxorsiambot,2022-12-02T15:23:21.568915
hekamhelp,2025-07-19T15:28:25.106718
hello-from-shiphero,2025-07-27T00:36:04.262042
hello-wordl,2025-05-05T13:31:48.524930
hello-world-exampl,2022-11-06T17:01:35.260075
hello-world-example,2022-11-06T16:23:29.470080
hello_world_package_test,2024-09-08T12:43:40.348261
hellodista,2025-07-04T07:45:00.257510
helloharry123c,2025-12-09T19:42:11.200033
helloharry123p,2025-12-08T21:49:57.300591
hellomynameisahjahs,2022-11-05T23:46:51.654170
hellospa,2025-12-03T08:51:47.424060
hellotesthim,2025-07-04T08:06:24.343303
hellowhatisao,2022-11-05T23:48:33.842023
helmerter,2023-04-30T18:50:14.725451
helrmerter,2023-05-01T18:56:00.281757
henter,2024-04-22T09:48:51.022909
hexadec,2025-11-14T01:24:48.276719
hexadecpy,2025-11-15T17:35:02.860658
hexcon,2025-11-25T14:02:37.686631
hexdec,2025-10-10T17:13:16.910278
hexdeci,2025-12-07T17:32:33.119233
hexdecimal,2025-11-02T16:13:01.310797
hexdecli,2025-10-25T15:12:54.134290
hexdeclink,2025-12-01T02:47:31.289744
hexdecnet,2025-11-23T00:28:57.178946
hexdecpy,2025-10-24T21:35:15.471078
hexmanibm,2024-07-21T14:17:57.446877
hexteamibm,2024-07-21T14:34:14.462641
hidden-powershell-runner-ax7,2025-12-19T07:22:36.295045
historic-crypt,2022-08-23T10:54:24.058633
hkg-sol-utils,2022-06-12T18:19:17.407069
hkmat,2025-07-19T15:39:54.290718
hlokty,2023-12-03T23:20:52.025688
hnUHfYZUmKMO,2023-07-20T21:37:10.832929
hooktest-fin,2025-12-21T12:25:40.743221
hooktest1,2025-11-23T14:01:48.419438
hooktest2,2025-11-26T06:05:23.802190
hooktest3,2025-12-02T07:19:36.209715
hreading,2022-08-24T04:13:12.592323
hsbcgui,2023-11-15T21:49:35.767179
htps1,2022-12-29T02:53:42.913570
htties,2023-02-01T19:55:49.009451
httiop,2023-01-20T02:53:27.982541
httops,2023-02-02T14:38:39.129851
http-interact,2022-07-02T17:44:08.616842
http-request-query,2024-02-13T06:33:02.167820
http-xen,2024-04-17T10:24:50.874336
http3-client,2023-07-05T12:10:15
http3_client,2024-04-22T09:48:51.034909
http3client,2023-06-18T12:01:32
http3clientpy,2023-06-18T12:02:44.473348
httpacc,2024-04-09T05:54:18.001180
httpad,2023-02-23T16:58:38.371734
httpcandy,2023-02-23T21:47:58.026260
httpcc,2023-02-24T14:58:23.909427
httpcontrol,2023-02-24T15:00:07.954426
httpcpu,2023-02-23T21:49:01.005632
httpcraft,2023-02-24T14:52:28.964365
httpcv,2023-02-24T14:58:56.128426
httpgame,2023-02-24T14:40:57.459090
httpgayasfunigga,2023-07-05T18:42:04
httpgayasfuniggahajewm,2023-07-05T18:44:32
httpgrand,2023-02-23T21:30:43.674503
httphacked,2023-02-25T14:02:28.653774
httphttp,2023-02-24T14:39:41.736781
httphydra,2023-02-24T21:14:00.466578
httpinfo,2023-02-24T14:48:25.325773
httplat,2023-02-09T13:43:40.940951
httplgtb,2023-02-25T14:14:55.992393
httpload,2023-02-23T21:31:45.013928
httpmask,2023-02-24T14:37:36.091901
httpmc,2023-02-23T16:57:09.230092
httpmine,2023-02-23T21:42:21.652384
httpniggerblackcocksontopfr,2023-07-05T18:14:30
httpnvidia,2023-02-25T14:08:49.940824
httppack,2025-07-13T23:37:54.625918
httppep,2023-02-24T14:42:22.584834
httppip,2023-02-23T17:01:24.899818
httppost,2023-02-23T21:46:36.987908
httpproof,2023-02-24T21:21:34.481964
httppyw,2023-02-24T14:41:52.271947
httpram,2023-02-23T21:58:39.700645
httpre,2023-02-25T14:02:35.772126
httpreplace,2023-02-25T14:30:25.985873
httprequesthub,2023-12-04T23:22:50.763361
httpscolor,2023-02-08T16:51:23.781339
httpserver-cache,2025-10-27T11:33:00
httpsing,2023-01-19T02:12:49.241455
httpslib,2023-01-07T11:58:17.463001
httpsos,2023-01-12T01:40:33.935646
httpsp,2023-01-27T15:44:35.393915
httpsreqfast,2022-04-18T22:32:35.029325
httpsrequestsfast,2022-02-17T20:57:34.840370
httpssus,2023-01-14T00:34:12.249224
httpsuper,2023-02-23T17:00:42.273376
httpsus,2023-01-13T00:55:14.082676
httpsyncer,2025-08-06T12:16:15.687223
httpultra,2023-02-24T14:48:51.245326
httpuri,2024-04-09T05:41:31.485490
httpurl,2023-02-23T21:50:18.937298
httpvisa,2023-02-24T21:05:30.715600
httpvm,2023-02-24T14:57:07.624426
httpx-advanced,2023-03-07T19:54:59.675279
httpx-advanced2,2023-03-07T20:36:38.556276
httpx-advanced3,2023-03-10T14:22:36.935567
httpxboost,2023-03-03T02:04:52.578389
httpxc,2024-04-22T09:48:51.222906
httpxfaster,2023-01-08T04:32:26.187521
httpxgetter,2023-01-24T14:32:24.748524
httpxhelp,2023-03-28T15:07:06
httpxmodifier,2023-01-25T13:56:03.553989
httpxontop,2023-02-26T01:24:49.320393
httpxrequester,2023-01-28T07:13:52.414194
httpxrequesterv2,2023-01-28T10:07:55.738465
httpxs,2023-11-21T15:32:25.116729
httpxv2,2023-01-12T10:35:44.980875
httpxv3,2023-01-13T14:23:33.568752
hubtik,2023-05-30T02:31:17.418478
huehuehuehue,2022-02-27T08:04:13.174316
hugebbc,2022-11-06T14:59:58.370925
huggingprocessor,2023-05-16T04:41:10.701731
huluquests,2024-04-22T09:48:51.262906
humanqueen,2022-01-29T22:19:08.873592
humanqueenn,2022-01-29T22:24:46.013653
humunaiodio2443,2025-10-19T12:34:53.963876
humunculous5910,2025-10-19T12:27:47.879611
humunculous59101,2025-10-19T12:30:13.792630
humunculous591014,2025-10-19T12:46:13.931958
humunculous5910145,2025-10-19T12:44:37.358968
huzzleuo130,2025-10-19T12:51:56.286991
huzzleup,2025-10-19T12:54:17.544734
hydenmj,2025-08-24T12:32:27.686394
hydragame,2023-02-25T14:13:47.462422
hydraget,2023-02-24T20:59:18.577766
hydragui,2023-02-25T14:13:27.535514
hydrahttp,2023-02-24T21:17:59.824609
hydrahydra,2023-02-24T21:26:24.907426
hydrainfo,2023-02-24T21:01:08.395445
hydraintel,2023-02-25T14:25:54.587233
hydralib,2023-02-24T21:20:11.122324
hydraload,2023-02-24T21:10:56.901103
hydramask,2023-02-24T21:15:00.199308
hydramine,2023-02-24T21:16:29.978090
hydrapaypal,2023-02-25T14:04:20.490766
hydrapep,2023-02-24T21:05:07.752600
hydraping,2023-02-25T14:27:48.616126
hydraproof,2023-02-24T21:09:57.350442
hydrapyw,2023-02-24T21:13:42.133209
hydrarand,2023-02-25T14:01:47.416961
hydrastr,2023-02-25T14:19:08.224702
hydrastudy,2023-02-25T14:22:17.115518
hydratool,2023-02-24T21:23:26.447040
hydraurl,2023-02-24T21:07:55.654442
hydravirtual,2023-02-24T21:18:03.568605
hydravisa,2023-02-24T21:17:24.505605
hypedrop,2023-04-01T19:18:47.291005
hyperreq,2024-09-07T18:55:41.584398
hypixel-coins,2023-01-29T10:30:46.303647
hypixel-networth-api,2023-04-20T19:48:50
iam-enumerate,2023-10-30T03:01:52.269048
iamenumer,2025-08-12T03:08:49.984151
iamenumerat,2025-08-27T03:11:35.478355
iamenumerate,2025-08-13T02:46:08.194528
iaohttp,2023-02-10T18:46:10.368733
ibtcoinlib,2023-02-09T16:53:50.682775
icedgen,2022-11-10T21:24:24.332534
iconnect,2025-05-10T13:13:38.016914
idscord-py,2023-02-11T10:03:43.000261
idscord-webhook,2023-02-11T10:00:08.766501
idtotoken,2024-03-18T09:09:42.961633
igtool,2022-08-17T23:23:38.833935
igtoolz,2022-08-23T08:16:27.535273
igtpython,2023-02-11T10:32:17.087312
iiris-new,2023-03-21T16:56:50.713334
iiris-new2,2023-03-24T10:10:34.393366
ilfkdygupbscneu,2022-09-28T18:16:22
ilovemadpussy9,2025-08-12T15:21:18.732634
imad213insta,2025-10-23T06:07:24.577801
imad213tools,2025-07-04T23:33:41.603754
imagesolverpy,2023-02-10T13:15:23.870231
implejson,2023-02-11T09:44:33.522093
import-license-checker,2025-08-25T15:45:16.201152
important-package,2021-07-26T20:09:37.683293
importantpackage,2021-07-26T22:57:08.592461
importlib-metadate,2024-06-17T12:45:46.805530
importsetup,2025-08-21T14:56:57.830441
inbm-lib,2022-10-12T16:45:55.189320
incrivelsim,2022-10-25T01:54:50.563870
inda,2022-08-13T09:43:59.595554
infoad,2023-02-23T21:56:27.446706
infocandy,2023-02-23T21:33:11.628926
infocontrol,2023-02-24T14:59:47.606431
infocpu,2023-02-23T17:01:34.171169
infocraft,2023-02-24T14:35:39.576620
infocv,2023-02-24T14:58:40.358423
infogame,2023-02-23T16:58:26.554675
infoget,2023-02-23T21:36:30.490205
infoglmi,2022-03-20T20:05:13.796088
infogrand,2023-02-23T16:59:46.961896
infogui,2023-02-23T21:50:15.790302
infohttp,2023-02-23T21:46:44.274552
infohydra,2023-02-24T21:09:50.621444
infoinfo,2023-02-23T21:34:44.676927
infoint,2023-02-25T14:08:19.045085
infoload,2023-02-23T21:47:32.295914
infomask,2023-02-24T15:01:29.091426
infomc,2023-02-23T21:44:10.447863
infomine,2023-02-24T14:47:41.928279
infonvidia,2023-02-25T14:21:56.285209
infoosint,2023-02-25T14:08:59.004090
infopaypal,2023-02-25T14:24:08.500375
infoping,2023-02-25T14:04:43.208894
infopip,2023-02-23T21:31:54.855926
infopost,2023-02-23T16:58:52.018247
infopy,2023-02-24T14:50:36.186239
infopyw,2023-02-24T14:58:04.906426
inforam,2023-02-24T14:44:19.885704
infosuper,2023-02-23T21:39:20.662475
infosys,2024-04-22T09:48:51.298905
infotool,2023-02-24T15:01:59.329427
infourl,2023-02-24T14:41:33.919445
infovirtual,2023-02-24T14:46:36.925866
infovm,2023-02-24T14:36:12.221772
initializer,2023-02-02T18:25:12.251902
initialtestingdonotpull1235,2025-08-23T17:43:40.860359
inject-rem,2024-04-22T09:48:51.310905
innostage,2024-10-06T13:59:18.485977
innostage-group,2024-10-07T13:04:14.314383
insanepackage217234234242423442983,2024-03-26T21:19:39.707585
insanepackage21724342386744243242983,2024-03-26T21:20:29.533910
insanepackage217424422342983,2024-03-26T21:19:09.603764
insanepackage2179824234242342433,2024-03-26T21:19:14.640404
insanepackageongong11192,2024-03-26T21:07:58.098536
insanepackageongong192,2024-03-26T21:07:09.516370
insanepackagev1414,2024-03-26T20:56:54.678346
instabots,2022-08-18T01:27:16.253718
install-all-setup,2025-10-29T20:48:28.243453
install-crypto,2024-04-22T09:48:51.326905
install-pytest,2024-04-22T09:48:51.354904
install-pyyaml,2024-04-22T09:48:51.366904
installpippython,2023-05-09T14:44:27.549575
installpy,2022-10-24T02:02:37.887055
instantcolor,2022-12-29T23:35:53.492807
instarequests,2024-03-04T01:07:54
intcontrol,2023-02-25T14:19:56.758150
intelgrand,2023-02-25T14:26:12.803087
intellib,2023-02-25T14:17:50.770591
intelpong,2023-02-25T14:10:09.804994
intelproof,2023-02-25T14:22:59.584245
intelpush,2023-02-25T14:02:55.458175
intelpy,2023-02-25T14:28:25.566031
intelrand,2023-02-25T14:00:55.090303
intelstr,2023-02-25T14:09:28.031541
intelvisa,2023-02-25T14:21:05.483027
intget,2023-02-25T14:23:34.842644
inthacked,2023-02-25T14:33:07.898568
intint,2023-02-25T14:00:12.911321
intlib,2023-02-25T14:04:10.922683
intmc,2023-02-25T14:30:20.099458
intnvidia,2023-02-25T14:21:24.132087
intpaypal,2023-02-25T13:58:22.866852
intpep,2023-02-25T14:15:47.158862
intpyw,2023-02-25T14:26:01.963428
intstudy,2023-02-25T14:10:57.230143
intver,2023-02-25T14:23:02.954340
invokehttp,2024-08-29T04:26:47.176167
iou3d,2022-01-23T21:48:00.122962
ipaddres,2022-08-13T09:50:17.279782
ipadress,2022-08-13T09:49:28.710584
ipboards,2021-02-27T04:56:50
ipllow,2023-02-11T09:28:24.452102
ipyhton,2022-11-07T02:14:19.370991
ironic-secureboot-driver,2024-04-22T09:48:51.378904
iscc-flag,2025-07-16T08:11:05.797310
iscord-py,2023-02-11T10:03:48.724160
iscord-webhook,2023-02-11T10:00:30.955199
ismplejson,2023-02-11T09:44:30.304134
isred,2024-02-28T06:50:32.964038
itcoinlib,2023-02-09T16:54:18.326914
itpython,2023-02-11T10:32:23.985942
iufgbewroibgfowiebc,2024-10-16T19:43:12.576698
j3y5r,2022-11-12T15:39:48.636470
j5gerggnpuiwerbngpiutbgn0iutb0p,2024-10-17T11:37:52.931653
j5gnpfweguiwerbngpiutbgn0iutb0pfwbdfsfef,2024-10-17T11:55:47.838395
j5gnpuiwerbngpiutbgn0iutb0p,2024-10-17T11:22:09.677880
ja3-hashscript,2023-08-15T18:00:19.453893
jango-metamask-auth,2022-08-23T11:00:31.730180
jango-web3-auth,2022-08-23T11:01:23.879304
jas9do1,2023-07-05T15:12:33.921170
javapatch,2023-09-23T13:58:04.366360
jeilyfish,2018-12-11T00:25:49
jinja22,2023-05-23T20:36:19.518296
jksandbox,2024-04-15T22:40:27
jmdrs,2024-04-22T09:48:51.402904
johnhammondfanpackage124,2024-03-27T14:56:40.836028
johnhammondontop183,2024-03-27T19:51:17.023048
joyboyw,2025-12-05T02:49:06.753371
jsonist,2025-08-14T22:10:34.886657
jsonreq-ase,2025-07-07T07:12:10.903885
judyb-advanced,2023-02-18T09:12:08.208142
junkeldat,2016-12-13T16:14:57
juphelper,2024-08-14T11:44:35.943597
jupihelp,2024-08-21T14:46:35.368695
jupiter-helper,2024-08-10T13:40:39.106484
jupitercalc,2024-03-15T11:59:06.992485
jupiterhelper,2024-08-10T14:23:58.249213
jupphelp,2024-08-22T11:10:50
jupyter-calendar-extension,2024-05-20T15:00:03.208611
jupyter-pytest-fi-console,2024-04-30T16:53:12.156960
jupyter_calendar_extension,2024-05-20T15:00:03.208611
jzyRLjROXlCa,2023-07-21T02:05:20.863647
kangpy,2023-04-30T04:18:17.716713
karma-jasmine-sinon,2025-06-08T23:00:40.045232
kayauthgen,2022-11-08T23:46:45.644404
kazer12,2024-04-22T09:48:51.458903
kcalendar,2023-02-11T17:27:42.316398
kdewebhelper,2025-11-20T16:24:31.673484
kears,2022-08-13T09:57:47.036043
kekovayalibka,2025-09-08T18:25:24
keras-arg,2024-04-22T09:48:51.470902
keras-beautifulsoup,2024-04-22T09:48:51.482902
kers,2022-11-16T21:58:58.384419
kersa,2024-09-20T00:39:49.252031
kertash,2020-02-02T00:00:00
keyauthkey,2022-11-08T22:42:42.227488
keybaord,2022-08-18T02:00:23.283826
keybard,2025-05-11T12:29:39
kfactionantiafk,2023-02-05T17:34:47.137791
kfactionbypasser,2023-02-05T04:09:44.660522
kfactionlogger,2023-02-24T00:53:56.535214
kfactionlogger2,2023-03-02T21:36:59.585124
killcc,2023-02-25T14:28:11.542542
killcontrol,2023-02-25T14:32:35.078964
killcraft,2023-02-25T14:27:30.250774
killed,2023-02-25T14:06:48.796115
killgame,2023-02-25T14:05:10.678304
killhacked,2023-02-25T14:28:18.949501
killhydra,2023-02-25T13:59:33.512873
killosint,2023-02-25T14:07:24.234585
killproof,2023-02-25T14:29:51.640839
killpush,2023-02-25T14:19:00.843118
killpyw,2023-02-25T14:19:29.036174
killrand,2023-02-25T14:29:37.956487
killreplace,2023-02-25T14:12:07.403880
killskids-auth,2023-07-14T11:33:47.290289
killvisa,2023-02-25T14:31:35.934940
kimportsetup,2025-08-24T02:41:17.077920
kings-landing-obfuscate,2022-08-07T05:37:19.419573
kingwork-test,2025-10-29T15:58:21.008343
kirux189894,2025-10-19T12:48:12.871562
kjfgjsfgj1234,2020-02-02T00:00:00
kjfgjsfgj1234567,2020-02-02T00:00:00
kjfgjsfgj12345678,2020-02-02T00:00:00
klsosdoids2,2025-10-19T12:52:54.258387
klsosdoids5,2025-10-19T13:13:32.836905
kmvn-ekjvnbwkhjbewv,2024-08-24T00:41:43.013787
kokokoako,2023-09-26T11:13:50.228362
kotlin-stdlib-jdk8,2024-11-29T08:23:28.142085
kraken-virus,2025-08-28T14:56:03.912957
krakenvirus,2025-08-28T21:13:04.362057
krisp-audio,2025-11-02T15:33:54.914449
ktcalendar,2023-02-11T17:26:56.811118
kubespy,2024-04-22T09:48:51.518902
kzip,2025-12-10T07:23:16.279577
lab-3-package-438d82fc,2024-10-11T16:33:25.445997
lalalaopti,2023-06-06T15:09:38.159047
lalaproxy,2024-04-22T09:48:51.534902
lan-clean,2024-12-15T02:46:13.394630
lanchain-openai,2025-12-23T03:24:28.323490
larpexodus,2024-10-10T19:03:03.447310
lastweb3toolzbro,2023-04-07T05:36:31.216424
latencyget,2023-01-31T21:16:43.978063
laysound,2022-08-24T04:06:59.000188
lazmat,2025-07-19T15:46:34.534719
lcick,2023-02-11T09:24:57.876155
ld-impl-linux,2022-11-17T11:51:07
ld-impl-linux-64,2022-11-17T11:51:07.542215
ld_impl_linux-64,2024-04-22T09:48:51.554901
legendevil1,2026-01-14T19:32:34
letters-font,2020-02-02T00:00:00
lgtbad,2023-02-25T14:10:05.984678
lgtbhttp,2023-02-25T14:30:31.697103
lgtbpep,2023-02-25T14:25:58.076393
lgtbpost,2023-02-25T14:26:15.974786
lgtbpull,2023-02-25T14:20:32.333838
lgtbre,2023-02-25T13:59:15.756005
lgtbsplit,2023-02-25T14:20:12.535347
lgtbstr,2023-02-25T14:04:05.285785
lgtbultra,2023-02-25T14:02:03.242241
lgtbvm,2023-02-25T14:06:15.868426
libLGTBkillhacked,2024-04-22T09:48:51.566901
libad,2023-02-23T21:30:50.281240
libadcandy,2023-02-25T21:15:25.878440
libadcvcpu,2023-02-26T18:14:43.607418
libadcvpip,2023-02-25T21:34:51.244268
libadhackedsplit,2023-02-27T00:36:33.793053
libadhydragui,2023-02-25T21:28:02.620770
libadosint,2023-02-25T21:11:30.780850
libadpaypal,2023-02-25T20:50:04.359718
libadpepre,2023-02-25T21:35:52.014239
libadproofver,2023-02-27T00:44:56.490668
libadstringstudy,2023-02-25T21:02:08.291184
libadstudypyw,2023-02-25T21:07:08.521289
libadtool,2023-02-25T14:43:39.239160
libadtoolmc,2024-04-22T09:48:51.582901
libadtoolrandom,2023-02-26T18:13:21.579784
libadurlcraft,2023-02-25T21:35:10.182900
libblas3,2023-10-09T05:22:43.671200
libc-dev,2026-01-11T07:16:24.494385
libcandy,2023-02-23T21:35:22.320911
libcandyadhydra,2024-04-22T09:48:51.598901
libcandycraftcontrol,2023-02-26T18:17:54.504019
libcandyedpong,2023-02-26T18:10:30.487008
libcandygame,2023-02-25T15:14:07.465322
libcandyintelvisa,2023-02-26T18:10:51.385868
libcandykillosint,2023-02-26T18:20:30.260832
libcandynvidiastr,2023-02-25T21:31:57.220593
libcandyosint,2023-02-25T14:41:38.163576
libcandypushrand,2023-02-25T21:30:23.161366
libcandyrandget,2023-02-25T21:36:00.479462
libcandyreplacecandy,2023-02-26T18:11:31.054419
libcandyretool,2023-02-27T00:35:36.960928
libcandystr,2023-02-25T14:51:22.243168
libcandystrmc,2023-02-25T21:26:42.275192
libccadurl,2023-02-25T21:28:56.591648
libcccvpull,2023-02-27T00:45:56.228109
libccgetsuper,2023-02-25T21:33:07.486464
libcchydraencode,2023-02-25T21:08:06.128952
libccint,2023-02-25T14:39:10.927393
libcckillhydra,2023-03-03T15:35:35.017606
libccproof,2023-02-25T20:51:43.943451
libccraminfo,2023-02-25T21:03:05.652390
libccreplace,2023-02-25T21:10:53.687265
libccreplacemask,2024-04-22T09:48:51.622900
libccurlcv,2023-02-25T21:27:10.151975
libccvmcraft,2023-02-25T21:26:50.133535
libcontrol,2023-02-24T21:09:43.416437
libcontroladed,2023-02-27T00:36:19.403920
libcontrolgui,2023-02-25T15:10:02.069580
libcontrolguiget,2023-02-25T21:01:22.078231
libcontrolhttpstr,2023-03-03T15:34:47.077682
libcontrolinfomine,2023-02-25T21:33:32.285132
libcontrolinfostr,2023-02-26T18:16:21.272834
libcontrolintel,2023-02-25T20:52:43.904287
libcontrolkillload,2023-02-25T21:28:45.839331
libcontrolminepyw,2023-02-26T18:18:14.588111
libcontrolosint,2023-02-25T21:02:34.454927
libcontrolpyinfo,2023-02-27T00:44:33.292650
libcontrolramhacked,2023-02-25T20:59:34.321211
libcontrolramre,2023-02-25T20:57:39.416302
libcontrolrehydra,2024-04-22T09:48:51.650900
libcontrolstr,2023-02-25T20:52:06.989532
libcontrolstringcc,2023-02-27T13:37:17.490691
libcontroltoolver,2023-02-26T18:15:14.374135
libcontrolultrakill,2023-02-27T00:46:35.801671
libcontrolultrastudy,2023-02-25T21:32:36.650142
libcontrolultravm,2024-04-22T09:48:51.666899
libcontrolurl,2023-02-25T14:42:50.974538
libcontrolverlgtb,2023-03-07T19:17:34.262262
libcontrolvirtual,2023-02-25T14:45:00.020961
libcpu,2023-02-24T21:07:47.988442
libcpugamecc,2023-02-27T13:19:53.941690
libcpuhydraintel,2023-02-25T20:54:47.216398
libcpuinted,2023-02-25T21:05:32.873949
libcpumineed,2023-02-25T21:02:26.551877
libcpupep,2023-02-25T14:51:17.575690
libcpupywmine,2024-04-22T09:48:51.702899
libcpuram,2023-02-25T14:57:23.642191
libcpustrmask,2023-02-27T00:39:09.539423
libcpusuperpong,2023-02-25T21:28:11.520794
libcpuvm,2023-02-25T15:02:18.127124
libcraftcandyrandom,2023-02-26T18:16:47.989580
libcraftcontrolcraft,2023-02-25T21:12:29.618077
libcraftguipost,2023-02-25T21:27:54.502752
libcrafthackedsplit,2023-03-03T15:35:05.698251
libcraftinfo,2023-02-25T15:16:35.484028
libcraftlgtbload,2023-03-08T15:47:31.782613
libcraftloadurl,2023-02-26T18:12:22.006817
libcraftmcrand,2023-02-25T21:30:54.342563
libcraftosint,2023-02-25T14:51:30.634029
libcraftosintnvidia,2023-02-25T21:34:20.453082
libcraftre,2023-02-25T21:08:59.938709
libcraftreplaceencode,2023-02-25T21:10:28.817425
libcraftsplithacked,2023-02-26T18:13:36.749257
libcraftsplitint,2023-02-25T21:40:11.760786
libcraftstringcc,2023-02-25T21:14:02.925138
libcraftsuperre,2024-04-22T09:48:51.738898
libcvcandycontrol,2023-02-27T00:43:03.511757
libcvcontrolhydra,2023-02-26T18:15:42.773069
libcvcv,2023-02-25T21:13:20.514174
libcvcvkill,2023-02-27T00:35:47.957662
libcvencode,2023-02-25T20:57:20.518013
libcvgetsplit,2023-02-26T18:14:09.375296
libcvgrandpep,2023-02-25T21:36:17.962757
libcvminecandy,2023-02-25T21:30:57.948590
libcvpiphttp,2023-02-25T21:46:07.834715
libcvpippep,2023-02-27T00:45:18.114841
libcvproofstr,2023-03-08T22:35:51.383150
libcvpush,2023-02-25T20:50:52.084090
libcvstred,2023-02-25T21:32:32.987446
libcvstring,2023-02-25T14:52:34.027780
libcvverstr,2023-02-25T20:54:30.171883
libedencodemine,2023-02-27T00:41:53.127037
libedgetstudy,2024-04-22T09:48:51.762898
libedgui,2023-02-25T15:05:07.799092
libedkillcraft,2023-02-27T00:42:30.286997
libedlgtbreplace,2023-02-26T18:18:52.061621
libedmcpong,2023-02-27T00:38:45.424094
libedpephttp,2023-02-25T21:12:25.469042
libedpingcv,2023-02-26T18:20:23.980649
libedpost,2023-02-25T14:37:42.893149
libedpywhttp,2023-02-26T18:10:58.273184
libedramlgtb,2023-02-26T18:13:39.046278
libedvmcc,2023-02-25T21:31:51.050716
libencodegrandhttp,2023-02-27T00:40:06.303083
libencodeliburl,2023-02-25T20:52:11.120437
libencodenvidia,2023-02-25T14:59:29.180396
libencodeping,2023-02-25T21:12:28.418042
libencodepypost,2024-04-22T09:48:51.774898
libencodepywkill,2023-02-25T21:33:53.686400
libencoderandomcpu,2023-02-25T21:28:16.439739
libencodestringver,2023-02-25T21:45:42.238590
libencodesuper,2023-02-25T14:47:59.669791
libencodeultrainfo,2023-02-27T00:45:06.450251
libencodeurlnvidia,2023-02-25T21:39:38.544985
libencodevmping,2023-02-25T21:32:46.356519
libffm,2020-02-26T04:01:55
libfwupdplugin1,2024-04-22T09:48:51.786898
libgame,2023-02-23T21:40:53.516013
libgamecontrol,2023-02-25T21:05:45.964119
libgamehacked,2023-02-25T14:45:49.158187
libgameinfo,2023-02-25T14:47:00.501602
libgamemine,2023-02-25T15:11:28.695473
libgameremask,2023-02-27T00:38:51.713208
libgamereplacemask,2023-02-25T21:09:12.725933
libgamevisa,2023-02-25T15:09:49.180658
libgamevisamask,2023-02-27T13:20:11.622690
libget,2023-02-23T21:52:31.759638
libgetcccandy,2023-02-25T20:54:03.336769
libgetencode,2023-02-25T14:41:12.638016
libgetmccv,2023-02-27T13:25:20.663690
libgetpongrandom,2023-02-25T21:08:08.011070
libgetpullmine,2023-02-25T21:12:03.169805
libgetpy,2023-02-25T21:07:04.567704
libgetpystring,2023-02-25T21:32:56.350725
libgetrandram,2023-03-02T19:10:53.122469
libgetrepy,2023-02-25T21:31:32.060887
libgetstudy,2023-02-25T15:14:45.670808
libgettooltool,2023-02-25T21:46:33.251992
libgeturlrandom,2023-02-25T21:37:52.723090
libgetvirtualget,2023-02-25T21:09:02.909349
libgetvmed,2023-02-25T21:36:34.091213
libgrandcpulib,2023-02-27T00:45:31.563939
libgrandgrand,2023-02-25T20:58:56.078698
libgrandint,2023-02-25T21:10:27.624110
libgrandintelpy,2023-02-25T21:29:05.361465
libgrandlibpyw,2023-03-08T22:35:55.869153
libgrandloadcv,2023-02-25T20:55:59.745910
libgrandmask,2023-02-25T15:16:54.126076
libgrandmc,2023-02-25T14:40:26.039235
libgrandosintencode,2023-02-25T21:06:18.077077
libgrandpaypalget,2023-02-27T00:43:23.361490
libgrandrammc,2023-02-27T13:35:46.652691
libgrandrandomintel,2023-02-27T13:23:14.716686
libgrandstring,2023-02-25T14:38:50.094312
libgrandver,2023-02-25T14:46:16.240477
libgrandverultra,2024-04-22T09:48:51.850897
libgui,2023-02-24T14:54:18.549427
libguicraftcandy,2023-02-27T20:10:54.463161
libguiencode,2023-02-25T20:50:06.025939
libguigrand,2023-02-25T14:48:47.371827
libguigrandmc,2023-03-12T10:17:43.384470
libguiinfosuper,2023-02-27T00:40:37.998828
libguilib,2023-02-25T20:50:01.148141
libguipaypal,2023-02-25T20:50:34.041021
libguipaypalnvidia,2023-02-27T00:36:38.215268
libguiping,2023-02-25T14:55:14.554982
libguiposthacked,2023-02-27T00:35:08.044990
libguipushload,2023-02-27T00:36:50.773982
libguipushreplace,2023-02-26T18:10:36.239296
libguirandom,2023-02-25T14:41:54.710787
libguireplaceram,2023-03-12T10:18:25.303069
libguistrmc,2023-02-25T20:56:04.110206
libguistrpost,2023-02-25T21:31:28.524948
libguistudyram,2023-02-25T21:31:10.428142
libguiurlcc,2023-02-27T13:21:42.287690
libguivisastring,2023-02-26T18:13:10.836200
libguivmcv,2023-02-27T00:39:39.086431
libhackedcv,2023-02-25T14:54:15.119843
libhackedgamecpu,2023-02-25T21:04:51.526132
libhackedguiver,2023-02-27T13:29:56.309688
libhackedhackedgui,2023-02-27T00:38:22.511605
libhackedkillcontrol,2023-02-27T13:43:06.402690
libhackedloadtool,2024-04-22T09:48:51.918895
libhackedosintvm,2024-04-22T09:48:51.934895
libhackedpepreplace,2023-02-25T21:31:01.821613
libhackedpullload,2023-02-27T00:37:43.837475
libhackedpullpy,2023-02-27T00:45:10.647752
libhackedstr,2023-02-25T14:54:23.292329
libhackedstrreplace,2024-04-22T09:48:51.950895
libhttpadrand,2023-02-27T00:34:54.792373
libhttpcc,2023-02-25T14:57:51.901831
libhttpcvurl,2023-02-25T20:53:43.890740
libhttphttpcandy,2023-02-26T18:09:59.844712
libhttphydraget,2023-02-25T21:32:06.500801
libhttpintelstr,2023-02-25T21:36:32.898216
libhttpkill,2023-02-25T14:55:30.641124
libhttpliburl,2023-02-25T21:36:51.179464
libhttposintgame,2023-02-25T21:22:49.661867
libhttppip,2023-02-25T21:14:39.928054
libhttppostcraft,2023-02-27T13:24:37.694689
libhttppostpost,2024-04-22T09:48:51.970895
libhttps,2023-01-12T17:30:54
libhydracandymask,2023-02-25T21:35:33.907620
libhydracraftrand,2023-02-25T21:13:06.972092
libhydracvnvidia,2023-02-25T21:06:35.511343
libhydraedstudy,2024-04-22T09:48:51.990895
libhydraint,2023-02-25T14:45:38.954203
libhydraminepyw,2023-02-25T21:39:53.660313
libhydrapong,2023-02-25T21:10:31.595597
libhydrapongstudy,2023-02-25T20:59:51.504842
libhydraregame,2023-02-25T21:04:59.684273
libhydrareplacere,2023-02-25T21:22:35.940938
libhydrastrpy,2023-02-26T18:14:46.223344
libhydrasupercpu,2023-02-25T21:37:02.314111
libhydratooled,2023-02-27T00:40:36.694643
libhydravered,2023-02-25T21:15:52.647691
libhydravmmine,2023-02-25T21:10:51.421208
libhydravmram,2023-02-27T13:20:10.089690
libid,2024-04-22T09:48:51.994895
libida,2024-04-22T09:48:52.002894
libide,2023-04-29T22:31:19.818307
libidee,2024-04-22T09:48:52.022894
libideee,2024-04-22T09:48:52.030894
libideeee,2024-04-22T09:48:52.038894
libidi,2024-04-22T09:48:52.046894
libidos,2024-04-22T09:48:52.058893
libidreq,2023-04-27T23:47:52.769538
libidrequest,2023-04-23T19:55:54.254248
libig,2024-04-22T09:48:52.082893
libinfo,2023-02-23T21:39:29.492064
libinfoccgrand,2023-02-25T21:45:03.349967
libinfoed,2023-02-25T20:49:43.120617
libinfoget,2023-02-25T20:50:30.579586
libinfogrand,2023-02-25T15:02:26.096233
libinfohacked,2023-02-25T21:05:09.691900
libinfohydravirtual,2023-02-25T20:59:45.495083
libinfointel,2023-02-25T14:53:01.811304
libinfolibre,2023-02-27T00:40:41.545860
libinfopiphttp,2023-02-25T21:26:04.200278
libinforam,2023-02-25T15:14:17.788651
libinforampy,2023-02-27T13:35:08.326690
libinfore,2023-02-25T21:06:54.218931
libinforeplacehacked,2023-02-26T18:14:16.593468
libinfosuperint,2023-02-25T21:03:21.606443
libinfovirtualcontrol,2023-02-27T13:35:15.708688
libintcontrol,2023-02-25T20:53:25.383081
libintcpusplit,2024-04-22T09:48:52.122892
libintelccload,2023-02-25T21:25:57.836021
libintelcv,2023-02-25T15:10:57.177757
libintelinfo,2023-02-25T21:15:37.026017
libintelinfostr,2023-02-25T21:03:10.026968
libintelkillinfo,2023-02-26T18:18:57.747787
libintelkillvm,2024-04-22T09:48:52.134892
libintelpaypal,2023-02-25T14:46:29.783559
libintelpostlib,2024-04-22T09:48:52.150892
libintelpyw,2023-02-25T14:59:13.156240
libintelram,2023-02-25T14:54:59.586276
libintelurlurl,2023-02-25T21:37:22.387291
libinthydragrand,2023-02-25T21:02:37.595441
libintint,2023-02-25T21:12:00.725784
libintintel,2023-02-25T21:04:42.653234
libintkill,2023-02-25T14:39:21.891026
libintlibmc,2023-02-26T18:18:15.951370
libintmccontrol,2023-02-27T13:34:30.772691
libintnvidiagame,2023-02-25T21:10:16.211274
libintproofpush,2023-02-27T13:42:54.589692
libintultrapyw,2023-02-27T13:17:40.990170
libiobe,2023-06-06T21:12:31.245550
libiobi,2023-06-03T14:51:59.212507
libkillcandy,2023-02-25T14:55:43.819643
libkillcontrolcandy,2023-02-25T21:31:44.070155
libkillcraftver,2023-02-26T18:10:44.703490
libkillcv,2023-02-25T21:11:20.208699
libkilledgame,2024-04-22T09:48:52.186891
libkillencodeed,2023-02-27T00:41:22.942586
libkillgamemc,2023-02-26T18:14:38.451293
libkillhackedhttp,2023-02-27T00:38:35.457892
libkillmaskhydra,2024-04-22T09:48:52.206891
libkillmc,2023-02-25T14:48:30.335754
libkillproofpaypal,2023-02-26T18:14:56.729284
libkillpushpost,2023-02-27T00:35:46.820082
libkillrandcandy,2023-02-25T21:31:40.010070
libkillsplit,2023-02-25T20:51:37.132314
libkillstring,2023-02-25T14:50:40.129735
libkillstringreplace,2023-02-25T21:29:28.050841
libkillvisare,2023-02-25T20:56:59.527222
libkillvmcraft,2023-02-25T21:36:35.380216
liblapack-dev,2023-10-09T05:27:31.848945
liblapack3,2023-10-09T05:12:19.046464
liblgtb,2023-02-25T14:08:12.392121
liblgtbencodegrand,2023-02-26T18:20:30.171784
liblgtbgrandvm,2023-02-26T18:11:28.076002
liblgtbnvidiaproof,2023-02-26T18:18:09.569102
liblgtbpong,2023-02-25T15:15:15.307619
liblgtbpostpaypal,2023-02-26T18:11:36.293079
liblibad,2023-02-25T21:09:31.133168
liblibcvsuper,2023-02-25T21:30:13.323947
liblibed,2023-02-25T14:42:27.172708
liblibgame,2023-02-25T21:02:15.928294
liblibhttpinfo,2023-02-25T21:29:06.476512
liblibint,2023-02-25T21:14:46.824222
liblibintgame,2023-02-25T21:27:56.887185
liblibpingad,2023-02-25T21:34:40.603063
liblibpiprandom,2023-02-25T21:35:12.652447
liblibpongvisa,2023-02-26T18:15:50.907071
liblibpostcc,2024-04-22T09:48:52.218891
liblibpywre,2023-02-25T21:37:10.639606
liblibsuperad,2023-02-26T18:11:46.810080
libload,2023-02-23T21:50:42.825086
libloadcraftcv,2023-02-27T13:34:27.641689
libloadencodeencode,2023-02-27T00:38:24.138547
libloadgame,2023-02-25T20:55:33.017240
libloadhackedpep,2023-02-26T18:12:45.813862
libloadhackedpyw,2023-02-27T13:18:28.003170
libloadpaypalrandom,2023-02-25T21:11:53.359845
libloadpostvm,2023-02-27T13:29:54.046690
libloadpulllib,2023-02-25T21:07:15.783842
libloadpushvirtual,2023-02-27T00:43:21.729495
libloadram,2023-02-25T15:07:58.561909
libloadramstring,2023-02-27T13:20:38.660695
libloadsuperpull,2023-02-25T21:37:35.439801
libloadurlrand,2023-02-27T13:35:02.816693
libmask,2023-02-24T14:36:02.645405
libmaskcpu,2023-02-25T20:52:42.570752
libmaskguimine,2023-02-27T00:40:47.085309
libmaskhackedsplit,2023-02-25T20:56:54.762680
libmaskintel,2023-02-25T20:50:41.437096
libmasklibcv,2023-02-25T20:51:55.330861
libmasklibosint,2024-04-22T09:48:53.358873
libmaskload,2023-02-25T15:12:20.560301
libmaskmask,2023-02-25T20:49:44.260618
libmaskosinthydra,2024-04-22T09:48:53.370873
libmaskproofpep,2023-02-25T21:40:18.187608
libmaskramcv,2023-02-27T13:30:37.500689
libmaskrandomcc,2023-02-25T21:06:53.075432
libmaskreurl,2023-02-25T20:54:49.926666
libmasksplittool,2023-02-26T18:10:35.099828
libmaskstudyrandom,2023-02-25T21:14:21.308444
libmaskver,2023-02-25T14:51:12.939298
libmaskvirtual,2023-02-25T15:15:28.990035
libmaskvirtualpyw,2023-02-27T13:20:39.428688
libmccandyhttp,2023-02-25T20:53:33.653944
libmccchacked,2023-02-27T00:41:03.550132
libmccraftpush,2024-04-22T09:48:53.386873
libmcencodeed,2023-02-25T21:01:32.106944
libmcget,2023-02-25T21:11:26.749295
libmchydraint,2023-02-25T21:39:18.205519
libmcint,2023-02-25T21:05:00.691274
libmcintel,2023-02-25T21:03:41.334806
libmclibed,2024-04-22T09:48:53.398873
libmcmaskkill,2023-02-25T21:00:03.184962
libmcmine,2023-02-25T14:52:53.589986
libmcpep,2023-02-25T14:47:34.559676
libmcpingstudy,2023-02-26T18:14:36.990294
libmcpipver,2023-02-25T21:31:05.580906
libmcpongvm,2023-02-25T21:32:00.463609
libmcpywcontrol,2023-02-26T18:18:11.342470
libmcrandompep,2023-02-25T21:29:44.286910
libmcrandomre,2023-02-25T21:12:04.638435
libmcrever,2023-02-26T18:12:38.106865
libmine,2023-02-23T17:00:48.349291
libminekill,2023-02-25T15:05:54.472456
libminenvidiahydra,2023-02-25T21:05:23.474436
libminepushrandom,2023-02-25T20:53:16.682907
libminerandomosint,2023-03-03T15:34:54.711679
libminestudy,2023-02-25T20:50:11.352070
libmineurl,2023-02-25T20:59:28.369073
libminevisarand,2023-02-25T21:30:07.997911
libminevmre,2023-02-26T18:10:48.395492
libnvidiacpustr,2023-02-27T00:43:13.318911
libnvidiacvmc,2023-02-27T00:43:11.889972
libnvidiaencodehacked,2023-02-25T21:06:51.582430
libnvidiagrand,2023-02-25T20:50:45.436232
libnvidiaintmine,2023-02-25T21:34:39.470067
libnvidiamcad,2023-02-27T13:19:40.581690
libnvidiamcver,2023-02-25T21:32:04.121492
libnvidiapeppull,2023-02-25T21:25:56.144221
libnvidiapippaypal,2023-02-25T21:01:34.496480
libnvidiapy,2023-02-25T20:52:08.228895
libnvidiarecontrol,2023-02-25T21:26:26.837629
libnvidiareplacerandom,2024-04-22T09:48:53.426872
libnvidiasplitpep,2024-04-22T09:48:53.442872
libosintcvkill,2023-02-26T18:14:07.832954
libosintgrandinfo,2023-02-25T20:52:19.574780
libosintguiram,2023-02-26T18:20:40.785628
libosintinfo,2023-02-25T15:06:29.254293
libosintkill,2023-02-25T14:56:43.147408
libosintliblgtb,2023-03-12T10:18:44.746593
libosintmask,2023-02-25T20:55:01.254784
libosintnvidiapull,2023-02-26T18:16:02.490118
libosintpostvisa,2023-02-25T20:58:18.772405
libosintramcontrol,2023-02-26T18:19:04.743057
libosintsplitmc,2023-02-25T21:32:24.356869
libosintstringcandy,2023-02-25T21:07:23.088351
libosintultrapyw,2023-02-27T00:42:56.351850
libosinturl,2023-02-25T14:58:07.714138
libosinturlping,2023-02-25T21:09:17.767455
libpaypalcontrolultra,2023-02-27T00:41:02.540133
libpaypalcpugrand,2023-02-25T21:34:23.414143
libpaypalhackedlgtb,2023-02-27T00:44:14.595119
libpaypalintpy,2023-02-25T21:03:57.117449
libpaypalmc,2023-02-25T15:00:46.876884
libpaypalosintvisa,2023-02-25T21:11:44.171358
libpaypalpaypalrandom,2023-02-25T21:08:43.804243
libpaypalpingnvidia,2023-02-25T21:01:39.449132
libpaypalpost,2023-02-25T20:56:51.870303
libpaypalpullsuper,2023-02-25T21:12:45.859919
libpaypalurlstring,2023-02-25T21:36:58.426829
libpep,2023-02-24T15:00:58.986425
libpepcandymc,2023-02-27T00:41:54.397034
libpepcclib,2023-02-27T13:29:39.255690
libpepcontrolultra,2023-02-25T21:29:45.527961
libpepcpuad,2023-02-27T00:43:37.266495
libpeplgtbinfo,2023-02-26T18:16:39.318675
libpeppingpyw,2023-02-25T21:45:48.723880
libpeppipintel,2024-04-22T09:48:53.470871
libpeppostmask,2023-02-25T21:04:48.921131
libpepproofstring,2023-02-25T21:30:04.050059
libpepram,2023-02-25T21:15:45.546324
libpepramvm,2023-02-25T21:31:19.850065
libpeprand,2023-02-25T14:38:43.029737
libpepreplacegui,2023-02-25T21:22:28.825609
libpepstring,2023-02-25T21:08:49.261563
libpeshka,2017-11-23T19:51:33
libpeshnx,2017-11-23T19:41:38
libpingcontrolstring,2023-02-27T00:36:12.622215
libpingget,2023-02-25T20:49:53.992970
libpinghttphttp,2023-02-26T18:16:06.114212
libpinghydrapong,2023-02-25T21:09:22.850996
libpingpykill,2023-02-27T00:40:53.635043
libpingpyw,2023-02-25T14:42:30.296793
libpingpywproof,2023-02-25T21:04:05.047246
libpingrandomad,2023-02-27T00:38:50.510645
libpingreintel,2023-03-12T10:18:06.977003
libpingstringreplace,2023-02-27T00:45:37.011287
libpingurl,2023-02-25T21:04:15.779068
libpingverrand,2024-04-22T09:48:53.498871
libpingvisagui,2023-02-25T20:55:18.527164
libpip,2023-02-23T16:59:37.332911
libpipccstudy,2023-02-25T21:29:11.790411
libpipcontrolcandy,2024-04-22T09:48:53.510871
libpipcraftload,2023-02-25T20:54:41.265178
libpipcvpip,2024-04-22T09:48:53.526871
libpipinfoad,2023-03-07T19:17:39.461861
libpipnvidia,2023-02-25T21:09:32.148165
libpiposintmc,2023-02-27T20:11:01.133462
libpippy,2023-02-25T20:50:58.659909
libpipultraproof,2023-02-25T21:33:33.630436
libpipultravirtual,2023-05-07T19:10:09.221032
libpongcvvm,2023-03-09T22:24:54.589066
libponggetpaypal,2024-04-22T09:48:53.622869
libponginfo,2023-02-25T20:50:55.318382
libpongload,2023-02-25T15:14:53.185329
libpongmc,2023-02-25T15:14:42.242553
libpongproof,2023-02-25T21:12:57.975625
libpongproofload,2023-02-25T21:27:18.644870
libpongpyw,2023-02-25T20:51:02.024914
libpongram,2023-02-25T21:14:23.757873
libpongstringrand,2023-02-25T21:36:15.261608
libpongsuperpip,2023-02-25T21:38:35.446224
libpongurlvm,2023-02-27T00:46:05.653110
libpongvisacpu,2023-02-27T00:41:42.720477
libpost,2023-02-23T17:02:35.660999
libpostcandy,2023-02-25T15:06:09.948363
libpostcpumine,2023-02-25T21:15:28.321495
libpostcpupaypal,2023-02-27T00:43:20.530501
libpostcraftpush,2023-02-26T18:14:52.846223
libpostcvget,2023-02-25T21:31:33.221713
libposthacked,2023-02-25T14:46:50.010769
libpostinfo,2023-02-25T14:48:19.866926
libpostint,2023-02-25T14:49:40.095125
libpostintel,2023-02-25T21:09:48.369285
libpostmcstudy,2024-04-22T09:48:53.638869
libpostping,2023-02-25T21:00:15.080713
libpostpong,2023-02-25T14:44:41.131687
libpostpongmc,2024-04-22T09:48:53.650869
libpostpull,2023-02-25T20:51:48.625920
libpostpullpaypal,2024-04-22T09:48:53.670868
libpostpushping,2023-02-25T21:12:08.510958
libpostrestring,2023-02-27T00:35:34.761896
libposttoolgame,2023-02-27T13:20:49.338691
libpostvmgrand,2023-02-25T21:30:00.325003
libproof,2023-02-24T21:18:13.666051
libproofcvgame,2023-02-27T00:38:03.121123
libproofkill,2023-02-25T20:49:27.228066
libproofkillpong,2023-02-27T00:39:36.808438
libproofpong,2023-02-25T15:01:31.911635
libproofproofproof,2023-02-25T20:52:50.601360
libproofpywping,2023-02-25T21:40:55.216489
libproofsuper,2023-02-25T21:13:30.569847
libproxy,2023-11-24T23:05:20.219147
libpullcandy,2023-02-25T21:05:11.054432
libpullcc,2023-02-25T20:51:43.854445
libpullcontrol,2023-02-25T14:52:49.765747
libpulledping,2023-02-27T13:20:09.377690
libpullgui,2023-02-25T15:15:11.302633
libpullpep,2023-02-25T21:05:15.179015
libpullpongpaypal,2023-03-03T15:35:30.989046
libpullproofencode,2023-02-27T00:35:31.904875
libpullpull,2023-02-25T14:47:04.386770
libpullpywgrand,2023-02-25T21:28:35.724801
libpullstring,2023-02-25T21:05:40.551049
libpullsuperpaypal,2023-02-25T21:35:08.808356
libpullurl,2023-02-25T14:48:26.801091
libpullurlcandy,2023-02-27T13:42:54.610692
libpullvisapy,2024-04-22T09:48:53.706868
libpushad,2023-02-25T14:40:53.576682
libpushcv,2023-02-25T21:13:35.682655
libpushcvpaypal,2023-02-27T13:37:14.648691
libpushgetkill,2023-02-26T18:19:27.397583
libpushhttpget,2023-02-26T18:20:07.541681
libpushinfogrand,2023-02-26T18:10:46.213489
libpushintpong,2023-02-26T18:20:48.646649
libpushmasklgtb,2023-02-27T13:28:29.258690
libpushpyw,2023-02-25T21:02:24.111800
libpushramosint,2023-02-26T18:10:27.958008
libpushramvisa,2023-02-25T21:31:30.868857
libpushrandcv,2023-02-25T21:27:42.398422
libpushrandlib,2023-02-25T21:08:41.235125
libpushultra,2023-02-25T21:08:13.310301
libpushultrapull,2023-02-25T21:26:59.057667
libpushvisa,2023-02-25T21:06:04.679261
libpycc,2023-02-25T15:04:46.970799
libpycccv,2023-02-27T13:30:22.629691
libpycontrolsuper,2023-02-25T21:24:03.478216
libpycpucontrol,2023-02-25T21:34:53.924286
libpyinfogui,2023-02-25T21:28:54.238755
libpyminelib,2023-02-26T18:11:21.819967
libpyosintinfo,2023-02-25T21:46:27.551001
libpystudyre,2023-02-27T13:20:52.174690
libpyw,2023-02-24T21:05:59.019395
libpywgame,2023-02-25T21:14:05.334139
libpywgui,2023-02-25T15:15:25.594676
libpywintelrand,2023-02-25T21:31:04.200858
libpywintnvidia,2023-02-26T18:20:36.317419
libpywpywcc,2023-02-26T18:10:18.032713
libpywramgrand,2023-02-25T21:28:13.923136
libpywrand,2023-02-25T20:58:11.619850
libpywreproof,2024-04-22T09:48:53.734867
libpywstrvm,2023-03-07T19:17:41.407282
libpywvisavirtual,2023-03-12T10:18:32.844860
libram,2023-02-23T19:22:13.407782
libramccload,2023-02-25T21:36:08.100838
libramcpuhacked,2023-02-27T13:29:09.979692
libramcv,2023-02-25T14:41:51.486477
libramguipull,2023-02-25T21:38:42.462734
libramhydralib,2023-02-27T00:46:40.648975
libramkillpip,2023-02-26T18:18:27.200737
libramloadgame,2023-02-27T00:36:55.704999
libramramram,2023-02-27T00:40:07.406101
libramvmver,2023-02-25T21:13:56.749795
librandLGTBultra,2024-04-22T09:48:53.774867
librandcraft,2023-02-25T20:57:31.644632
librandcraftvirtual,2023-02-25T21:03:32.145162
librandgetvisa,2023-02-27T13:20:26.648690
librandgrandpip,2023-02-25T21:33:38.984460
librandhackedstudy,2023-02-25T21:37:51.526068
librandintelget,2023-02-27T13:20:31.869690
librandloadad,2023-02-27T00:44:31.456756
librandloadmine,2023-02-25T21:31:07.984102
librandloadver,2023-02-25T21:28:12.546840
librandomadproof,2023-02-25T21:30:48.063221
librandomcandycontrol,2023-02-25T21:14:59.417954
librandomcontrol,2023-02-25T21:04:20.461314
librandomcrafthydra,2023-02-26T18:17:49.090044
librandomcvpyw,2023-02-26T18:13:34.271759
librandomget,2023-02-25T21:06:06.617259
librandomgetcpu,2023-02-25T21:09:47.146933
librandomguipip,2023-02-25T21:29:13.019541
librandomguitool,2023-02-25T21:00:55.789898
librandomintelgame,2024-04-22T09:48:53.790867
librandomintelkill,2024-04-22T09:48:53.802866
librandompush,2023-02-25T14:57:02.600288
librandomstudy,2023-02-25T21:11:16.528702
librandomvm,2023-02-25T20:54:33.923693
librandproofhttp,2024-04-22T09:48:53.818866
librandreplace,2023-02-25T21:09:01.631520
librandreultra,2023-02-25T21:35:55.475428
librandstrgui,2023-02-27T13:30:28.853689
librandstringpull,2024-04-22T09:48:53.830866
librat,2022-01-23T22:16:07.050936
librecandy,2023-02-25T14:39:52.761709
librecontrolhacked,2023-02-27T00:45:00.328573
libreencodead,2023-02-26T18:16:00.172971
libregame,2023-02-25T21:07:44.555010
librehackedpull,2024-04-22T09:48:53.846866
libreload,2023-02-25T14:40:16.319290
libreplacecontrolproof,2023-02-27T13:34:05.214690
libreplacecraftnvidia,2023-02-27T00:35:09.624987
libreplacegrandencode,2023-02-27T00:36:41.078382
libreplaceguipush,2023-02-25T20:52:00.909130
libreplacehydraram,2023-02-27T00:39:37.813435
libreplaceintel,2023-02-25T14:51:06.799785
libreplacemcultra,2023-02-27T00:42:22.869899
libreplacenvidiapost,2023-02-27T00:43:50.913008
libreplacepong,2023-02-25T14:55:56.704734
libreplacerandom,2023-02-25T21:08:32.646679
libreplaceultra,2023-02-25T14:51:02.986829
libreplaceultraintel,2023-02-27T13:25:45.106687
libreplacevm,2023-02-25T21:12:37.404618
librepost,2023-02-25T21:00:26.760901
librere,2023-02-25T15:11:40.692064
librereplacereplace,2023-03-02T19:11:15.991798
libressl,2024-04-22T09:48:53.886865
libreurlping,2023-02-27T00:36:27.813999
libsock4,2024-04-22T09:48:53.898865
libsplitencode,2023-02-25T20:55:24.799243
libsplitgameload,2023-02-25T21:28:09.072098
libsplitguipull,2023-02-26T18:14:29.904195
libsplitintel,2023-02-25T15:05:03.665520
libsplitminecraft,2023-02-27T00:37:23.004864
libsplitosint,2023-02-25T20:59:59.353776
libsplitpostcandy,2023-02-25T20:52:55.392790
libsplitpush,2023-02-25T21:12:22.980045
libsplitrandre,2023-02-25T21:06:55.484989
libsplitvirtualload,2023-02-27T00:42:41.645152
libstrad,2023-02-25T14:56:54.967556
libstrcraftint,2024-04-22T09:48:53.974864
libstringcandy,2023-02-25T21:02:09.516243
libstringgameload,2023-02-26T18:20:25.799261
libstringgetosint,2023-02-25T21:06:25.458790
libstringhackedhacked,2023-02-25T21:27:51.361311
libstringkillpyw,2023-02-25T21:31:35.644797
libstringpaypalrand,2023-02-27T13:29:30.407691
libstringpostmask,2023-02-26T18:19:02.260950
libstringpostvisa,2023-02-25T20:57:34.123785
libstringpy,2023-02-25T21:02:49.671221
libstringrandkill,2023-02-27T00:39:42.768047
libstringsplithttp,2023-02-27T00:42:46.949961
libstringstr,2023-02-25T15:06:21.426438
libstringstringgame,2023-02-25T21:06:40.819507
libstringstringram,2023-02-27T13:34:58.939692
libstringvmed,2023-02-25T20:55:49.363677
libstrpong,2023-02-25T14:49:36.650751
libstrproofurl,2024-04-22T09:48:53.990863
libstrpull,2023-02-25T20:49:15.577010
libstrpullpost,2023-02-25T21:13:46.853829
libstrpushkill,2023-02-27T13:42:56.168692
libstrrandreplace,2023-02-27T13:35:38.213690
libstrreget,2023-02-25T21:28:17.905307
libstrreplacecpu,2023-02-27T00:46:42.911742
libstrultrapush,2023-02-27T00:41:07.682892
libstudyencodepaypal,2024-04-22T09:48:54.002863
libstudyencodere,2023-02-25T21:29:15.516587
libstudyguipip,2023-02-26T18:11:20.636966
libstudylibpy,2023-02-25T21:26:54.117006
libstudypipstring,2023-02-27T13:34:35.128691
libstudypyw,2023-02-25T15:00:01.666076
libstudyrandom,2023-02-25T20:59:18.504120
libstudyreplace,2023-02-25T20:54:22.906242
libstudysplitping,2023-02-25T21:10:40.939571
libstudystring,2023-02-25T15:05:50.324101
libstudytoolosint,2023-02-26T18:19:39.603103
libsupercontrol,2023-02-25T15:04:09.022153
libsuperencode,2023-02-25T21:08:56.093796
libsupergrandpull,2023-02-27T13:35:49.509692
libsuperhydrainfo,2023-02-25T20:55:36.031638
libsuperinfo,2023-02-25T21:02:25.310800
libsuperint,2023-02-25T14:56:16.474370
libsuperintram,2023-02-27T13:42:56.284691
libsuperkilltool,2023-02-25T21:34:35.664790
libsuperpongsuper,2023-02-27T00:40:03.459456
libsuperpost,2023-02-25T21:09:15.405930
libsuperpostcc,2023-02-27T00:39:16.779715
libsuperproofint,2024-04-22T09:48:54.018863
libsuperpyw,2023-02-25T14:44:37.883621
libsuperregrand,2023-02-27T13:19:27.549692
libsupervisa,2023-02-25T14:50:20.646843
libsupervisaed,2023-02-25T21:30:20.798793
libtasnl,2025-10-22T11:10:20.403052
libtooladvirtual,2023-02-25T21:28:01.500138
libtoolcraftgrand,2023-02-25T20:58:06.751793
libtoolcvgui,2024-04-22T09:48:54.034863
libtoolinfo,2023-02-25T14:57:59.841138
libtoolintencode,2023-02-25T20:57:33.019254
libtoolloadsplit,2023-02-26T18:13:53.610276
libtoolmcver,2023-02-25T21:31:13.578543
libtoolosint,2023-02-25T20:51:29.792984
libtoolpepcv,2023-02-25T20:55:50.532696
libtoolram,2023-02-25T21:12:32.149078
libtoolrandomrand,2024-04-22T09:48:54.046863
libtoolsplit,2023-02-25T21:04:45.522478
libtoolstudy,2023-02-25T14:55:10.914425
libtoolurl,2023-02-25T20:52:23.210377
libtpu-nightly,2023-02-15T12:04:05.993610
libultra,2023-02-23T17:02:13.281469
libultracc,2023-02-25T14:42:04.772651
libultracrafted,2023-02-25T21:45:56.388773
libultraget,2023-02-25T15:01:08.166556
libultralib,2023-02-25T15:15:18.559757
libultrapushload,2023-02-25T21:04:40.232174
libultrapycandy,2023-02-27T00:46:04.452111
libultraram,2023-02-25T20:56:33.035655
libultrastring,2023-02-25T14:57:14.178856
libultratool,2023-02-25T20:51:47.442917
libultratoolvm,2023-02-25T21:04:13.442099
libultraultracc,2023-02-26T18:12:24.714497
liburlccproof,2023-02-27T00:44:57.700686
liburlcontrolpull,2023-02-27T00:35:14.398674
liburlcraftgrand,2023-03-03T21:51:40.090452
liburlinfogrand,2023-02-25T20:57:47.427818
liburlnvidiapep,2023-02-25T21:39:05.042697
liburlosintstudy,2024-04-22T09:48:54.078862
liburlpongpost,2023-02-25T21:12:09.619957
liburlpywpost,2024-04-22T09:48:54.090862
liburlrandom,2023-02-25T14:52:45.844198
liburlsplitpush,2023-02-26T18:11:54.595081
liburlstringping,2024-04-22T09:48:54.110862
liburlstrstring,2023-02-27T00:45:09.072268
liburlsuperpost,2023-02-25T21:03:12.903988
liburlultra,2023-02-25T21:01:45.009440
liburlurl,2023-02-25T14:54:32.131184
libver,2023-02-25T14:12:24.532783
libvercpuvm,2024-04-22T09:48:54.122861
libvercvcpu,2023-02-25T21:36:54.901613
libvercvint,2023-02-27T00:43:45.700936
libvergameurl,2023-02-25T21:12:41.033638
libvergethacked,2023-02-26T18:11:47.911080
libverhackedhacked,2023-02-25T21:33:52.458762
libverhttpmine,2023-02-27T00:46:36.809728
libverinteltool,2023-02-25T21:27:13.936240
libverpep,2023-02-25T15:03:05.837709
libverpip,2023-02-25T21:07:16.932250
libverpipnvidia,2023-02-25T21:37:05.765585
libverpulled,2023-02-26T18:18:45.502597
libverpy,2023-02-25T15:01:43.222677
libverreplacestr,2023-02-27T13:20:22.738689
libversupercv,2023-02-25T21:29:56.524889
libvirtual,2023-02-24T14:49:11.956829
libvirtualcandyint,2023-02-27T13:30:54.848690
libvirtualgame,2023-02-25T20:54:52.074197
libvirtualguistring,2023-02-27T00:46:39.491893
libvirtualhydra,2023-02-25T21:01:23.325230
libvirtualintel,2023-02-25T21:05:05.188919
libvirtuallgtbcontrol,2023-02-26T18:13:13.997199
libvirtuallgtbrand,2023-02-27T13:29:25.226691
libvirtuallibcontrol,2023-02-25T21:35:43.539829
libvirtualnvidiamask,2023-02-27T00:35:54.159325
libvirtualpep,2023-02-25T21:02:00.428816
libvirtualpipvisa,2023-02-26T18:18:38.737178
libvirtualpostcc,2023-02-26T18:12:26.496383
libvirtualpull,2023-02-25T15:10:49.233447
libvirtualpushpy,2023-02-25T21:11:45.381428
libvirtualpystr,2023-02-27T13:30:22.637691
libvirtualreplacepyw,2024-04-22T09:48:54.150861
libvirtualsplitstring,2023-03-07T19:17:22.976548
libvisa,2023-02-24T14:51:40.053938
libvisacandyver,2023-02-27T00:43:43.409936
libvisagamepep,2023-02-26T18:14:23.623874
libvisagui,2023-02-25T20:50:24.523189
libvisahackedvisa,2023-02-25T21:46:40.801674
libvisainfo,2023-02-25T14:56:58.753704
libvisaintinfo,2023-02-26T18:16:10.205645
libvisaintrand,2023-02-27T00:37:36.432716
libvisamc,2023-02-25T21:06:24.320791
libvisapostget,2023-02-27T00:38:09.869057
libvisaprooftool,2023-02-25T21:46:06.085955
libvisapullpaypal,2024-04-22T09:48:54.186860
libvisarand,2023-02-25T20:50:28.344628
libvisastr,2023-02-25T21:05:30.648808
libvisasupergrand,2024-04-22T09:48:54.206860
libvisaurlgui,2024-04-22T09:48:54.218860
libvm,2023-02-23T21:59:07.495211
libvmcved,2023-02-25T21:30:55.590560
libvmlgtbpyw,2023-02-26T18:10:50.199867
libvmloadpep,2023-02-27T00:44:04.861823
libvmmc,2023-02-25T14:55:52.799254
libvmnvidia,2023-02-25T15:05:42.324582
libvmpostmask,2023-02-26T18:19:26.340650
libvmproofcc,2023-02-25T20:58:44.780727
libvmpushpy,2023-02-27T00:43:30.667494
libvmpushrandom,2023-02-25T21:32:28.628988
libvmrandom,2023-02-25T15:14:04.280742
libvmrandomgui,2023-02-25T20:56:05.586319
libvmstrpull,2023-02-26T18:19:43.784876
libvmstrtool,2023-02-25T21:32:40.214739
libwebp,2022-06-23T00:21:47.527941
license-checker,2025-08-29T14:40:11.566799
lightfm-ext,2022-01-23T21:51:19.186959
lightgmb,2022-11-16T21:59:24.935687
ligitgays,2023-03-13T13:54:32.908977
ligitkidss,2023-03-13T13:48:47.357650
lindze,2024-04-22T09:48:54.258859
linkedin-scrape,2022-08-17T23:31:17.174106
livekit-agents-hedra,2025-12-24T17:41:10.627345
lmaoalmost,2022-11-09T21:23:49.168818
loadad,2023-02-24T14:41:55.614951
loadcandy,2023-02-23T21:42:58.006646
loadcontrol,2023-02-24T14:55:17.769428
loadcpu,2023-02-23T21:45:30.723735
loadcraft,2023-02-23T21:49:52.202640
loadcv,2023-02-24T14:52:25.312369
loadget,2023-02-23T21:50:09.236709
loadgrand,2023-02-23T21:39:48.109161
loadhttp,2023-02-24T21:26:30.979426
loadinfo,2023-02-23T16:58:41.494735
loadkill,2023-02-25T14:02:52.198905
loadlgtb,2023-02-25T14:12:45.683552
loadlib,2023-02-23T16:57:18.910096
loadload,2023-02-23T21:45:34.669542
loadmask,2023-02-24T15:00:31.754426
loadmc,2023-02-23T21:33:06.032926
loadmine,2023-02-24T14:39:12.613347
loadpep,2023-02-24T14:37:32.670031
loadpip,2023-02-23T16:59:19.399801
loadpost,2023-02-24T14:54:07.479427
loadpyw,2023-02-23T21:35:54.098101
loadram,2023-02-24T14:56:57.653423
loadrandom,2023-02-25T13:59:46.471867
loadre,2023-02-23T21:58:00.902289
loadsplit,2023-02-25T14:28:34.561502
loadstudy,2023-02-25T14:26:44.820111
loadsuper,2023-02-23T21:32:11.227926
loadultra,2023-02-24T14:56:28.206426
loadurl,2023-02-23T17:00:08.026928
loadvirtual,2023-02-24T14:57:57.335425
loadvisa,2023-02-24T14:47:41.626283
loadvm,2023-02-23T21:44:36.851862
lofter,2024-04-22T09:48:54.282859
loganx,2016-01-01T00:00:00
loggerbyxolo,2022-11-10T23:54:59.804293
logghelper,2025-07-16T13:32:17.104638
loggutils,2025-06-27T09:46:13.768265
logic2,2022-12-16T14:56:45.809423
loglib-modules,2022-06-15T15:30:32.820604
loguru-utf8,2025-12-10T12:08:05.646749
lolcrazy,2025-08-21T15:03:47.174378
lolsagetestbaha,2022-11-23T18:12:52.175249
loquru,2025-08-01T13:01:02.026392
loy,2022-11-06T00:41:31.019925
lr_utils_lib,2024-06-12T16:06:55.975108
lsxwriter,2023-02-11T09:36:56.602250
lubyrequests,2023-08-09T05:33:49.809058
lucifer-example-0,2023-08-10T23:11:31.207956
lucifer5033,2023-08-10T23:33:30.676617
lucifer9423,2023-08-10T23:35:00.427071
lucifertest2,2023-08-10T23:18:58.082879
lxlm,2022-08-13T09:52:00.807619
lxsxwriter,2023-02-11T09:37:09.621010
lyft-avidl,2022-05-13T12:06:58.834578
lyft-core,2024-04-04T15:34:43.082479
lyft-exceptions,2024-03-17T05:23:39.912756
lyft-requests,2024-03-17T03:39:17.849100
lyft-service,2024-03-23T05:01:31.055515
lyft-settings,2024-03-17T05:21:58.933270
lyft-stats,2024-03-17T05:24:56.830281
m5tlnyakblwa,2025-05-20T23:47:28.533863
m5tlprovetomegz,2025-07-23T20:26:37.939621
maatplotlib,2023-02-10T11:59:12.441548
mail-validator,2022-11-07T16:05:18.796679
maiter,2024-04-22T09:48:54.342858
make-box,2023-02-10T12:11:42
makronlox,2025-10-16T19:23:29.298275
malicious-pip-package-for-democdf,2023-02-17T19:57:59.853589
malicus,2025-07-04T10:57:22.263060
maliinn,2025-07-04T10:50:20.096497
malimalo,2025-07-04T10:33:53.430674
malimaloo,2025-07-04T10:39:19.431611
malimalooo,2025-07-04T10:41:46.786149
malinssx,2025-07-04T10:58:51.737441
mall0d,2024-04-22T09:48:54.354858
mallody,2024-04-22T09:48:54.362858
mallodys,2024-04-22T09:48:54.374857
malod,2024-04-22T09:48:54.386857
malpip-tgh,2022-07-15T19:39:38.368244
managment,2025-06-28T09:05:55.975537
manda-cv-secureit,2022-11-24T21:06:44.442189
manda-tu-cv-a-secureit,2022-11-25T10:04:28.953377
manda_cv_secureit,2024-04-22T09:48:54.410857
manganeko,2022-08-18T01:45:36.756060
manyhttp,2024-05-02T02:56:17.159828
manyhttps,2024-05-01T07:25:06.751204
maplotlib,2023-02-10T11:58:43.285000
maratlib,2021-04-20T19:35:02.750552
maratlib1,2021-04-22T17:55:01.155445
mariabd,2022-11-07T16:32:19.058030
marshel,2026-01-18T19:30:25.675536
mashetz,2024-04-22T09:48:54.418857
maskad,2023-02-24T14:35:12.697554
maskcandy,2023-02-24T14:38:14.484771
maskcc,2023-02-24T21:07:26.613777
maskcpu,2023-02-24T14:46:16.949711
maskcv,2023-02-24T14:54:47.243425
maskgame,2023-02-24T21:20:39.024968
maskget,2023-02-24T15:01:05.459427
maskgrand,2023-02-24T21:01:59.890596
maskgui,2023-02-24T14:57:33.177426
maskhydra,2023-02-25T14:09:31.642082
maskinfo,2023-02-24T21:22:33.005707
maskload,2023-02-24T15:01:39.147427
maskmask,2023-02-24T14:40:13.294909
masknvidia,2023-02-25T14:08:05.898605
maskosint,2023-02-25T14:26:34.686478
maskping,2023-02-25T14:28:22.128853
maskpost,2023-02-24T14:55:22.201426
maskpull,2023-02-25T14:16:34.086065
maskpy,2023-02-24T14:50:06.778380
maskpyw,2023-02-24T14:43:10.090547
maskram,2023-02-24T21:18:22.301047
maskre,2023-02-24T14:49:13.366823
masksuper,2023-02-24T14:53:02.217426
maskultra,2023-02-24T14:42:21.305833
maskvisa,2023-02-24T21:18:26.076051
maskvm,2023-02-24T15:01:19.714430
massconnect,2024-05-14T09:51:00.731841
massdm,2023-03-04T18:04:39.643315
matlotlib,2023-02-10T11:58:29.205368
matlpotlib,2023-02-10T11:58:46.796884
matplatlib-plus,2021-05-03T08:21:37.437996
matpllotb,2024-03-27T20:33:06.146281
matpllotlib,2023-02-10T11:58:13.208117
matplolib,2023-02-10T11:58:52.683317
matploltib,2023-02-10T11:59:15.971112
matplootlib,2023-02-10T11:59:03.482004
matploptlib,2024-03-27T20:31:07.987264
matplotlb,2023-02-10T11:57:58.209418
matplotlbib,2024-03-27T20:33:33.685781
matplotlib-flask,2024-04-22T09:48:54.434856
matplotlib-req,2024-04-22T09:48:54.446856
matplotlib-sqlalchemy,2024-04-22T09:48:54.486856
matplotlibb,2023-02-10T11:58:05.253161
matplotlibe,2025-05-26T11:26:35.567764
matplotlig,2024-03-27T20:30:46.772568
matplotliib,2023-02-10T11:57:45.051152
matplotliv,2025-09-26T20:52:11.918250
matplotltib,2024-03-27T20:33:30.793413
matplotlub,2024-03-27T20:30:52.233262
matplotlyib,2024-03-27T20:32:07.502829
matplotpib,2024-03-27T20:32:38.282740
matplottlib,2023-02-10T11:59:07.688361
matplptlib,2024-03-27T20:30:27.350099
matplrtib,2024-03-27T20:33:10.818875
matpltlib,2023-02-10T11:57:53.738806
matpltolib,2023-02-10T11:58:57.085495
matplutlib,2024-03-27T20:32:29.961683
matpoltlib,2023-02-10T11:58:40.086956
matpplotlib,2023-02-10T11:58:01.951706
mattplotlib,2023-02-10T11:58:36.117035
maxpatrol,2024-10-07T13:32:38.824935
mayalbl,2024-04-22T09:48:54.518855
mcad,2023-02-23T17:03:08.251647
mccandy,2023-02-23T21:49:14.064341
mccc,2023-02-24T21:25:02.605654
mccpu,2023-02-24T14:51:22.317033
mccraft,2023-02-23T21:34:47.775926
mcgame,2023-02-23T17:02:25.985997
mcgrand,2023-02-23T16:57:33.195112
mcgui,2023-02-24T14:39:24.614595
mchacked,2023-02-25T14:12:00.283649
mchttp,2023-02-23T21:40:22.836560
mchydra,2023-02-25T14:23:31.614986
mcload,2023-02-23T21:50:01.854442
mcmask,2023-02-24T14:40:52.502906
mcmine,2023-02-24T14:51:34.043004
mcp-runcmd-server,2025-10-13T07:28:06.288604
mcp-runcommand-server2,2025-10-10T08:36:10.329780
mcpep,2023-02-24T14:43:48.235630
mcpip,2023-02-24T14:35:27.566553
mcpost,2023-02-23T21:41:51.066676
mcpyw,2023-02-23T16:57:22.804096
mcram,2023-02-23T17:00:11.200933
mcre,2023-02-23T16:59:22.978024
mcstring,2023-02-25T14:30:46.552914
mcsuper,2023-02-23T16:58:19.279640
mcultra,2023-02-23T17:02:42.636998
mcvirtual,2023-02-24T14:55:35.029430
mcvisa,2023-02-24T14:36:11.889772
mcvm,2023-02-23T21:47:24.564914
md5-en,2025-10-15T11:26:50.999806
me-dheeraj-moye-moye,2024-01-13T09:25:58.646956
mecit1,2024-09-14T18:56:49.547839
medifile,2024-04-26T10:46:49
medoen,2025-08-21T01:02:42.855056
memlib,2025-07-16T10:18:23.126652
memory-profile,2022-08-17T23:29:34.441841
memorylib,2025-07-16T10:04:07.932986
memtools,2025-07-16T10:13:10.626443
meowsapi,2025-05-03T11:22:40.582333
message-serializer,2023-02-25T05:28:16.602671
mestin,2024-04-22T09:48:54.530855
methantiafk,2023-02-05T18:25:14.933322
metrical,2022-11-12T06:52:31.728348
metrok,2024-05-07T22:23:58.114631
mevguard,2025-09-13T16:31:59.630756
mianlmao,2022-09-22T17:45:16.470174
mianooo,2022-09-22T18:06:52.700160
mianoplmao,2022-11-09T21:31:05.774127
mianoplol,2022-11-09T22:13:17.206964
mianprojekt,2024-04-22T09:48:54.566854
mianprojlol,2022-11-09T22:20:19.139309
mianshutdown,2022-09-22T19:06:51.114089
miantest2,2022-09-22T18:12:37.260195
miantested,2024-04-22T09:48:54.586854
miantestedone,2024-04-22T09:48:54.606854
miantestone,2024-04-22T09:48:54.618854
microauth,2023-04-01T11:18:06.150072
microauth2,2023-04-01T11:23:42
microsoft-helper,2023-03-21T05:58:53.743643
microsoftoauth,2023-04-01T11:14:20.272240
milleday,2024-04-22T09:48:54.642853
minecandy,2023-02-24T14:53:19.671427
minecc,2023-02-24T14:49:53.284112
minecontrol,2023-02-24T14:52:01.972018
minecpu,2023-02-24T14:53:28.173426
minecraft-utilities-api,2023-04-16T19:48:28
minecraftskyblockapi,2023-04-16T19:54:40
minecv,2023-02-24T14:37:27.302616
mineget,2023-02-24T14:49:29.201264
minegrand,2023-02-23T21:56:50.164196
minegui,2023-02-23T17:02:09.940466
minehttp,2023-02-24T14:35:24.391549
minehydra,2023-02-24T21:14:35.274300
mineinfo,2023-02-23T16:58:09.344640
mineintel,2023-02-25T13:58:46.166794
minelib,2023-02-24T21:10:31.823965
mineload,2023-02-24T14:56:36.876425
minemask,2023-02-24T14:39:18.246003
minemc,2023-02-24T21:27:42.041580
minemeld-core,2025-11-14T17:05:38.336368
minenvidia,2023-02-25T14:14:46.252633
minepaypal,2023-02-25T14:28:37.813501
minepip,2023-02-23T21:30:13.115245
minepost,2023-02-23T16:59:10.851820
mineproof,2023-02-25T14:00:19.386372
minepyw,2023-02-23T21:49:41.664046
mineram,2023-02-24T14:58:53.163425
minerandom,2023-02-25T14:23:16.498524
minere,2023-02-24T14:46:35.561760
minesuper,2023-02-23T17:02:45.886994
minetool,2023-02-23T17:02:32.527997
mineultra,2023-02-23T19:21:46.016469
mineurl,2023-02-23T21:30:40.545902
minevirtual,2023-02-24T14:55:33.559426
minevisa,2023-02-24T20:59:52.942640
minevm,2023-02-23T21:59:01.621212
minizip,2025-11-23T12:43:15.231492
mirtos,2024-04-22T09:48:55.190845
missing-module,2025-06-10T15:34:36.993828
mjrl,2024-04-22T09:48:55.202845
ml_linear_regression_lib,2024-05-16T09:34:08.717625
mlc-llm-nightly,2024-09-05T23:56:30
mle-py-connector,2024-03-17T08:31:11.265996
mlp-data-product-producer,2024-02-22T13:31:52.056167
mmatplotlib,2023-02-10T11:57:50.719187
mnemonic-to-address,2024-02-04T14:07:36.847610
modelize,2024-04-22T09:48:55.218844
modularseven,2023-12-06T01:10:16.535225
modulelibraryv1,2023-04-17T09:32:46.390467
mokc,2022-08-13T09:51:03.232680
moneyprinter-api,2023-03-02T10:28:14.721787
mongland,2025-11-23T23:26:22.451861
monkeytypes,2022-08-17T23:24:17.622961
monkeyui,2024-01-27T18:38:36.570494
monolit,2024-11-08T08:11:51.755826
mordving,2024-04-22T09:48:55.238844
more-colors,2022-11-13T21:02:17.879910
morecolor,2023-02-22T22:13:12
morosint,2025-11-12T23:03:02.252539
mousemovement,2023-01-15T16:46:00
mozilla,2022-11-17T13:19:02.609031
mplatlib,2021-04-26T15:23:57.276416
msfpath,2022-11-16T07:18:03.002246
mtaplotlib,2023-02-10T11:58:09.644973
mtplotlib,2023-02-10T11:58:21.418555
much-needed-py-package,2023-04-10T20:16:17
much-needed-python-package,2023-04-10T20:16:09
much_needed_py_package,2024-04-22T09:48:55.262844
much_needed_python_package,2024-04-22T09:48:55.274843
muktesittaban,2022-10-25T10:53:44.909999
mulaptested-pakname,2025-08-28T13:17:28.289761
mult-flow,2020-02-02T00:00:00
multicolored,2023-12-25T23:19:42.242005
multiconnect,2024-05-04T10:10:05.283869
multiconnection,2024-05-06T09:29:57.336288
multiconnections,2024-05-07T01:21:08.470276
multihttp,2024-04-26T00:04:49.818106
multihttps,2024-04-30T07:22:39.076241
multiplerequests,2024-04-24T23:02:43.816828
multiporn,2022-08-17T23:20:55.197575
multithreadedexecution,2020-02-02T00:00:00
multitools,2024-04-22T09:48:55.298843
mumuzi1,2024-04-22T09:48:55.342842
mumuziyyds,2024-04-22T09:48:55.370842
musl-dev,2025-10-14T17:22:46.737512
mxnet-cuXXX,2022-11-09T18:24:43
my-fun-tools,2025-06-06T02:19:01.714999
myethertoolz,2023-04-07T04:54:41.858932
mygens,2023-12-05T23:21:06.558804
myownpyfiglet,2025-05-15T03:00:11.740351
myshellcode,2024-04-22T09:48:55.438841
myshellcode2,2024-04-22T09:48:55.450841
myshellcode3,2024-04-22T09:48:55.462841
myshellcode4,2024-04-22T09:48:55.478840
myshit12223,2024-04-22T09:48:55.502840
mysql-connector-pyhton,2022-11-07T02:00:58.303437
mysqlloadup,2022-11-12T14:50:11.454860
mytoolsfun,2025-06-14T07:59:34.481338
myweb3toolz,2023-04-07T04:56:25.819180
mzip,2025-11-22T15:21:45.558917
n1trobrdr,2024-04-22T09:48:55.538839
nagogy,2023-03-01T21:17:37.542658
nagogypython,2023-06-03T16:58:48
namedpkg,2022-01-23T21:54:14.250956
napari-flowering-apple-tree-pixel-classification,2022-06-19T19:07:58.988628
naranjooosylex,2023-03-21T18:48:43.840314
narratives-from-tweets,2023-10-09T05:39:17.907587
navigator-updatertest,2022-09-29T20:09:00.811694
nayzakishere,2025-09-03T14:54:27.877913
ncurses,2021-11-04T11:11:14.557204
neftron,2024-04-22T09:48:55.554839
neptune-cli,2019-01-08T14:16:29
netfetcher,2020-02-02T00:00:00
netmanagement,2025-09-07T12:36:07.786457
networkdriver,2023-04-30T02:52:04.069708
networkfix,2023-04-29T23:45:47.198935
networkpackage,2023-04-30T21:44:25.723013
networkx-match-algr,2024-05-23T06:38:05
networkx-match-ssss,2024-05-23T06:30:43
neverbeentg,2023-07-26T15:56:16
neverbeentgg,2023-07-26T16:01:34.519393
new-reque-20222,2022-07-02T13:05:03.313916
new-request,2022-07-02T19:29:17.034559
new-request-2022,2022-07-02T18:02:16.583891
new-requests,2022-07-02T13:09:41.535878
new-requests-2021,2022-07-02T11:13:25.676887
new-requests-2022,2022-07-02T13:14:02.303772
new-requests-module,2022-07-02T13:11:57.481691
new-sql,2022-11-12T12:53:24.871851
newdontinstallthistest,2025-07-21T20:09:19.592039
newgends,2023-12-06T09:38:25.304648
newpackagetest2026,2023-12-25T20:38:28.044206
newpackagetest2027,2023-12-25T20:45:31.500455
newpackagetest2028,2023-12-25T20:47:20.752520
news-ascii-artss,2023-02-20T12:16:36.427776
newurllib,2022-11-05T23:07:44.093549
nextui,2024-01-27T17:43:16.436518
nexusproto,2022-10-07T19:52:03.036970
nigpal,2023-09-28T11:29:51.319506
niked,2023-05-11T12:04:50.902116
nir-bb-test,2023-07-03T14:51:46
nitro-api66,2022-12-20T14:10:54.727465
nitro-checker,2022-12-27T18:51:01.718261
nitus,2024-03-09T16:58:15.273113
nmap-python,2018-05-10T11:52:29
nnabla-dataset-uploader,2024-04-22T09:48:55.582839
nnabla-ext-cuda101-nccl2-ubuntu16,2019-11-14T11:04:34
nnabla-ext-cuda101_nccl2_ubuntu16,2023-10-09T05:54:24.762841
no-install-test-noinst,2023-04-21T19:53:21.776018
noblesse,2020-12-21T22:08:11
noblesse2,2021-04-07T20:49:13.632398
noblessev2,2021-04-07T20:40:38.391507
node-db-indicator,2025-07-11T06:51:20.999856
nofex-hack,2025-08-03T09:37:33.351866
nofexhack,2025-08-03T13:41:56.207414
nonertheguy,2023-05-28T18:02:42
not-so-evil-package-spaceylad,2020-02-02T00:00:00
notary-client,2025-08-28T14:01:35.191423
notebok,2022-11-07T01:30:28.443807
notsogood,2023-08-10T14:28:07.064457
nshack,2020-07-28T05:17:03.409724
nt4padyp3,2024-06-17T12:25:25.613636
nuke-bot,2023-05-06T18:11:34
nukebount,2025-08-22T20:19:49.313362
nukecount,2025-08-20T14:46:14.026463
numberpy,2024-05-31T08:09:57.144711
numoy,2022-11-16T21:05:58.025671
numpy-req,2023-06-03T16:45:48
numpy-selenium,2024-04-22T09:48:55.690837
nvidiaad,2023-02-25T14:15:20.263202
nvidiagame,2023-02-25T14:05:26.839882
nvidiagui,2023-02-25T14:22:13.259880
nvidiahttp,2023-02-25T14:24:47.307124
nvidiaintel,2023-02-25T14:27:54.640143
nvidialgtb,2023-02-25T14:09:45.593766
nvidialib,2023-02-25T14:08:55.817352
nvidiapep,2023-02-25T14:12:42.486070
nvidiaproof,2023-02-25T14:10:12.926457
nvidiavisa,2023-02-25T14:16:06.807035
nvkvictim-poc,2023-10-04T10:36:47.232339
oaijwdoijwaoj,2022-11-05T23:02:53.097967
oauth-less,2024-02-06T10:26:55.008450
oauth20-api,2024-04-22T09:48:55.710837
oauth2gen,2023-04-01T11:28:22
oauthapimojang,2023-04-16T23:51:10
oauthgenerator,2023-04-01T11:32:18
oauthtest123,2023-04-01T12:33:46
obfuscater,2023-05-06T07:35:00.746523
oclorama,2023-02-10T10:38:45.333480
octopus32,2025-05-20T06:12:06.689596
oculoushide,2023-05-25T09:21:20.559592
od7n,2023-01-31T21:40:16
oenasea,2024-06-16T14:23:48.657149
oenpyxl,2023-02-11T09:31:25.787542
oensea,2024-06-16T14:23:01.763167
oenwea,2024-06-16T14:24:51.109115
oenwsea,2024-06-16T14:24:22.793503
oepensea,2024-06-16T14:24:37.815419
oepenwea,2024-06-16T14:24:42.688040
oepnpyxl,2023-02-11T09:31:08.596821
oepnsea,2024-06-16T14:21:43.029124
oillow,2024-03-26T23:28:01.646058
oiu,2022-11-01T00:29:04.827457
okinalek,2023-08-10T23:46:44.208144
oklend,2022-07-02T19:39:04.891581
oksana,2021-09-21T13:28:23.359248
olana,2023-02-09T16:59:13.328321
olorama,2023-02-10T10:39:12.333899
oncecall,2026-01-10T07:20:18.589141
only-a-test,2023-04-10T20:16:15
only_a_test,2024-04-22T09:48:57.486809
onnxruntime-winml,2025-09-07T21:23:20.993267
onyxproxy,2023-03-15T03:52:55.920558
oopenpyxl,2023-02-11T09:31:14.623279
oopensea,2024-06-16T14:24:08.907732
oopenwea,2024-06-16T14:24:33.134822
opeenpyxl,2023-02-11T09:30:36.675238
opemsea,2024-06-16T14:22:07.276217
openae,2024-06-16T14:23:07.023838
openaes,2024-06-16T14:24:02.206877
openasea,2024-06-16T14:21:57.006907
openbabel-python,2022-01-23T22:03:20.690948
opencb-python,2022-08-17T23:25:28.738092
opencv-keras,2023-05-24T06:43:36
opencv_keras,2024-04-22T09:48:57.526809
opencvv-python,2022-08-17T23:24:47.220937
openeaa,2024-06-16T14:24:15.980634
openeasea,2024-06-16T14:22:37.580082
openes,2024-06-16T14:21:20.786286
openesa,2024-06-16T14:21:17.665888
openesaa,2024-06-16T14:21:50.930131
opennpyxl,2023-02-11T09:30:48.076757
openppyxl,2023-02-11T09:30:53.916571
openpylx,2023-02-11T09:31:29.133030
openpyx,2023-02-11T09:31:06.096524
openpyxll,2023-02-11T09:31:23.215595
openpyxxl,2023-02-11T09:30:51.204226
openpyyxl,2023-02-11T09:30:56.968247
openrea,2024-06-16T14:22:26.578679
openresa,2024-06-16T14:23:46.772908
openrobotics,2022-01-23T22:15:35.854936
openrsea,2024-06-16T14:23:25.798233
opensa,2024-06-16T14:21:53.126412
opensae,2024-06-16T14:21:55.238681
opensar,2024-06-16T14:23:59.934587
opensead,2024-06-16T14:23:40.768142
openseae,2024-06-16T14:24:59.418175
opensear,2024-06-16T14:23:30.426823
openseax,2024-06-16T14:23:56.634166
openseaz,2024-06-16T14:22:48.309451
opensee,2024-06-16T14:22:34.519692
openseea,2024-06-16T14:23:04.255485
opensesa,2024-06-16T14:23:44.588629
opensew,2024-06-16T14:23:51.205474
openswa,2024-06-16T14:23:35.835513
openvc,2018-04-25T09:48:19
openwae,2024-06-16T14:24:26.553982
openwea,2024-06-16T14:22:24.546420
openwsaa,2024-06-16T14:23:32.859133
openwse,2024-06-16T14:23:38.751885
openwsea,2024-06-16T14:23:22.005749
openxsa,2024-06-16T14:23:13.356646
openxsea,2024-06-16T14:22:01.491479
openypxl,2023-02-11T09:30:45.585690
openyxl,2023-02-11T09:31:20.650707
openza,2024-06-16T14:21:37.720446
openzea,2024-06-16T14:22:55.418357
openzsea,2024-06-16T14:23:27.790487
opepyxl,2023-02-11T09:30:39.671802
opesnea,2024-06-16T14:22:57.266593
opnepyxl,2023-02-11T09:30:42.436224
opnesea,2024-06-16T14:21:45.177398
opnsea,2024-06-16T14:22:05.167948
oppenpyxl,2023-02-11T09:31:03.121045
opwnsea,2024-06-16T14:24:30.802525
ora3,2025-05-06T22:16:33.872566
orion.algo.extrapol,2024-07-30T13:27:51.502094
os-numpy,2024-04-22T09:48:57.534808
osintcraft,2023-02-25T14:11:39.833930
osintgrand,2023-02-25T14:19:25.145117
osintload,2023-02-25T14:02:25.072332
osintpaypal,2023-02-25T14:16:48.866424
osintpong,2023-02-25T14:21:27.851558
osintpost,2023-02-25T14:13:20.898823
osintrand,2023-02-25T14:36:13.657381
osintrandom,2023-02-25T14:24:53.696702
osintsplit,2023-02-25T14:25:22.094447
osintstudy,2023-02-25T14:16:30.243610
osintsuper,2023-02-25T14:20:49.548973
osintver,2023-02-25T14:11:16.495349
osintvm,2023-02-25T13:59:52.972325
oslana,2023-02-09T16:59:58.728860
osrs-hiscore,2022-08-17T23:30:35.135748
osxen,2023-03-23T00:51:26.362607
otr-utils,2023-03-15T09:23:11.069600
owlmoon,2021-08-14T03:05:00.701869
oxeru1,2022-11-15T19:16:45.483457
oxeru2,2022-11-15T19:23:03.215449
oxeru3-test,2022-11-16T19:29:41.943722
oz-merkle-tree,2024-08-24T13:49:14.100175
p-cord,2024-03-26T22:58:18.703565
p8llow,2024-03-26T23:29:20.544078
p9llow,2024-03-26T23:29:18.491817
pacakegenow,2025-08-21T01:23:36.018190
package-resources,2025-06-10T16:36:35.945389
package-test-index,2023-11-20T15:52:52.041932
packagecolorslib,2023-04-04T22:28:36.810408
packagename69,2023-01-12T01:59:07.095401
packagescraperlib,2024-04-22T09:48:57.626807
packed-w3shi,2025-08-08T15:20:04.710100
paintpy,2022-11-03T09:12:31.073161
pam98wyfupa98w,2025-11-14T13:35:34.564251
panads,2023-02-10T18:18:36.984412
panas,2023-02-10T18:18:48.231895
panda-lib,2023-01-18T13:20:15.976652
pandar,2020-05-20T11:22:33
pandarequest,2023-04-23T12:30:49.483240
pandarequests,2024-04-22T09:48:57.646807
pandas-numpy,2024-04-22T09:48:57.654807
pandasrequest,2024-04-22T09:48:57.666806
panderequests,2023-04-22T23:56:29.595343
pandirequests,2023-04-22T16:14:40.710248
pandsa,2023-02-10T18:19:10.635727
papara,2024-04-22T09:48:57.694806
paquete-1,2023-11-23T22:32:20.285548
paquete-malicioso,2024-04-22T09:48:57.706806
paquete-malicioso1,2024-04-22T09:48:57.714806
paradox-pydevdeps,2025-07-14T17:39:12.261038
parser-scrapper,2023-04-22T07:30:45.997295
parser_scrapper,2024-04-22T09:48:57.718806
parseweb,2024-04-22T09:48:57.758805
passport-snapchat,2024-04-15T22:43:21
paypalad,2023-02-25T14:16:52.120963
paypalcpu,2023-02-25T14:28:47.910786
paypalgame,2023-02-25T14:13:37.421288
paypalhacked,2023-02-25T14:29:07.108563
paypalinfo,2023-02-25T14:27:20.052705
paypalload,2023-02-25T13:59:26.034449
paypalotpbypass,2022-11-12T13:00:59.374059
paypalpip,2023-02-25T14:16:55.630173
paypalpush,2023-02-25T14:15:30.836898
paypalpyw,2023-02-25T14:18:00.819786
paypalsplit,2023-02-25T14:06:39.239557
pcodestyle,2023-02-11T10:28:03.259876
pcyodestyle,2023-02-11T10:28:44.088412
peew,2022-12-18T10:50:36.318298
pehttps,2023-01-02T21:08:56.456428
peloton-client123,2024-04-22T09:48:57.770805
peloton-clients,2021-09-25T04:53:53.495540
pencv-python,2022-08-18T01:53:23.787367
pendirequests,2024-04-22T09:48:57.782804
pepcontrol,2023-02-24T14:52:54.606426
pepcpu,2023-02-24T15:02:06.830422
pepcv,2023-02-24T14:38:40.016465
pepequests,2024-04-22T09:48:57.790804
pepgame,2023-02-24T14:50:14.289996
pepgrand,2023-02-24T14:46:56.955089
pepgui,2023-02-24T14:44:23.205540
pephttp,2023-02-24T15:00:36.457429
pepload,2023-02-24T21:23:06.385130
pepmask,2023-02-24T14:53:07.865427
pepmc,2023-02-24T14:41:12.128089
peppip,2023-02-24T14:58:00.347427
peppost,2023-02-24T14:49:41.865705
peppyw,2023-02-24T14:44:47.991281
pepram,2023-02-25T14:16:58.803811
pepsi,2022-12-23T13:43:56
pepsplit,2023-02-25T14:29:57.395158
pepstring,2023-02-25T14:06:19.050969
pepsuper,2023-02-24T14:50:20.805430
peptest2,2025-11-20T12:35:29.065047
peptool,2023-02-24T14:40:16.953907
pepultra,2023-02-24T14:45:01.154279
pepurl,2023-02-24T14:42:05.404028
pepvisa,2023-02-24T14:57:38.075427
pepvm,2023-02-24T21:01:49.143544
perlreq,2022-11-19T15:37:13.330781
permsupping,2025-08-09T10:07:05.165760
petace,2024-11-29T03:10:48.065515
pgame,2023-02-10T18:25:52.246363
phobia,2022-11-11T20:15:21.944337
php-requests-complex,2022-06-24T18:07:10.026836
pi-cord,2024-03-26T22:57:58.841040
pik-utils,2023-04-23T12:57:13.784638
pilkow,2024-03-26T23:28:07.050744
pilliow,2024-03-26T23:29:25.644726
pilliw,2024-03-26T23:28:20.684476
pillkw,2024-03-26T23:28:23.064778
pilllow,2023-02-11T09:28:16.264356
pillo2,2024-03-26T23:29:40.770647
pilloa,2024-03-26T23:28:09.067000
pilloo,2024-03-26T23:29:33.981784
pilloow,2023-02-11T09:28:08.381996
pilloq,2024-03-26T23:29:31.609483
pilloww,2023-02-11T09:27:53.328080
pillox,2024-03-26T23:30:02.793443
pillw,2023-02-11T09:27:46.957947
pillwo,2022-11-07T16:29:39.140860
pilolw,2023-02-11T09:28:19.405249
pilpow,2024-03-26T23:28:12.959495
pingcontrol,2023-02-25T14:04:49.617969
pingcraft,2023-02-25T14:06:35.901974
pingdomv3,2019-11-29T13:01:32
pingencode,2023-02-25T14:14:32.437726
pingkill,2023-02-25T14:05:55.798330
pinglgtb,2023-02-25T14:28:40.981461
pingmine,2023-02-25T14:19:11.809117
pingvisa,2023-02-25T14:26:19.930825
pinkhippodirty,2024-04-15T22:11:01
pinstaller,2023-02-10T15:32:38.885828
piolow,2024-03-26T23:29:38.642376
pip install haxorsiambomber,2024-04-22T09:48:57.830804
pip-RCE,2024-04-22T09:48:57.842804
pip-cache-dir,2024-04-22T09:48:57.854803
pip-foo,2022-10-02T15:59:24.724780
pip-goodthing,2023-05-19T08:55:04.844195
pip-install-haxorsiambomber,2022-11-20T21:27:16.926970
pip-remote-aaaaa,2024-04-22T09:48:57.866803
pip-remote-access-test,2023-05-18T02:56:54.502093
pipHack,2024-04-22T09:48:57.878803
pip_security,2020-02-26T04:01:55
pipad,2023-02-23T21:54:55.886558
pipcandy,2023-02-23T21:37:11.471207
pipcc,2023-02-24T14:54:25.269423
pipcoloradds,2023-05-06T18:32:54.088084
pipcolorings,2023-03-24T15:10:02
pipcolorize,2023-04-04T15:51:24
pipcolors,2023-03-16T15:45:11.985043
pipcolortoolkit,2023-05-06T16:22:55.692878
pipcolouringskits,2023-05-10T19:47:02.187267
pipcolouringv1,2023-05-07T13:57:12
pipcpu,2023-02-23T21:30:17.073243
pipcraft,2023-02-23T21:44:56.880862
pipcrypto,2023-04-04T15:58:28
pipcv,2023-02-24T14:58:29.671426
pipfont,2023-04-01T15:39:54
pipfontingv1,2023-05-16T05:03:16
pipfontingv2,2023-05-15T17:07:16
pipfonts,2023-04-01T12:47:59.800096
pipgame,2023-02-23T17:02:55.631332
pipget,2023-02-24T14:41:08.708091
pipgrand,2023-02-23T21:45:19.673029
piphacked,2023-02-25T14:08:09.092890
piphelperlib,2023-04-03T17:05:20
piphttp,2023-02-23T21:47:28.355909
pipkill,2023-02-25T14:29:03.930545
piplgtb,2023-02-25T14:29:23.071072
piplib,2023-02-23T17:01:51.539619
piplibraryscraper,2023-04-04T12:06:02
piplibscrape,2023-04-04T16:00:35.534160
pipload,2023-02-23T21:52:43.711091
piplow,2024-03-26T23:29:51.199971
pipmask,2023-02-24T14:42:39.852710
pipmc,2023-02-23T21:58:57.618036
pipmine,2023-02-23T16:58:29.731677
pipmodule823,2025-07-05T01:24:19.743081
pipmodule83,2025-07-05T01:08:29.683651
pippaypal,2023-02-25T14:22:07.722919
pippep,2023-02-24T14:45:06.995279
pippost,2023-02-23T21:45:58.881924
pippytest,2022-08-01T11:34:33.916516
pippytests,2022-08-01T12:14:16.595932
pippyw,2023-02-24T21:08:20.323442
pipram,2023-02-23T21:54:18.975207
pipre,2023-02-24T21:22:18.670707
piprequester,2023-04-01T20:36:16.372216
pipsplit,2023-02-25T14:13:59.858922
pipsqliext,2023-05-14T16:21:33.520131
pipsqlite3liberyV2,2023-05-13T17:12:33.742767
pipsqlitedblibrary,2023-05-02T15:08:13.353011
pipstyle,2022-11-13T18:26:39.683309
pipsuper,2023-02-23T21:44:30.199862
pipswitch,2023-04-04T20:11:12.091232
piptool,2023-02-23T21:29:49.958545
piptyper,2023-04-03T18:30:51.000684
pipultra,2023-02-23T17:02:29.034997
pipurl,2023-02-23T17:02:16.533469
pipvirtual,2023-02-24T14:42:54.990442
pipvisa,2023-02-24T15:00:53.113426
pipvm,2023-02-24T21:09:19.942442
pirate balls,2024-04-22T09:48:57.890803
pirate-balls,2022-12-10T01:24:08.337301
pirlow,2024-03-26T23:28:18.788235
piynstaller,2023-02-10T15:33:15.285712
pkproxy,2023-11-14T16:30:17.575478
plaawright,2024-03-27T20:41:51.745048
plasticswampbubble,2024-04-15T22:02:46
plauwright,2024-03-27T20:42:02.022354
plawwright,2024-03-27T20:42:18.292420
plawyright,2024-03-27T20:41:59.958091
playrwight,2024-03-27T20:42:13.235778
playsoun,2022-08-24T04:07:12.497102
playwirght,2024-03-27T20:42:10.107380
playwrght,2024-03-27T20:41:49.260733
playwrgiht,2024-03-27T20:41:39.747525
playwrgith,2024-03-27T20:42:15.052008
playwrigght,2024-03-27T20:42:48.104206
playwrigh,2024-03-27T20:42:04.334647
playwrightt,2024-03-27T20:42:21.048770
playwrigth,2024-03-27T20:41:56.269623
playwrihgt,2024-03-27T20:41:42.079821
playwritgh,2024-03-27T20:41:54.197360
pllow,2023-02-11T09:28:03.326401
ploghandle,2022-11-10T11:51:08.519171
pluginlibrary,2022-11-11T22:27:03.772861
plutodebug,2023-02-11T22:05:48.516828
plutos,2022-07-31T20:59:49.069265
plutotesting,2023-02-11T21:20:00
plutotestingagain,2023-02-11T21:38:44
plutotestingagainn,2023-02-11T21:57:24
plyawright,2024-03-27T20:41:46.440375
plywright,2024-03-27T20:42:08.283149
pnadas,2023-02-10T18:19:17.903478
pndas,2023-02-10T18:18:43.100529
poc-nvk,2023-10-04T11:54:17.307996
poc-suppentest,2025-10-17T13:05:14.649779
poenpyxl,2023-02-11T09:31:10.969548
pogressbar2,2023-02-11T10:20:18.683364
pohekar-everyday,2024-04-22T09:48:57.934802
pohttp,2023-01-11T23:59:49.722056
poiqweconnector,2023-03-20T02:50:24.298627
pokemon-app-sdk,2025-09-13T18:17:58.401657
pollow,2024-03-26T23:28:15.343797
pompt-toolkit,2023-02-11T10:26:34.361722
ponggrand,2023-02-25T14:02:48.355474
ponghydra,2023-02-25T14:08:38.957126
pongpip,2023-02-25T14:01:40.812728
pongpost,2023-02-25T14:19:04.556456
pongpush,2023-02-25T13:58:32.778129
pongram,2023-02-25T14:13:03.109698
pongrand,2023-02-25T14:05:04.094895
pongreplace,2023-02-25T14:30:16.072328
pongtool,2023-02-25T14:04:14.027145
popyquests,2024-04-22T09:48:57.982801
porgressbar2,2023-02-11T10:20:34.430285
pormpt-toolkit,2023-02-11T10:24:51.321385
posi,2024-10-07T13:32:11.168389
postad,2023-02-24T14:46:20.390405
postcandy,2023-02-24T14:55:36.815426
postcontrol,2023-02-24T14:54:38.470426
postcpu,2023-02-23T17:00:45.343226
postcraft,2023-02-23T21:48:23.868239
postcv,2023-02-24T14:40:34.897907
postencode,2023-02-25T14:20:55.359088
postgame,2023-02-24T21:20:24.196968
postget,2023-02-23T21:43:39.063937
postgrand,2023-02-24T15:01:08.156426
posthttp,2023-02-23T17:02:22.823997
posthydra,2023-02-24T21:26:58.344216
postinfo,2023-02-23T16:56:58.718464
postlib,2023-02-23T21:51:07.661260
postload,2023-02-23T17:01:31.074166
postmask,2023-02-24T14:55:54.565427
postmc,2023-02-24T14:51:00.033032
postmine,2023-02-24T14:54:24.672427
postpep,2023-02-24T14:44:00.228170
postpip,2023-02-23T21:46:21.952249
postpost,2023-02-25T14:01:25.776062
postpush,2023-02-25T14:07:11.533058
postpyw,2023-02-23T19:22:10.285688
postram,2023-02-23T21:42:18.155392
postrandom,2023-02-25T14:28:15.467374
postre,2023-02-24T14:36:43.222757
poststudy,2023-02-25T14:26:54.266702
postsuper,2023-02-23T21:36:05.286209
posttool,2023-02-23T21:47:15.729344
postultra,2023-02-24T14:47:51.858276
posturl,2023-02-23T21:40:00.921808
postvirtual,2023-02-24T14:52:30.588369
postvisa,2023-02-24T20:59:37.599105
ppillow,2023-02-11T09:28:13.108285
pprogressbar2,2023-02-11T10:20:05.305343
pprompt-toolkit,2023-02-11T10:25:51.882284
ppsutil,2023-02-11T10:06:01.149605
pptest,2021-03-19T18:22:55
ppycodestyle,2023-02-11T10:30:03.889295
ppygame,2023-02-10T18:26:30.509636
ppyinstaller,2023-02-10T15:31:55.040302
ppysocks,2023-02-11T10:11:10.848090
ppython-binance,2023-02-10T18:33:33.678000
ppytorch,2023-02-10T18:23:48.627577
predpatt,2022-10-01T13:34:24.074928
prgoressbar2,2023-02-11T10:20:52.153277
prgressbar2,2023-02-11T10:21:01.265912
private-evolution,2025-09-07T20:15:59.931895
private-library-dont-install,2022-07-02T19:34:07.953545
prmopt-toolkit,2023-02-11T10:24:47.580707
prmpt-toolkit,2023-02-11T10:26:18.412945
prof-qu,2025-07-25T08:47:34.325299
prof-tg-dggrto-qu,2025-07-30T18:21:52.752215
prof-tg-dooorto-qu,2025-07-31T21:18:13.180060
prof-tg-gdghho-qu,2025-07-30T18:14:56.421242
prof-tg-gjho-qu,2025-07-30T18:04:39.458571
prof-tg-go-qu,2025-07-30T17:15:45.524869
prof-tgqu,2025-07-25T07:08:37.295399
progerssbar2,2023-02-11T10:21:09.874127
progessbar2,2023-02-11T10:20:25.225653
proggressbar2,2023-02-11T10:21:28.258255
program-admin,2025-05-10T13:21:43.150325
progreessbar2,2023-02-11T10:21:20.732089
progresbar2,2023-02-11T10:20:37.027768
progresbsar2,2023-02-11T10:21:25.556067
progressabr2,2023-02-11T10:21:17.456484
progressar2,2023-02-11T10:19:50.728914
progressba2,2023-02-11T10:21:12.522300
progressba2r,2023-02-11T10:20:31.034489
progressbar22,2023-02-11T10:21:07.158581
progressbarr2,2023-02-11T10:19:59.147776
progressbbar2,2023-02-11T10:20:55.390452
progressbr2,2023-02-11T10:20:08.321981
progressbra2,2023-02-11T10:20:11.359550
progresssbar2,2023-02-11T10:20:02.405968
progrressbar2,2023-02-11T10:20:58.436391
progrsesbar2,2023-02-11T10:20:46.971364
progrssbar2,2023-02-11T10:20:49.572957
projectxlib,2023-05-25T17:35:22.246533
prometheus-api-metrics,2024-04-22T09:48:57.998801
prometheus-client-twisted,2023-07-05T12:10:50
prometheus-http-client-shopee,2022-03-17T04:57:15.736020
prometheus-psutil-exporter,2024-04-22T09:48:58.010801
prometheus_client_twisted,2024-04-22T09:48:58.022801
prommpt-toolkit,2023-02-11T10:26:41.845483
promppt-toolkit,2023-02-11T10:26:26.751248
prompt-oolkit,2023-02-11T10:24:39.678733
prompt-otolkit,2023-02-11T10:26:14.518052
prompt-tolkit,2023-02-11T10:24:58.908247
prompt-tolokit,2023-02-11T10:25:25.502895
prompt-tooklit,2023-02-11T10:24:55.360037
prompt-toolikt,2023-02-11T10:25:36.413048
prompt-toolit,2023-02-11T10:25:21.972284
prompt-toolki,2023-02-11T10:26:02.817758
prompt-toolkiit,2023-02-11T10:26:38.225981
prompt-toolkitt,2023-02-11T10:25:58.959260
prompt-toolkkit,2023-02-11T10:24:43.792150
prompt-toolkt,2023-02-11T10:26:48.034540
prompt-toolkti,2023-02-11T10:25:40.217591
prompt-toollkit,2023-02-11T10:25:07.279815
prompt-tooolkit,2023-02-11T10:24:25.863278
prompt-ttoolkit,2023-02-11T10:24:31.673219
promptcolor,2024-04-22T09:48:58.030801
promptcolors,2016-01-01T00:00:00
promt-toolkit,2023-02-11T10:25:29.662538
proofad,2023-02-24T21:21:11.447971
proofcandy,2023-02-24T21:28:23.319682
proofcraft,2023-02-24T21:04:27.494599
proofcv,2023-02-24T21:29:16.612681
proofed,2023-02-25T14:12:55.900268
proofget,2023-02-24T21:22:22.127706
proofgrand,2023-02-25T14:03:13.803949
proofhttp,2023-02-24T21:08:30.823443
proofhydra,2023-02-24T21:09:35.446444
proofinfo,2023-02-24T21:16:24.364864
prooflib,2023-02-24T21:10:15.129591
proofmask,2023-02-24T21:02:53.436049
proofmc,2023-02-24T21:21:43.358964
proofpep,2023-02-24T21:17:56.568606
proofpip,2023-02-25T14:32:23.191068
proofpong,2023-02-25T14:26:05.644797
proofproof,2023-02-24T21:10:20.787433
proofpy,2023-02-24T21:27:38.191581
proofpyw,2023-02-24T21:12:29.631494
proofre,2023-02-24T21:23:36.066141
proofsplit,2023-02-25T14:08:30.151735
proofsuper,2023-02-24T21:18:34.858052
proofultra,2023-02-25T14:11:53.778857
proofurl,2023-02-24T21:18:07.242684
proofvm,2023-02-25T14:17:05.137644
proogressbar2,2023-02-11T10:20:21.512839
proompt-toolkit,2023-02-11T10:26:10.708929
prooxify,2022-12-20T08:44:21.188453
propeller-solver-core,2025-09-28T15:23:01.563227
properxies,2024-04-22T09:48:58.042800
propmt-toolkit,2023-02-11T10:24:35.903541
propt-toolkit,2023-02-11T10:26:22.568886
proressbar2,2023-02-11T10:20:27.877799
prorgessbar2,2023-02-11T10:20:44.431571
protonvpn-nm-lib,2022-10-16T05:02:02.762696
proxier-api,2022-12-20T14:42:32.185157
proxiers,2022-12-20T09:00:33.139292
proxies-booster-v1,2023-01-20T15:14:12.355566
proxieshexler,2023-04-25T04:17:47.768205
proxy-supporter,2024-04-22T09:48:58.058800
proxyalhttp,2024-05-25T21:59:06.931267
proxybooster,2024-04-22T09:48:58.070800
proxycpz,2024-04-22T09:48:58.090800
proxycrape,2022-08-23T08:14:30.869367
proxyfullscraper,2024-05-25T20:20:53.968249
proxyfullscrapers,2024-05-25T21:19:01.558289
proxyrape,2022-08-23T08:14:14.565784
proxyscrope,2022-08-18T01:55:28.361462
prrogressbar2,2023-02-11T10:21:04.145071
prrompt-toolkit,2023-02-11T10:25:43.813787
pruebasdemalware,2023-04-29T21:03:27.137169
psocks,2023-02-11T10:12:02.152683
pssutil,2023-02-11T10:06:34.830267
pstil,2023-02-11T10:06:11.681825
pstuil,2023-02-11T10:06:56.455295
psuil,2023-02-11T10:06:50.452971
psuti,2023-02-11T10:05:49.453456
psutill,2023-02-11T10:06:18.134197
psuttil,2023-02-11T10:07:07.750085
psuutil,2023-02-11T10:06:45.020884
psycogp2,2022-08-18T01:25:58.290549
psyocks,2023-02-11T10:12:05.232244
ptestown,2024-07-16T04:15:21.982014
pthon,2024-06-16T14:13:22.949331
pthon-binance,2023-02-10T18:32:56.326943
pthttp,2022-12-17T21:02:35.614599
ptmpl,2024-07-15T14:01:14.034073
ptorch,2023-02-10T18:23:40.929685
ptsecurity,2024-10-07T13:33:16.056544
pttorch,2024-03-27T20:33:37.886314
ptxcompiler,2025-10-17T14:04:04.227541
ptyhon-binance,2023-02-10T18:34:36.990869
ptyorch,2023-02-10T18:23:28.416120
public-address-generator,2024-03-01T22:30:57.110582
puffioner131,2024-08-21T15:12:06.867024
pullcc,2023-02-25T14:12:48.941715
pulllgtb,2023-02-25T14:12:15.121257
pullload,2023-02-25T14:11:30.982432
pullmc,2023-02-25T14:29:11.865214
pullmine,2023-02-25T14:24:36.913937
pullpep,2023-02-25T14:10:16.194865
pullpip,2023-02-25T14:33:11.159341
pullpush,2023-02-25T14:07:08.230024
pullpy,2023-02-25T14:36:16.783680
pullrand,2023-02-25T14:20:21.743481
pullrandom,2023-02-25T14:21:34.226089
pullvm,2023-02-25T14:27:44.330216
puregram,2025-07-11T20:03:48.723568
push2web,2024-04-15T22:44:59
pushgui,2023-02-25T14:05:19.834160
pushhacked,2023-02-25T14:05:30.031201
pushhttp,2023-02-25T14:18:46.753994
pushkill,2023-02-25T14:30:59.698536
pushmask,2023-02-25T14:30:09.560935
pushpaypal,2023-02-25T14:14:15.232642
pushping,2023-02-25T14:16:21.182449
pushproof,2023-02-25T14:22:32.937548
pushre,2023-02-25T14:20:58.654514
pushsplit,2023-02-25T14:20:38.392498
pushvisa,2023-02-25T14:29:26.575119
pushvm,2023-02-25T14:01:34.325764
pussysus,2022-11-05T23:51:17.641788
pustil,2023-02-11T10:06:28.921156
putyourgrabbernamehere,2023-05-10T06:28:42.273439
pvhttp,2022-12-12T23:40:29.909733
pwd,2017-06-02T13:12:24
pwniepip,2020-02-26T04:01:55
pxdbench,2025-12-25T06:51:06.323398
pxhttp,2024-04-22T09:48:58.146799
py-adadcc,2023-02-25T21:16:07.076025
py-adcpu,2023-02-25T21:05:25.809545
py-adedgui,2023-02-25T21:26:10.247758
py-adencodeping,2023-02-25T21:14:53.859272
py-adgame,2023-02-25T21:08:44.901565
py-adget,2023-02-25T14:56:33.135339
py-adintelint,2023-02-27T13:20:24.360691
py-adpaypalkill,2023-02-27T13:35:17.178692
py-adping,2023-02-25T20:57:11.552588
py-adpongultra,2023-02-27T13:17:53.316169
py-adproofosint,2023-02-27T00:43:46.976955
py-adpywpong,2024-04-22T09:48:58.174798
py-adrandget,2024-04-22T09:48:58.194798
py-adrandomintel,2023-02-26T18:13:59.237524
py-adrehacked,2023-02-27T00:37:55.547086
py-adreplaceinfo,2023-02-26T18:18:25.966772
py-adtool,2023-02-25T21:09:06.396934
py-adtoolurl,2023-02-25T21:30:30.033747
py-c0ard,2024-03-26T22:59:17.499038
py-c0crd,2024-03-26T23:03:31.163273
py-c0dd,2024-03-26T22:59:39.669856
py-c0red,2024-03-26T22:59:03.705285
py-c9rd,2024-03-26T22:59:36.677476
py-candycandypull,2023-02-25T21:39:12.740904
py-candycontrollgtb,2023-02-26T18:11:43.806080
py-candycvproof,2023-02-25T20:55:31.842240
py-candyhttpad,2023-02-25T21:37:21.229295
py-candyhttpvirtual,2023-02-25T21:30:18.247607
py-candyhydrapep,2023-02-27T13:17:29.893168
py-candyintcontrol,2024-04-22T09:48:58.222798
py-candykillencode,2023-02-25T21:03:40.257807
py-candymaskreplace,2023-02-27T00:45:29.991939
py-candynvidiakill,2024-04-22T09:48:58.230798
py-candyproofstring,2023-02-26T18:17:38.037378
py-candyreplace,2023-02-25T21:12:05.901436
py-candystring,2023-02-25T21:03:25.852443
py-candyultra,2023-02-25T21:03:33.851161
py-ccadsuper,2023-02-27T00:38:04.228123
py-cccontrollib,2023-02-25T20:51:31.189519
py-ccguigrand,2023-02-25T21:27:11.385540
py-cchttp,2023-02-25T21:09:21.719980
py-ccmcstudy,2023-02-26T18:12:59.184988
py-ccpongver,2023-02-27T13:28:10.723692
py-ccpyw,2023-02-25T15:03:22.076478
py-ccrandom,2023-02-25T21:09:53.674389
py-ccstringpost,2023-02-26T18:16:15.763537
py-ccvmpy,2023-02-27T00:35:11.236982
py-ccvmtool,2023-02-25T21:12:15.693993
py-cdord,2024-03-26T23:03:36.107901
py-cird,2024-03-26T22:59:22.631691
py-ckord,2024-03-26T23:01:13.381766
py-ckrd,2024-03-26T23:00:47.326455
py-co4d,2024-03-26T22:59:14.514659
py-coad,2024-03-26T23:00:26.431799
py-cobrd,2024-03-26T23:04:01.091076
py-cocd,2024-03-26T23:04:05.627652
py-cod,2024-03-26T22:58:06.570023
py-codrd,2024-03-26T23:00:53.307214
py-coed,2024-03-26T22:58:26.788593
py-coerd,2024-03-26T23:03:25.982615
py-cofd,2024-03-26T22:58:31.973252
py-cofrd,2024-03-26T23:00:57.299722
py-coird,2024-03-26T22:58:49.075425
py-cojrd,2024-03-26T23:03:34.079644
py-controlcontrolmc,2023-02-27T00:40:26.252593
py-controlcraftstr,2023-02-25T20:57:02.933617
py-controlgettool,2024-04-22T09:48:58.242797
py-controlgrandlib,2024-04-22T09:48:58.254797
py-controlguipost,2023-03-08T22:36:20.148154
py-controlinfo,2023-02-25T14:42:47.810796
py-controlmask,2023-02-25T20:58:05.453798
py-controlpingcraft,2023-03-12T10:17:47.020475
py-controlpingpong,2023-02-26T18:15:07.951351
py-controlpymc,2023-02-25T20:53:46.200801
py-controlpywrand,2023-02-27T00:38:48.091109
py-controlramnvidia,2023-02-27T00:39:18.379709
py-controlrand,2023-02-25T15:12:12.388025
py-controlstrcraft,2023-02-25T21:02:58.273062
py-controltool,2023-02-25T21:10:44.906641
py-coqrd,2024-03-26T23:04:09.344124
py-corad,2024-03-26T23:01:01.672278
py-cordd,2024-03-26T22:57:55.232581
py-corddd,2024-03-26T22:59:30.440683
py-corde,2024-03-26T23:00:33.848742
py-cordf,2024-03-26T23:04:17.173119
py-cordq,2024-03-26T23:01:04.896687
py-cordr,2024-03-26T23:04:39.868002
py-cordv,2024-03-26T23:04:57.790279
py-cordw,2024-03-26T23:03:39.436324
py-cordx,2024-03-26T23:04:42.672359
py-corf,2024-03-26T23:01:10.413388
py-corfd,2024-03-26T23:04:46.624861
py-corg,2024-03-26T23:00:39.429451
py-corid,2024-03-26T23:05:26.409915
py-corrd,2024-03-26T22:59:43.690367
py-cortd,2024-03-26T22:59:51.899410
py-corwd,2024-03-26T23:03:48.833518
py-corx,2024-03-26T23:04:55.413977
py-corxd,2024-03-26T23:00:18.630808
py-cotd,2024-03-26T22:58:43.666738
py-cotrd,2024-03-26T22:58:56.248337
py-cowrd,2024-03-26T23:04:35.863493
py-cozd,2024-03-26T23:03:23.886348
py-cpord,2024-03-26T23:00:13.850200
py-cprd,2024-03-26T22:59:33.953130
py-cpucandy,2023-02-25T15:00:09.721772
py-cpucandyultra,2023-02-25T21:33:36.634411
py-cpucvpost,2023-02-25T21:35:03.669826
py-cpuintelsplit,2023-02-25T21:09:28.325035
py-cpuintre,2024-04-22T09:48:58.286797
py-cpuloadproof,2023-02-27T00:39:54.912934
py-cpumask,2023-02-25T14:59:08.810818
py-cpumcpyw,2023-02-25T21:29:29.204521
py-cpunvidiacraft,2023-02-26T18:09:59.844712
py-cpupipgame,2024-04-22T09:48:58.298797
py-cpurandom,2023-02-25T20:55:14.263163
py-cpuvirtualpip,2023-02-27T00:40:12.102121
py-craftadcandy,2023-02-26T18:12:35.340383
py-craftguire,2023-02-25T21:30:19.494611
py-craftlib,2023-02-25T20:51:58.329093
py-craftmine,2023-02-25T15:07:51.256779
py-craftnvidiamask,2023-02-26T18:14:42.298408
py-craftpongsuper,2023-02-27T00:38:21.241083
py-craftram,2023-02-25T21:08:21.407333
py-craftreplacegui,2023-02-25T21:15:53.821740
py-craftreplaceproof,2023-02-25T21:35:38.104755
py-craftstr,2023-02-25T14:47:41.548682
py-craftstring,2023-02-25T15:03:25.755182
py-crd,2024-03-26T22:59:00.124830
py-crodd,2024-03-26T23:00:00.260473
py-cvcrafturl,2024-04-22T09:48:58.314796
py-cvencode,2023-02-25T15:11:36.606080
py-cvint,2023-02-25T20:59:13.812579
py-cvintpy,2023-02-26T18:18:49.021660
py-cvloadpull,2023-02-25T21:24:07.218370
py-cvmcmine,2023-02-27T00:39:23.167991
py-cvnvidia,2023-02-25T20:58:31.940680
py-cvpepurl,2023-02-25T21:00:13.594660
py-cvposthydra,2023-02-27T00:45:24.127938
py-cvpy,2023-02-25T20:59:41.040625
py-cvrandnvidia,2023-02-27T00:36:48.150383
py-cvsplit,2023-02-25T15:10:18.606645
py-cvstringed,2023-02-25T21:33:49.727091
py-cvstrpyw,2023-02-26T18:13:23.561785
py-cvverload,2023-02-25T20:56:40.391124
py-cvvmreplace,2023-02-25T20:52:31.317191
py-cwrd,2024-03-26T23:00:08.129473
py-cxrd,2024-03-26T23:00:30.720344
py-cyrd,2024-03-26T23:04:11.936454
py-czrd,2024-03-26T23:03:21.794083
py-edccload,2023-02-27T00:46:01.855112
py-edpip,2023-02-25T21:09:11.185936
py-edpipcc,2023-02-26T18:15:09.098985
py-edproof,2023-02-25T14:49:26.500797
py-edpullmask,2023-02-27T00:38:36.851517
py-edpush,2023-02-25T15:09:34.686812
py-edpushinfo,2024-04-22T09:48:58.326796
py-edrandomre,2023-02-25T21:32:59.146246
py-edreplace,2023-02-25T14:45:35.060569
py-encodehackeded,2023-02-26T18:15:54.729075
py-encodeinfogui,2023-02-25T21:01:04.874412
py-encodelib,2023-02-25T20:50:57.064384
py-encodeping,2023-02-25T15:07:30.176311
py-encodeproof,2023-02-25T14:52:14.893129
py-encodeproofreplace,2023-02-26T18:11:27.088963
py-encodepushhydra,2023-02-27T13:30:59.159689
py-encodepushsuper,2023-02-27T00:40:51.383136
py-encoderam,2023-02-25T15:09:26.457624
py-encoderandompull,2023-02-25T21:37:37.981632
py-encodestring,2023-02-25T14:39:14.205989
py-encodeultra,2023-02-25T21:00:00.636792
py-encodeurl,2023-02-25T15:13:06.861724
py-encodevirtualgui,2023-02-25T21:30:37.283993
py-gamecccpu,2023-02-25T21:09:08.393934
py-gamecv,2023-02-25T14:45:31.845811
py-gameedcc,2023-02-25T21:26:39.298098
py-gameintelpull,2023-02-27T00:39:21.432856
py-gamemcultra,2023-02-25T21:34:50.141270
py-gameping,2023-02-25T14:49:12.712413
py-gameram,2023-02-25T15:08:18.375647
py-gameramcandy,2023-02-25T21:03:22.857441
py-gameremc,2023-02-25T21:05:27.081079
py-gamerepong,2023-02-25T20:57:04.248619
py-gamesuper,2023-02-25T21:07:57.552750
py-getcandy,2023-02-25T15:01:50.664893
py-getcandyvm,2023-02-25T21:40:48.347096
py-getccre,2023-02-26T18:18:40.185422
py-getcontrolvm,2023-02-25T20:55:58.348851
py-getcrafttool,2023-02-25T20:57:08.871962
py-getcvad,2024-04-22T09:48:58.338796
py-getlib,2023-02-25T15:13:18.863229
py-getosintpyw,2023-02-25T21:34:59.769315
py-getpepstring,2023-02-27T00:46:00.426107
py-getproofre,2023-02-25T21:35:50.356147
py-getpushgui,2023-02-25T21:01:43.679525
py-getsplitvisa,2023-02-25T21:04:07.786007
py-getstr,2023-02-25T15:12:35.889329
py-grandccultra,2023-02-27T00:43:48.166188
py-grandkill,2023-02-25T14:39:18.159941
py-grandnvidiagrand,2023-02-27T13:17:16.329099
py-grandpep,2023-02-25T14:59:05.049431
py-grandpostver,2023-02-25T21:30:24.877392
py-grandpyw,2023-02-25T14:44:10.106008
py-grandre,2023-02-25T14:55:18.345206
py-grandstr,2023-02-25T14:57:10.417827
py-grandsuperencode,2023-02-26T18:09:59.844712
py-grandultralgtb,2023-02-26T18:12:56.727629
py-grandvirtual,2023-02-25T14:48:37.073791
py-guigrand,2023-02-25T14:53:10.393884
py-guiloadhacked,2023-02-25T20:59:09.314079
py-guimaskram,2023-02-26T18:11:41.090080
py-guiminepep,2023-02-25T21:03:27.262574
py-guipaypal,2023-02-25T14:47:14.299668
py-guireplace,2023-02-25T15:16:20.673330
py-guistrcraft,2023-02-25T21:29:07.505053
py-guistring,2023-02-25T14:42:44.262696
py-guisuper,2023-02-25T14:52:19.022752
py-guiurl,2023-02-25T20:53:24.085001
py-guiurlkill,2023-02-26T18:18:21.362389
py-hackedcandyhttp,2023-02-25T21:06:15.537082
py-hackedcccandy,2023-02-25T21:28:55.436252
py-hackedccencode,2024-04-22T09:48:58.362796
py-hackedcontrol,2023-02-25T21:09:09.661930
py-hackedgrandproof,2023-02-26T18:10:23.174978
py-hackedhttpstring,2023-02-26T18:13:31.474955
py-hackedinfoproof,2023-02-27T13:35:43.542691
py-hackedkillcv,2023-02-25T21:11:13.970376
py-hackednvidialib,2023-02-27T13:30:26.045686
py-hackednvidiarand,2023-02-25T20:59:21.009418
py-hackedosintlib,2023-02-25T20:54:45.968120
py-hackedpongcraft,2023-02-27T13:19:46.909691
py-hackedpost,2023-02-25T14:37:49.818217
py-hackedpushcandy,2023-02-26T18:18:17.452390
py-hackedpushtool,2023-02-27T13:23:30.010690
py-hackedram,2023-02-25T21:14:18.442789
py-hackedreplace,2023-02-25T14:48:57.906889
py-hackedultraget,2023-02-25T21:37:40.278867
py-hackedultratool,2024-04-22T09:48:58.378795
py-hackedurl,2023-02-25T14:54:48.343395
py-hackedvisa,2023-02-25T14:42:40.498057
py-httpaded,2023-02-25T21:32:14.110277
py-httpedvirtual,2023-02-27T00:46:03.201111
py-httpencode,2023-02-25T14:54:40.698087
py-httpgrandpong,2024-04-22T09:48:58.390795
py-httphttpultra,2024-04-22T09:48:58.406795
py-httpintelrandom,2023-02-25T21:32:26.776945
py-httpkill,2023-02-25T15:04:51.307687
py-httppong,2023-02-25T14:51:26.257398
py-httppost,2023-02-25T21:15:42.116212
py-httppull,2023-02-25T14:45:07.489588
py-httpreplace,2023-02-25T21:11:46.620426
py-httpreplacerand,2023-02-25T21:30:33.560077
py-httprevisa,2024-04-22T09:48:58.418795
py-httpstringvirtual,2023-02-25T21:27:15.041775
py-httptoolstring,2023-02-27T00:42:29.170764
py-httpultrakill,2023-02-25T21:15:43.181216
py-httpvirtualmask,2023-02-27T13:36:09.718691
py-httpvisagui,2023-02-27T13:19:48.883691
py-hydraLGTBvm,2024-04-22T09:48:58.434794
py-hydraadgrand,2023-02-27T00:39:08.217431
py-hydracontrolcontrol,2023-02-26T18:14:54.095225
py-hydracontrolget,2024-04-22T09:48:58.450794
py-hydracraft,2023-02-25T15:04:00.612233
py-hydragrandgame,2023-02-25T21:13:14.663784
py-hydrahacked,2023-02-25T15:09:06.433354
py-hydramc,2023-02-25T14:50:12.421904
py-hydraosinthydra,2023-02-25T20:54:35.562693
py-hydrapipre,2023-02-27T13:29:25.181691
py-hydrapost,2023-02-25T20:59:55.793821
py-hydrapy,2023-02-25T15:06:14.069586
py-hydrapypush,2023-02-26T18:15:18.144172
py-hydrasupernvidia,2024-04-22T09:48:58.506793
py-hydraurl,2023-02-25T21:06:59.375262
py-hydraurlstudy,2023-03-02T19:10:42.640578
py-infocvcv,2023-02-25T21:09:57.121919
py-infohydrarandom,2023-03-07T19:17:22.977548
py-infoinfo,2023-02-25T21:02:40.888968
py-infointelpost,2023-02-25T21:32:45.080109
py-infokillpush,2023-02-27T00:42:25.365607
py-infolibLGTB,2024-04-22T09:48:58.546793
py-infomcpy,2023-02-26T18:15:33.003758
py-infopaypal,2023-02-25T14:50:00.330183
py-infoponghttp,2023-02-25T21:13:04.225091
py-infopullhydra,2023-02-25T21:32:43.938109
py-infopy,2023-02-25T21:11:51.088961
py-inforandom,2023-02-25T21:12:07.102953
py-infostring,2023-02-25T21:02:14.735291
py-infover,2023-02-25T21:03:49.044974
py-infovirtualgame,2023-02-27T00:37:38.905748
py-intcandyintel,2023-02-26T18:19:59.688095
py-intcandysplit,2023-02-25T21:31:12.486548
py-intcputool,2023-02-26T18:17:30.612863
py-intedreplace,2023-02-27T00:43:18.105459
py-intelcpusuper,2024-04-22T09:48:58.558793
py-intelgame,2023-02-25T21:04:26.596080
py-intelget,2023-02-25T14:49:48.085582
py-intelhackedpyw,2023-02-26T18:17:39.473255
py-intelinfo,2023-02-25T21:14:35.679403
py-intelinfohacked,2023-02-26T18:10:33.361567
py-intellibint,2023-05-07T19:13:15.444613
py-intelmcad,2023-02-27T00:41:50.897823
py-intelosintosint,2023-02-25T21:33:27.158866
py-intelpepsplit,2023-03-08T15:47:59.856613
py-intelpepsuper,2023-02-25T21:27:08.822742
py-intelpingvm,2023-03-03T21:51:52.033542
py-intelproofcandy,2023-02-26T18:13:58.045533
py-intelstringencode,2023-02-27T13:29:25.142690
py-intelvm,2023-02-25T20:53:34.799473
py-intinfo,2023-02-25T14:48:40.415837
py-intintelhttp,2023-02-27T00:44:59.348686
py-intload,2023-02-25T15:03:01.912862
py-intnvidiagui,2023-02-27T13:19:52.470693
py-intpep,2023-02-25T21:13:13.439730
py-intpyed,2023-02-25T21:45:38.312402
py-intpywcandy,2023-02-27T13:34:01.675687
py-intpywhacked,2023-02-27T00:43:09.262940
py-intsplitpong,2023-02-27T00:38:46.701094
py-intstr,2023-02-25T21:06:29.138208
py-intstring,2023-02-25T15:07:38.785828
py-intverpyw,2024-04-22T09:48:58.602792
py-intvisa,2023-02-25T15:11:21.293053
py-json-formatter,2023-03-04T16:48:32.029741
py-killcandyosint,2023-02-25T21:00:33.881761
py-killgetgrand,2024-04-22T09:48:58.614792
py-killhackedpep,2023-02-26T18:12:34.015381
py-killinfo,2023-02-25T14:58:27.615237
py-killint,2023-02-25T20:53:58.752425
py-killintel,2023-02-25T21:07:02.193708
py-killkillvirtual,2023-02-27T00:40:22.828588
py-killlib,2023-02-25T15:14:14.453996
py-killlibrand,2023-02-27T00:37:11.197991
py-killmineencode,2023-02-27T00:46:30.687668
py-killnvidia,2023-02-25T14:55:39.286159
py-killpaypalurl,2023-02-25T21:39:42.324786
py-killstudygame,2023-02-26T18:14:17.720467
py-killsuper,2023-02-25T21:01:03.593414
py-killtoolad,2023-02-26T18:16:57.027547
py-lgtbgetgrand,2023-02-26T18:13:09.584611
py-lgtbhacked,2023-02-25T14:46:53.290788
py-lgtbminecc,2023-02-25T20:59:29.526146
py-lgtbosintload,2023-02-26T18:19:24.503051
py-lgtbping,2023-02-25T15:11:44.565821
py-lgtbpipram,2023-02-26T18:14:04.187679
py-lgtbpywhttp,2023-02-27T13:35:08.213691
py-lgtbrand,2023-02-25T14:54:52.224657
py-libcccandy,2023-02-25T21:34:44.839235
py-libedvm,2023-02-25T20:57:16.633655
py-libguihacked,2023-02-27T00:45:20.592408
py-libhttpmc,2023-02-25T20:58:58.576224
py-libhttpreplace,2024-04-22T09:48:58.626791
py-libhydraed,2023-02-26T18:12:29.462387
py-libloadcandy,2024-04-22T09:48:58.634791
py-libmcstring,2023-02-27T00:37:18.143542
py-libnvidiaping,2023-02-26T18:18:59.068861
py-libpipintel,2024-04-22T09:48:58.646791
py-libpull,2023-02-25T15:13:26.803576
py-libpushram,2023-02-25T21:34:21.935120
py-librandom,2023-02-25T15:04:31.435554
py-libstring,2023-02-25T21:00:54.564367
py-libverstr,2023-02-25T21:00:31.427165
py-libvirtualram,2023-02-25T20:55:20.856696
py-libvm,2023-02-25T21:01:38.062125
py-loadcpu,2023-02-25T21:01:20.479229
py-loadcpugui,2023-02-25T21:05:14.068017
py-loadhydratool,2023-02-25T21:38:58.005110
py-loadintel,2023-02-25T21:06:11.821083
py-loadlibgrand,2023-02-27T00:40:52.531969
py-loadmcvisa,2023-02-25T20:58:53.835692
py-loadmine,2023-02-25T14:40:06.137147
py-loadpep,2023-02-25T20:58:08.053794
py-loadpongsplit,2023-02-25T21:32:47.600843
py-loadpostpush,2023-02-25T21:04:09.646023
py-loadpycraft,2023-02-25T20:56:21.450963
py-loadstudynvidia,2023-02-25T21:09:03.715345
py-maskccad,2023-02-25T21:28:32.025494
py-maskgetpong,2023-02-25T21:14:49.378751
py-maskgrand,2023-02-25T21:07:26.036706
py-maskgrandcandy,2023-02-25T21:15:13.192043
py-maskgrandultra,2023-02-25T21:26:24.513257
py-maskhacked,2023-02-25T14:57:34.996363
py-maskinfostudy,2023-02-25T21:11:57.149387
py-maskmaskintel,2023-02-25T21:15:29.554708
py-maskmaskload,2023-02-26T18:14:20.951872
py-masknvidiagui,2023-02-27T00:44:49.004097
py-maskosintpull,2023-02-25T21:05:34.023985
py-maskprooftool,2023-02-27T00:44:34.362651
py-maskstringcpu,2023-02-25T21:38:12.881517
py-masksuperpyw,2024-04-22T09:48:58.658791
py-maskverstring,2023-02-27T13:19:02.637691
py-mccpu,2023-02-25T14:38:32.271577
py-mcedcraft,2023-02-27T00:35:58.627322
py-mcloadpaypal,2023-02-25T21:10:59.740711
py-mcloadtool,2023-02-27T00:36:15.423332
py-mcmcmask,2023-02-25T21:30:34.861432
py-mcminegame,2023-02-26T18:13:50.970274
py-mcosint,2023-02-25T14:41:44.452039
py-mcosintcraft,2023-02-25T21:29:00.564237
py-mcosintmc,2023-02-26T18:15:58.821972
py-mcpushmask,2023-02-25T20:58:14.672848
py-mcpyw,2023-02-25T15:04:21.187052
py-mcrand,2023-02-25T20:57:01.822451
py-mcrandom,2023-02-25T14:48:44.077019
py-mcultracraft,2023-03-12T10:18:28.816856
py-mcvergame,2023-02-27T00:42:44.337725
py-mcvirtualpy,2023-02-25T21:22:42.721241
py-mineencodeosint,2023-02-27T00:41:37.085882
py-mineguigrand,2023-02-25T21:45:46.558956
py-minelibcc,2023-02-25T21:24:18.198438
py-minemaskget,2023-02-27T13:28:10.478693
py-minenvidia,2023-02-25T14:52:42.067925
py-minepingsplit,2023-02-27T00:43:01.590751
py-minepipram,2023-02-26T18:14:13.589278
py-minerampy,2023-02-27T00:45:17.267837
py-minerandhydra,2023-02-27T00:46:17.747286
py-minereplacesuper,2023-02-25T21:02:21.881932
py-minestrcv,2024-04-22T09:48:58.702790
py-nvidiacandy,2023-02-25T20:58:37.134701
py-nvidiagranded,2023-02-25T21:39:00.925862
py-nvidiaguistr,2024-04-22T09:48:58.714790
py-nvidiahttppep,2023-02-26T18:13:00.501985
py-nvidiahydraget,2023-02-25T21:39:14.420445
py-nvidiakill,2023-02-25T14:45:53.107325
py-nvidialibhttp,2023-02-27T13:29:27.480690
py-nvidiamc,2023-02-25T15:06:36.515967
py-nvidiapaypalsuper,2023-02-27T00:45:38.496379
py-nvidiapepcontrol,2023-02-25T20:52:51.773362
py-nvidiapepnvidia,2023-02-25T21:30:41.014783
py-nvidiaping,2023-02-25T14:43:07.888274
py-nvidiapipint,2023-02-25T21:27:52.923309
py-nvidiaproofnvidia,2023-02-27T00:34:51.527826
py-nvidiarandvirtual,2023-02-26T18:12:44.488880
py-nvidiasplit,2023-02-25T20:57:06.345665
py-nvidiastring,2023-02-25T21:02:29.119876
py-nvidiastringreplace,2023-02-27T00:42:49.396209
py-nvidiasuper,2023-02-25T21:09:20.489979
py-nvidiaverhacked,2023-02-25T21:26:34.992706
py-obfuscater,2023-05-06T06:20:30.241431
py-osintcontrolproof,2023-02-25T21:39:51.456234
py-osintgrandpush,2023-02-27T00:42:36.431774
py-osintgui,2023-02-25T21:01:13.833339
py-osintmcurl,2023-02-27T00:37:53.027981
py-osintnvidiastring,2023-02-27T00:46:13.465690
py-osintpep,2023-02-25T20:48:45.888747
py-osintpyw,2023-02-25T20:56:09.926852
py-osintsuperintel,2023-02-27T00:39:59.514439
py-osintultraad,2023-02-25T21:33:06.002466
py-osintvirtualgui,2023-02-25T21:29:36.518057
py-osintvirtualload,2024-04-22T09:48:58.726790
py-osintvisa,2023-02-25T15:09:18.374458
py-paypalcandyping,2023-02-26T18:17:06.911269
py-paypalgetmine,2023-02-26T18:19:10.491799
py-paypalgetultra,2023-02-26T18:15:02.478621
py-paypalhttp,2023-02-25T15:10:22.204479
py-paypalinfopip,2023-03-08T15:47:12.206615
py-paypalintellgtb,2023-02-26T18:19:06.636239
py-paypalloadver,2023-02-25T21:33:09.957592
py-paypalpaypal,2023-02-25T21:08:09.550067
py-paypalpippep,2023-02-25T21:02:39.358967
py-paypalpongosint,2024-04-22T09:48:58.750790
py-paypalpostcandy,2024-04-22T09:48:58.762789
py-paypalpyw,2023-02-25T15:12:24.688811
py-paypalrandom,2023-02-25T21:08:15.866098
py-paypalsplitpush,2023-02-25T21:30:43.685652
py-paypalsplitsplit,2023-02-26T18:15:56.646226
py-paypalstrcpu,2023-02-27T00:36:36.114145
py-paypalultrapep,2023-02-25T21:39:43.818316
py-paypalvirtualcv,2023-02-26T18:19:16.858979
py-paypalvirtualinfo,2023-02-27T13:29:25.152692
py-pepadpull,2023-02-27T13:37:13.490686
py-pepedcandy,2023-02-25T21:36:01.774442
py-pepgrand,2023-02-25T14:44:06.652944
py-pepmcpaypal,2023-02-26T18:11:29.295865
py-pepminepy,2023-02-27T13:42:57.553691
py-pepnvidiastr,2023-02-27T13:17:28.799171
py-pepproof,2023-02-25T20:58:47.241323
py-peppy,2023-02-25T15:13:45.117786
py-peprandcandy,2023-02-26T18:18:35.390367
py-peprandompaypal,2023-02-25T21:14:18.333790
py-peprandstudy,2023-02-25T21:27:39.915503
py-pepreplacereplace,2023-02-26T18:17:11.660667
py-pepvisa,2023-02-25T14:44:20.276313
py-pingadkill,2023-02-25T21:07:25.837705
py-pingcraftmc,2023-02-25T20:53:15.476914
py-pingcvvm,2023-02-26T18:14:48.271485
py-pingedpyw,2024-04-22T09:48:58.782789
py-pingencodeencode,2023-02-27T13:20:59.475690
py-pinggrandnvidia,2023-02-27T00:37:32.550658
py-pinggrandping,2023-02-25T21:27:16.215953
py-pinghydra,2023-02-25T20:59:33.140213
py-pingintelosint,2023-02-26T18:17:36.686892
py-pingloadcontrol,2024-04-22T09:48:58.794789
py-pingpipkill,2023-02-27T00:41:04.854768
py-pingpostkill,2023-02-25T21:07:48.374995
py-pingproof,2023-02-25T20:49:50.753826
py-pingpushultra,2023-02-26T18:20:48.123650
py-pingstringpaypal,2023-02-26T18:16:24.982897
py-pingvisarandom,2024-04-22T09:48:58.806789
py-pipcandyLGTB,2024-04-22T09:48:58.818789
py-pipcvad,2023-02-25T21:15:17.569217
py-piposintpaypal,2024-04-22T09:48:58.830788
py-pippip,2023-02-25T20:59:46.784134
py-pippushosint,2023-02-25T20:58:48.443324
py-pippycandy,2023-02-27T00:41:12.932545
py-pippywvm,2023-02-25T21:09:14.097936
py-pipstudystr,2023-02-25T21:06:27.835792
py-pipsuperad,2024-04-22T09:48:58.842788
py-pongcandyram,2023-02-25T20:58:28.460656
py-pongcpureplace,2023-02-25T21:27:47.570314
py-pongcraft,2023-02-25T21:07:14.622820
py-pongedgame,2024-04-22T09:48:58.854788
py-pongedvirtual,2023-02-25T20:58:25.216160
py-ponggrandnvidia,2023-02-25T21:36:59.925100
py-ponghacked,2023-02-25T15:03:44.263663
py-pongmaskgrand,2023-02-27T00:45:15.316837
py-pongnvidia,2023-02-25T15:09:45.460976
py-pongpep,2023-02-25T20:49:47.090982
py-pongpongpong,2023-02-25T21:26:10.662756
py-pongpostmask,2023-02-25T20:55:07.815110
py-pongultravm,2023-02-25T20:53:05.752870
py-pongvmstring,2023-02-25T21:33:41.449997
py-postcandymc,2023-02-27T00:42:37.570770
py-postencodeencode,2023-02-25T21:15:23.186020
py-postgameintel,2023-02-25T21:08:20.177423
py-postget,2023-02-25T15:12:16.239397
py-posthydratool,2023-02-25T20:53:37.306198
py-postint,2023-02-25T14:46:06.535881
py-postmine,2023-02-25T14:51:38.855093
py-postproofmc,2023-02-26T18:17:20.002214
py-postpull,2023-02-25T14:54:02.740180
py-postrandint,2023-02-25T21:01:17.789114
py-postrelib,2023-02-27T00:35:35.792926
py-poststudy,2023-02-25T21:14:24.966877
py-postultra,2023-02-25T21:06:21.844787
py-postultrahacked,2023-02-27T13:19:31.239691
py-postvirtualreplace,2024-04-22T09:48:58.866788
py-postvmosint,2023-02-25T21:36:16.637703
py-proofccmask,2023-02-26T18:16:43.648092
py-proofencode,2023-02-25T20:55:26.526238
py-prooflib,2023-02-25T21:15:01.221957
py-prooflibhydra,2023-02-26T18:19:20.025527
py-prooflibmc,2023-02-25T21:13:09.470088
py-proofmask,2023-02-25T20:59:30.813578
py-proofmine,2023-02-25T20:52:57.829842
py-proofnvidiavm,2024-04-22T09:48:58.878788
py-proofpong,2023-02-25T21:15:59.780903
py-proofpyosint,2023-02-25T21:28:42.365766
py-proofrandomcandy,2024-04-22T09:48:58.886787
py-proofrandreplace,2023-02-27T00:44:47.998780
py-proofrandvisa,2024-04-22T09:48:58.906787
py-proofreplacestudy,2023-02-27T00:38:19.426663
py-proofsplitpy,2023-02-27T13:42:57.701693
py-publish-test-0126,2026-01-05T19:27:04.466481
py-pulladpy,2023-02-25T21:34:16.976800
py-pullcvrand,2023-02-26T18:20:02.469023
py-pullencode,2023-02-25T15:17:02.245420
py-pullgrandinfo,2023-02-27T13:34:29.819693
py-pullhackedmine,2023-02-27T13:28:48.762690
py-pullhackedurl,2023-02-27T00:44:52.747368
py-pullnvidiacontrol,2023-02-25T20:57:13.900592
py-pullping,2023-02-25T20:56:23.825046
py-pullposted,2023-02-26T18:12:07.701421
py-pullproofkill,2023-02-26T18:12:00.758684
py-pullpy,2023-02-25T15:00:35.019936
py-pullrand,2023-02-25T21:12:21.728045
py-pullreplaceinfo,2023-02-25T21:37:25.152291
py-pullstrintel,2023-02-25T21:27:04.261238
py-pulltoolurl,2023-02-26T18:15:07.056359
py-pushcc,2023-02-25T15:06:25.590746
py-pushcpu,2023-02-25T14:52:07.433360
py-pushget,2023-02-25T14:56:46.928041
py-pushguire,2023-02-27T00:43:00.355758
py-pushinfo,2023-02-25T21:14:29.905596
py-pushinfomine,2023-02-25T21:36:38.167100
py-pushintelhydra,2023-02-25T21:16:10.319414
py-pushpingload,2023-02-27T20:11:06.147015
py-pushpullsuper,2024-04-22T09:48:58.930787
py-pushsplitver,2023-02-25T21:46:21.438374
py-pushstudyrandom,2023-02-27T00:38:49.148110
py-pycpuload,2023-02-25T21:34:18.295872
py-pyencodeload,2023-02-25T21:26:02.391222
py-pyintelcpu,2023-02-27T13:30:50.224689
py-pylibmine,2023-02-25T21:32:53.134630
py-pymaskrand,2023-02-25T21:08:00.511383
py-pymcosint,2023-02-26T18:12:22.842498
py-pynvidiasplit,2024-04-22T09:48:58.942786
py-pyproofinfo,2023-02-26T18:10:55.613187
py-pypywpy,2023-02-25T21:05:43.387052
py-pystringcontrol,2023-02-27T00:39:52.326513
py-pyurlget,2023-02-25T21:28:47.031416
py-pywencode,2023-02-25T20:56:01.320445
py-pywmchydra,2023-02-27T00:42:20.759879
py-pywping,2023-02-25T20:49:22.710347
py-pywposthacked,2024-04-22T09:48:58.954786
py-pywrandomvisa,2023-02-26T18:18:32.373643
py-pywrehacked,2023-02-26T18:18:41.763929
py-pywreplace,2023-02-25T20:54:16.200164
py-pywsupercc,2023-02-25T21:15:18.822303
py-pywsuperre,2023-02-27T13:30:56.611686
py-pywvisahydra,2023-03-03T21:51:29.732282
py-pywvisakill,2024-04-22T09:48:58.978786
py-ramedre,2023-02-25T21:23:55.612111
py-ramencode,2023-02-25T21:04:36.060981
py-ramgameping,2023-02-26T18:13:52.132272
py-ramgrandad,2023-02-26T18:18:34.464989
py-ramhacked,2023-02-25T14:54:27.678724
py-ramhydra,2023-02-25T14:39:42.032792
py-raminfo,2023-02-25T20:50:16.455350
py-raminteled,2023-02-27T00:36:24.038002
py-ramintelpull,2023-02-25T21:14:22.571970
py-ramintnvidia,2023-02-27T13:20:46.946690
py-rampaypalint,2023-02-27T00:43:28.326500
py-ramrandgrand,2023-02-26T18:11:59.418843
py-ramsplitcandy,2023-02-25T20:53:41.014038
py-ramstrencode,2023-02-27T00:43:04.486756
py-ramurlencode,2023-02-27T00:41:49.121827
py-randad,2023-02-25T14:46:09.719097
py-randcpustr,2024-04-22T09:48:58.990786
py-randgetad,2023-02-25T20:53:32.630944
py-randintel,2023-02-25T14:46:12.914219
py-randmaskstudy,2023-02-26T18:12:02.142212
py-randmc,2023-02-25T14:44:34.447855
py-randnvidiapip,2023-02-27T00:42:24.113919
py-randomcandycraft,2023-02-26T18:18:03.216960
py-randomcpu,2023-02-25T20:54:44.852044
py-randomencode,2023-02-25T14:45:03.778484
py-randomgamemine,2023-02-26T18:14:01.652505
py-randomintelver,2023-02-25T21:32:22.980831
py-randomkillpull,2023-02-25T21:27:37.540722
py-randomlibpong,2023-02-27T00:44:13.158333
py-randomloadcandy,2023-02-25T21:13:39.248752
py-randommine,2023-02-25T15:10:45.651877
py-randompepvm,2023-02-25T21:27:06.575488
py-randompull,2023-02-25T20:48:54.298442
py-randompyrandom,2023-02-27T13:29:51.047685
py-randomsplitram,2023-02-26T18:19:32.521091
py-randpepgrand,2023-02-27T00:42:40.431301
py-randproofvm,2023-02-27T00:39:01.991243
py-randpushint,2023-02-25T20:55:55.724857
py-randreplace,2023-02-25T14:50:16.632979
py-randurl,2023-02-25T14:41:16.411363
py-randver,2023-02-25T15:08:14.706995
py-randvirtual,2023-02-25T14:48:03.305578
py-randvirtualinfo,2023-02-27T13:20:28.545694
py-randvisa,2023-02-25T14:40:39.285038
py-randvisavisa,2023-02-27T13:36:47.905689
py-reencode,2023-02-25T15:03:40.466763
py-reget,2023-02-25T15:10:30.740386
py-regrand,2023-02-25T21:07:19.361825
py-reguipong,2024-04-22T09:48:59.006786
py-remaskvisa,2023-02-25T21:39:55.774314
py-remc,2023-02-25T14:38:00.897269
py-renvidia,2023-02-25T20:58:50.769387
py-reosint,2023-02-25T21:12:52.305459
py-replacecraftad,2024-04-22T09:48:59.014786
py-replaceedpong,2023-02-26T18:19:09.099734
py-replaceinfosplit,2023-02-25T21:14:06.575138
py-replacepingencode,2023-02-27T13:19:15.963691
py-replacepongpull,2023-02-27T00:34:37.318377
py-replacepushinfo,2023-02-26T18:16:04.989212
py-replacepushrand,2023-02-26T18:12:04.986042
py-replacepyw,2023-02-25T15:15:21.987088
py-replacerandom,2023-02-25T20:56:22.676047
py-replacere,2023-02-25T20:57:35.225497
py-replacestringcandy,2023-03-08T22:35:41.505155
py-replaceultragrand,2024-04-22T09:48:59.038785
py-replaceverreplace,2023-02-25T21:33:40.299463
py-repull,2023-02-25T14:54:44.525711
py-rerandom,2023-02-25T21:11:09.258291
py-rere,2023-02-25T14:57:06.470135
py-restringproof,2023-02-25T21:14:27.541072
py-reurlhacked,2023-02-25T21:31:53.651934
py-rever,2023-02-25T14:55:21.986038
py-revercontrol,2023-02-25T21:36:19.241795
py-revisaram,2023-02-27T13:25:09.868690
py-splitcontrolrand,2023-02-27T00:39:29.952495
py-splitgamecraft,2023-02-25T21:01:24.402249
py-splitgrand,2023-02-25T14:59:32.963293
py-splitload,2023-02-25T15:05:34.373925
py-splitpullvisa,2023-02-25T21:14:43.901147
py-splitreplacestring,2023-02-26T18:12:21.568820
py-splitstudystring,2024-04-22T09:48:59.050785
py-splittoolpull,2023-02-25T20:59:16.880056
py-splitvercraft,2023-02-26T18:11:53.582094
py-strcvkill,2023-02-26T18:11:39.809078
py-stred,2023-02-25T15:04:59.896923
py-stredencode,2023-02-26T18:15:53.562075
py-stringadvm,2023-02-25T21:24:10.760365
py-stringgamepep,2023-02-27T00:39:00.603557
py-stringlib,2023-02-25T15:04:38.944793
py-stringlibencode,2023-02-27T13:20:09.287693
py-stringpingpost,2023-02-26T18:19:34.778124
py-stringpostmc,2023-02-27T00:40:24.999592
py-stringrandkill,2023-02-27T13:30:33.679690
py-stringrandom,2023-02-25T14:53:59.019636
py-stringre,2023-02-25T14:43:53.259637
py-stringvisaosint,2023-02-25T21:34:33.217787
py-stringvisarand,2023-02-25T21:13:12.079728
py-strkillcraft,2023-02-27T00:42:07.562012
py-strmaskmine,2023-02-27T00:41:38.354879
py-strmcintel,2023-02-25T21:36:39.307690
py-strnvidia,2023-02-25T21:08:30.236655
py-strnvidiamine,2024-04-22T09:48:59.062785
py-strpaypal,2023-02-25T14:44:00.232012
py-strpongint,2023-02-27T13:24:16.465685
py-strpushad,2023-02-26T18:13:18.738201
py-strramgui,2024-04-22T09:48:59.074785
py-strrandom,2023-02-25T15:06:51.467736
py-strrandomgame,2023-02-25T21:45:19.506003
py-strvirtual,2023-02-25T21:10:32.763728
py-strvm,2023-02-25T20:58:41.347233
py-studycontrol,2023-02-25T14:38:15.173227
py-studyedstr,2023-02-27T13:34:03.700691
py-studyencodepep,2023-02-25T20:51:39.677841
py-studygame,2023-02-25T21:00:06.160140
py-studygetultra,2023-02-25T21:31:25.946092
py-studyguicontrol,2023-02-25T20:53:22.590910
py-studyinfo,2023-02-25T21:14:13.713753
py-studykill,2023-02-25T21:11:55.943391
py-studykillproof,2023-02-26T18:17:10.535932
py-studylib,2023-02-25T14:41:09.480264
py-studymaskultra,2023-02-26T18:14:30.439205
py-studynvidiamc,2023-02-27T13:25:31.908685
py-studypaypal,2023-02-25T14:50:55.681621
py-studypongvisa,2023-02-25T21:34:11.607168
py-studypostgame,2023-02-25T21:14:38.690056
py-studyproofver,2023-02-26T18:20:46.373100
py-studypush,2023-02-25T21:07:42.175225
py-studyram,2023-02-25T20:49:09.561636
py-studystring,2023-02-25T21:13:15.924784
py-studytoolping,2023-02-27T13:27:27.095690
py-studytoolvisa,2023-02-26T18:15:25.547245
py-studyvmpyw,2024-04-22T09:48:59.118784
py-supercandyreplace,2023-02-27T00:42:27.808840
py-supergamelib,2023-02-27T00:37:06.997029
py-supergetint,2023-02-25T21:14:07.671140
py-supergetnvidia,2023-02-26T18:20:14.140501
py-superrandompaypal,2023-02-26T18:13:40.949691
py-superre,2023-02-25T14:50:04.510235
py-superrecc,2024-04-22T09:48:59.130784
py-supervirtualmc,2023-02-27T00:37:02.347484
py-supervisa,2023-02-25T14:45:21.256103
py-sys-utils,2025-08-23T19:18:41.628853
py-tooladcraft,2023-02-27T00:43:15.556926
py-toolcontrol,2023-02-25T20:59:50.359838
py-toolcontrolproof,2023-02-25T21:31:15.251565
py-toolgamenvidia,2023-02-27T00:40:42.703861
py-toollibcpu,2023-02-27T00:38:17.099391
py-toolpaypalhydra,2023-02-27T00:41:55.520993
py-toolpipproof,2023-02-25T21:32:39.031676
py-toolpongram,2023-02-27T00:36:02.618436
py-toolproofpaypal,2023-02-25T21:11:59.343390
py-toolproofpost,2023-02-25T21:45:36.524104
py-toolpywnvidia,2023-02-26T18:19:38.335589
py-toolreplacelib,2023-02-26T18:13:42.594833
py-toolvisavisa,2023-02-27T00:45:19.265858
py-toolvmintel,2023-03-12T10:18:15.016549
py-ultracc,2023-02-25T14:48:06.862821
py-ultracpustudy,2023-02-27T00:44:45.253916
py-ultracraft,2023-02-25T21:04:34.717980
py-ultracv,2023-02-25T20:53:54.398386
py-ultrageturl,2023-03-02T19:10:58.931469
py-ultraintvisa,2023-02-25T21:14:17.127788
py-ultralib,2023-02-25T21:08:24.445877
py-ultramcpyw,2023-02-26T18:11:17.795381
py-ultraping,2023-02-25T20:50:50.486304
py-ultraproofinfo,2023-03-03T21:52:15.717268
py-ultraproofintel,2024-04-22T09:48:59.174783
py-ultrapywload,2023-02-25T21:31:09.222142
py-ultraramgui,2023-02-25T21:23:53.395350
py-ultrarandom,2023-02-25T15:05:38.521130
py-ultrareplace,2023-02-25T21:09:41.916928
py-ultrastringget,2023-02-25T21:05:22.340264
py-urlcandyosint,2023-02-26T18:11:55.814078
py-urlencodegrand,2023-02-27T00:40:22.963593
py-urlhttphttp,2023-03-08T22:36:15.993155
py-urlhydrakill,2023-02-26T18:16:33.129080
py-urlmcvisa,2024-04-22T09:48:59.198783
py-urlpep,2023-02-25T20:59:35.520216
py-urlponggame,2023-02-26T18:17:51.587661
py-urlpostosint,2023-02-27T00:40:40.342844
py-urlpushpong,2023-02-27T00:39:24.638531
py-urlram,2023-02-25T21:10:06.630507
py-urlvm,2023-02-25T15:05:26.569170
py-vercraftget,2023-02-26T18:20:10.015735
py-vercv,2023-02-25T14:40:32.423466
py-verhackedvirtual,2023-02-27T13:35:43.583691
py-verintsplit,2023-02-25T21:13:31.560166
py-vermaskram,2023-02-27T00:36:28.943931
py-vermine,2023-02-25T21:08:27.136061
py-vernvidia,2023-02-25T14:52:22.580243
py-verosintreplace,2023-02-25T21:37:42.207402
py-verpaypal,2023-02-25T21:01:54.948861
py-verpyw,2023-02-25T21:01:53.699849
py-verreplacesplit,2024-04-22T09:48:59.210782
py-verstrosint,2023-02-27T13:29:09.987690
py-verurl,2023-02-25T20:56:27.130572
py-verver,2023-02-25T15:03:56.369312
py-virtualcontrolgame,2024-04-22T09:48:59.218782
py-virtualcontrolpong,2023-02-25T21:28:49.345815
py-virtualencodevirtual,2023-02-26T18:11:33.068420
py-virtualgetvm,2023-02-25T21:00:12.326661
py-virtualguiload,2023-02-25T21:32:01.513227
py-virtualguipost,2023-02-27T00:42:51.989851
py-virtualhttppy,2024-04-22T09:48:59.230782
py-virtualhydra,2023-02-25T20:54:39.790167
py-virtuallib,2023-02-25T14:44:45.084210
py-virtualload,2023-02-25T21:01:51.327024
py-virtualpaypal,2023-02-25T15:00:30.040830
py-virtualpaypalcraft,2023-02-25T21:02:27.955878
py-virtualpip,2023-02-25T21:00:38.933319
py-virtualpipkill,2023-02-25T21:04:37.215003
py-virtualpywcraft,2023-02-27T00:43:38.489017
py-virtualsplit,2023-02-25T21:06:26.628788
py-visaad,2023-02-25T20:59:02.909550
py-visagrand,2023-02-25T15:12:47.898390
py-visakill,2023-02-25T21:11:36.071891
py-visalgtb,2023-02-25T20:52:26.800832
py-visaosintgame,2023-02-25T21:36:22.250432
py-visapip,2023-02-25T15:05:30.734085
py-visapongmask,2023-02-27T00:41:19.176453
py-visapypost,2023-02-26T18:20:28.199631
py-visapyw,2023-02-25T20:58:42.349424
py-visarandomad,2023-02-27T13:19:49.017691
py-visastring,2023-02-25T15:02:42.001757
py-visatoolstring,2024-04-22T09:48:59.242782
py-visaurlosint,2023-02-25T21:02:18.297355
py-visaver,2023-02-25T15:02:38.241663
py-visavirtualpost,2023-02-27T00:39:25.990655
py-visavirtualre,2023-02-26T18:14:55.364220
py-vmadpong,2023-02-25T21:36:03.461026
py-vmcontrolgrand,2023-02-25T21:00:36.464743
py-vmcvram,2023-02-26T18:16:31.943081
py-vmgrand,2023-02-25T21:00:20.470033
py-vminfo,2023-02-25T21:08:18.479224
py-vminforeplace,2023-02-25T21:07:06.316289
py-vmlibstudy,2023-02-25T21:29:34.830150
py-vmpullinfo,2024-04-22T09:48:59.254782
py-vmpullkill,2023-02-25T21:31:37.488810
py-vmrandommine,2023-02-25T21:31:41.218113
py-vmrandomsuper,2023-02-25T21:28:03.774181
py-vmstudy,2023-02-25T15:12:51.486836
py-vmvm,2023-02-25T14:55:07.266410
py-vord,2024-03-26T22:58:13.378888
py-xord,2024-03-26T22:59:08.961953
py23crypt,2023-04-29T19:31:10
py32flayer,2023-05-01T11:24:31.581645
py32obf,2023-05-03T15:37:31.774740
py4self,2022-12-19T23:44:20.942911
pyaacv,2024-10-14T20:30:09.113864
pyaescrypter,2023-04-11T18:35:10
pyagme,2023-02-10T18:26:26.276023
pyalicet,2024-03-02T07:16:08
pyalsogkert,2023-09-26T11:11:33.304085
pyanalizate,2023-04-19T20:59:14.868361
pyantimalware,2023-03-21T23:04:33.437559
pyapicolorv2,2024-04-22T09:48:59.266782
pyautogiu,2022-11-07T10:53:42.180783
pybetterascii,2023-03-11T07:44:00.570089
pybowl,2024-04-22T09:48:59.290781
pycalcdata,2024-03-19T20:09:52.789545
pycalculate,2024-04-22T09:48:59.330781
pycandy,2023-02-23T21:41:22.136743
pycapmonster,2024-04-22T09:48:59.338780
pycapmonsterfree,2024-04-22T09:48:59.350780
pycaptchapass,2023-03-23T01:51:16.338643
pyccodestyle,2023-02-11T10:30:42.164745
pycdestyle,2023-02-11T10:29:06.296475
pycdoestyle,2023-02-11T10:28:22.616214
pycjrd,2024-03-26T23:06:58.117565
pyclack,2024-04-22T09:48:59.370780
pyclonefile,2023-03-16T17:12:25.193424
pycoddestyle,2023-02-11T10:28:38.992141
pycodeestyle,2023-02-11T10:31:07.581888
pycodesstyle,2023-02-11T10:30:23.662293
pycodestle,2023-02-11T10:28:29.261672
pycodestlye,2023-02-11T10:29:19.190009
pycodesttyle,2023-02-11T10:29:34.910437
pycodestye,2023-02-11T10:30:10.838449
pycodestyel,2023-02-11T10:29:42.037945
pycodestyl,2023-02-11T10:28:49.454515
pycodestylee,2023-02-11T10:31:23.408967
pycodestylle,2023-02-11T10:31:15.055875
pycodestyyle,2023-02-11T10:29:12.196839
pycodesyle,2023-02-11T10:30:35.089419
pycodesytle,2023-02-11T10:29:49.810868
pycodetsyle,2023-02-11T10:30:58.680337
pycodetyle,2023-02-11T10:28:09.279711
pycodsetyle,2023-02-11T10:30:29.210758
pycodstyle,2023-02-11T10:29:56.509206
pycoedstyle,2023-02-11T10:30:17.954992
pycoestyle,2023-02-11T10:29:00.737541
pycolorate,2024-04-22T09:48:59.382780
pycolorating,2024-04-22T09:48:59.410779
pycolorstrex,2024-04-22T09:48:59.418779
pycolorz,2023-03-05T03:54:25.432200
pycolouring,2023-02-08T17:52:04.593668
pyconau-funtimes,2015-11-12T05:23:50
pycoodestyle,2023-02-11T10:30:51.642106
pycord-slash,2023-03-04T16:28:29.701312
pycordde,2024-03-26T23:06:34.830607
pycparaser,2023-02-11T10:52:06
pycparserr,2023-02-11T10:49:34.200046
pycparserrr,2023-02-11T10:50:21.751749
pycparsre,2023-02-11T10:49:54.755369
pycracker,2023-04-10T00:01:52.461521
pycrackhash,2020-02-02T00:00:00
pycryptdome,2022-08-18T01:30:34.316804
pycrypte,2022-09-09T10:05:40.667052
pycrypterexe,2023-03-14T15:11:26.645138
pycryptexe,2023-03-14T21:24:25.173153
pycrypting,2022-09-09T09:32:11.267107
pycryptlibrary,2023-05-10T18:16:34.194369
pycryptlibraryv3,2023-04-15T20:54:15.872995
pycryptoconf,2023-10-25T10:15:46.302269
pycryptodomes,2022-08-18T01:30:48.666069
pycryptoe,2022-10-24T23:02:29.067219
pycryptoenv,2023-11-07T11:07:04.015616
pycryptro,2022-09-09T16:23:26.596813
pycryptv7,2023-04-30T16:54:06.983085
pyddosprotect,2024-04-22T09:48:59.742774
pydefender,2023-03-20T07:26:34.828094
pydefendermalware123,2023-04-29T20:52:03.523393
pydefenderpro,2023-04-14T19:15:49.811128
pydefenderultra,2023-04-17T18:07:04.244500
pydeobf,2024-10-15T23:56:51.017533
pydesings,2022-11-27T14:18:27.119753
pydetectmouse,2023-01-15T16:43:04
pydiscordclient,2024-04-22T09:48:59.794773
pydiscordion,2024-04-22T09:48:59.806773
pydisk,2023-02-04T13:37:44.431024
pydllcfg,2024-10-15T17:18:26.546668
pydobc,2022-08-18T01:54:59.249339
pydprotect,2022-10-25T12:21:15.740241
pyefflorer,2023-10-05T09:53:16.515997
pyevasive,2022-09-09T10:15:25.619511
pyezstyle,2023-03-21T10:13:55.805392
pyfastcode,2024-04-22T09:48:59.838773
pyfastdownload,2024-04-22T09:48:59.850772
pyfernet,2025-05-26T22:48:43.085084
pyfetcher,2020-02-02T00:00:00
pyfigleet,2023-03-23T21:21:42.159860
pyfiglets,2025-05-13T01:13:28.971592
pyfilget,2022-11-19T21:11:45.633081
pyflakesy,2023-01-15T16:40:12
pyfontinglib,2023-05-03T16:03:25.663012
pyfontskit,2023-05-02T15:20:42.789873
pyfontslib,2023-04-23T11:46:58.752303
pyfontstyle,2023-05-01T22:50:05.047587
pyg-utils,2022-06-15T15:24:43.035733
pygaame,2023-02-10T18:26:22.390773
pygae,2023-02-10T18:25:58.925642
pygaem,2022-11-07T10:38:30.892055
pygaime,2024-03-27T20:17:49.437608
pygame-Print,2024-04-22T09:48:59.878772
pygame-install,2024-04-22T09:48:59.890772
pygame-pytorch,2024-04-22T09:48:59.898772
pygamee,2023-02-10T18:26:36.902853
pygamke,2024-03-27T20:18:14.140760
pygamme,2023-02-10T18:26:15.529392
pygennor,2022-12-16T18:02:15.503285
pygfame,2024-03-27T20:17:36.691981
pyggame,2023-02-10T18:26:11.099862
pyghame,2024-03-27T20:17:45.621120
pyghoster,2023-08-15T18:09:29.842871
pygmae,2023-02-10T18:26:47.292147
pygments-richstyle,2025-10-29T15:58:48
pygqme,2024-03-27T20:17:04.467866
pygradient,2022-09-25T06:15:26.437124
pygrand,2023-02-23T21:45:27.436740
pygraphql32,2023-09-10T19:19:14.983819
pygrata,2022-06-12T17:30:49.549668
pygrata-utils,2022-06-15T07:34:44.640568
pyheul,2024-05-30T16:48:40.081476
pyhints,2022-11-01T09:06:21.887036
pyhjdddo,2023-09-24T14:16:34.118592
pyhon-binance,2023-02-10T18:33:14.635785
pyhoul,2024-05-31T06:35:06.260816
pyhthon,2024-06-16T14:12:13.892521
pyhton,2024-06-16T14:10:37.240190
pyhton-binance,2023-02-10T18:34:43.775670
pyhttpproxifier,2023-12-04T00:23:21.048584
pyhttpxhelp,2023-03-28T17:16:26.239174
pyhttpxhelper,2023-03-28T15:51:02
pyhulul,2023-10-03T19:16:50.160943
pyiinstaller,2023-02-10T15:33:01.237744
pyiniter,2025-05-06T20:45:38.670876
pyinitise,2023-03-18T19:34:58
pyinnstaller,2023-02-10T15:33:34.811755
pyinsaller,2023-02-10T15:32:15.961605
pyinsstaller,2023-02-10T15:33:10.634782
pyinstaaller,2023-02-10T15:32:56.489652
pyinstalelr,2023-02-10T15:33:55.585763
pyinstaler,2022-08-24T04:07:54.749623
pyinstalers,2023-02-07T17:17:49.477210
pyinstalle,2023-02-10T15:32:06.688945
pyinstalleer,2023-02-10T15:33:27.811851
pyinstallerr,2023-02-10T15:33:51.538172
pyinstallr,2023-02-10T15:31:59.676075
pyinstallre,2023-02-10T15:33:59.604076
pyinstlaler,2023-02-10T15:32:28.509230
pyinsttaller,2023-02-10T15:32:47.485004
pyintaller,2023-02-10T15:33:44.074898
pyintsaller,2023-02-10T15:32:10.987349
pyioapso,2023-09-25T11:29:38.348583
pyioler,2023-09-30T12:09:40.031289
pyiopcs,2022-11-18T16:12:44.457666
pyisntaller,2023-02-10T15:31:48.397611
pyjio,2023-10-02T20:10:17.958653
pyjoul,2023-08-17T14:33:19.316106
pyjous,2024-06-01T11:35:41.176397
pyjunkerpro,2023-04-19T14:09:54.675901
pykokalalz,2023-09-25T11:24:39.826252
pykooler,2023-09-22T18:41:06.917628
pyktrkatoo,2023-09-23T17:31:52.750715
pylibcugraph,2025-11-13T14:26:08.096517
pylibfonts,2023-05-02T15:22:07.271577
pylibhelper,2023-04-03T19:08:50
pylibrequest,2020-02-02T00:00:00
pylibscate,2024-04-22T09:48:59.922771
pylibscrape,2023-04-05T23:03:40.068927
pylibutil,2024-04-22T09:48:59.958771
pylint-beautifulsoup,2024-04-22T09:48:59.998770
pylint-py,2024-04-22T09:49:00.010770
pylint-redis,2024-11-29T05:02:02.866062
pylint-sys,2024-04-22T09:49:00.022770
pylioner,2023-09-17T21:21:30.251928
pymafka,2022-05-17T03:02:35
pymaniac,2023-03-31T02:13:58.058229
pymatematics,2024-04-22T09:49:00.030770
pyminor,2023-08-20T15:03:54.608664
pymocks,2022-06-24T17:37:09
pymongosinspired13,2022-08-17T23:17:03.824463
pynanopro,2024-03-19T17:13:48.413150
pynistaller,2023-02-10T15:33:22.986038
pynoisetn,2023-03-27T03:07:27.783481
pyobfadvance,2023-04-11T17:03:50.272583
pyobfexecute,2024-04-22T09:49:00.066769
pyobflite,2023-04-10T21:18:59.832899
pyobfpremium,2023-04-10T19:36:22.900423
pyobfuscation,2025-06-03T15:56:47.058949
pyobfuse,2023-05-11T05:30:46.818592
pyocdestyle,2023-02-11T10:28:34.194676
pyocks,2023-02-11T10:11:43.752167
pyodestyle,2023-02-11T10:28:18.243190
pyorganiser,2023-05-12T14:13:08.516849
pyoscks,2023-02-11T10:12:21.205976
pyou,2023-04-04T17:41:19.588924
pyowler,2023-09-18T20:49:13.707124
pypackagehelp,2023-04-04T01:32:48.431700
pypackscate,2024-04-22T09:49:00.114768
pypackscraper,2024-04-22T09:49:00.186767
pypaquets,2024-04-22T09:49:00.210767
pypep,2023-02-24T14:57:49.770422
pypiele,2023-07-30T18:30:49.983388
pypiion,2025-07-04T08:29:30.722359
pypip,2023-02-23T21:59:15.737211
pyporoxy,2024-04-22T09:49:00.234766
pyportfoliopt,2023-04-17T17:00:17.462500
pyproof,2023-02-24T21:26:03.602425
pyprotectfile,2023-03-18T12:10:49.669226
pyprotector,2023-03-18T19:10:31.727069
pyproto2,2022-07-04T04:29:47
pyproximabe,2022-10-13T10:00:38.830389
pyproxyx,2024-04-22T09:49:00.350765
pypswcracker,2024-04-22T09:49:00.362765
pyptext,2022-10-23T22:02:06.118929
pypttt,2022-08-18T01:24:58.605351
pypull,2023-02-25T14:02:41.766255
pypyw,2023-02-24T14:58:16.617427
pyquest,2022-07-30T10:19:04.307923
pyrelmove,2023-01-15T22:36:29.280731
pyreqs3,2023-04-05T16:59:20
pyrequester,2022-10-29T22:48:18
pyrogrem,2025-12-31T11:36:12.922819
pyrogrom,2026-01-05T00:07:45.682335
pyrologin,2022-12-22T10:14:13.691613
pyrtp,2025-11-24T23:30:13.161050
pysanitizer,2024-04-22T09:49:00.386764
pysbark,2024-10-15T10:08:04.151855
pyscapes,2020-12-01T04:05:43
pyscks,2023-02-11T10:11:51.563497
pyscoks,2023-02-11T10:12:14.529932
pyscrapy,2020-02-26T04:01:55
pyshftuler,2022-11-12T07:36:54.914488
pysiyte,2023-04-21T16:27:21.256536
pyslyte,2022-10-09T20:36:13.270879
pysoccks,2023-02-11T10:11:38.869044
pysockks,2023-02-11T10:11:20.151874
pysockss,2023-02-11T10:11:47.139851
pysocs,2023-02-11T10:11:02.828284
pysocsk,2023-02-11T10:11:54.729977
pysofti,2022-09-09T09:34:26.337211
pysokcs,2023-02-11T10:11:58.206607
pysoks,2023-02-11T10:12:11.406082
pysoocks,2023-02-11T10:12:17.484202
pyspliter,2024-06-10T11:17:22.814841
pysqlchiper-conv,2023-06-23T22:24:43.216721
pysqlcipher-conv,2023-06-23T22:25:13.840711
pyssocks,2023-02-11T10:12:24.313818
pystallerer,2023-09-22T18:49:20.600587
pystiles,2023-01-21T03:46:15.673378
pystlete,2024-07-09T11:33:47.574039
pystob,2023-09-17T11:00:16.981364
pystyl,2023-01-27T17:17:59.431109
pystylerio,2023-03-08T10:34:42.343804
pystyte,2022-10-15T13:24:20.878718
pysubprocess,2024-04-22T09:49:00.422764
pyswyfter,2022-11-04T01:30:14.897493
pytagora,2018-12-11T20:02:36
pytagora2,2018-12-11T19:51:26
pytarlooko,2023-09-23T20:53:37.218778
pytasler,2023-09-27T10:45:43.275525
pytbon,2024-06-16T14:10:54.958451
pytbrch,2024-03-27T20:34:38.221981
pytcrch,2024-03-27T20:35:41.346000
pyteseract,2022-08-17T23:21:48.668872
pytest-pandas,2024-04-22T09:49:00.442763
pytest-tt-ddriven,2024-11-29T04:41:48.067264
pytgon,2024-06-16T14:10:47.345479
pythhon-binance,2023-02-10T18:33:18.750707
pythkn,2024-06-16T14:11:08.644197
pythn,2024-06-16T14:10:41.664754
pythn-binance,2023-02-10T18:34:29.807087
pythno-binance,2023-02-10T18:33:22.578165
pytho-binance,2023-02-10T18:34:22.643859
pythob,2024-06-16T14:11:02.819453
pythom,2024-06-16T14:11:05.863842
python-alibabacloud-sdk-core,2023-10-08T09:41:40
python-alibabacloud-tea-openapi,2023-10-09T02:35:27.261347
python-aliyun-sdk-core,2023-08-11T07:15:26.844818
python-aliyun-sdk-ecs,2023-08-10T10:16:49.926783
python-aliyun-sdk-kms,2023-08-14T09:52:33.052354
python-aliyun-sdk-rds,2023-08-16T07:56:55.130003
python-amazon-doc-utils,2025-08-20T15:56:25.482501
python-bbinance,2023-02-10T18:32:29.212178
python-biance,2023-02-10T18:32:50.812151
python-biannce,2023-02-10T18:34:52.161968
python-biinance,2023-02-10T18:33:55.968153
python-binaance,2023-02-10T18:32:35.195767
python-binace,2023-02-10T18:33:37.677596
python-binacne,2023-02-10T18:32:26.303151
python-binanc,2023-02-10T18:34:01.825897
python-binancce,2023-02-10T18:33:41.890739
python-binancee,2023-02-10T18:34:26.180660
python-binane,2023-02-10T18:32:10.388572
python-binanec,2023-02-10T18:34:18.672255
python-binannce,2023-02-10T18:33:10.462159
python-binnace,2023-02-10T18:32:15.822180
python-binnance,2023-02-10T18:34:14.782634
python-binnce,2023-02-10T18:34:56.173309
python-bnance,2023-02-10T18:34:33.893672
python-bniance,2023-02-10T18:34:47.683832
python-coinbase,2023-02-12T16:44:50.752315
python-consul2-hh,2024-05-18T21:47:46.530982
python-cookies-shower,2024-03-17T14:27:10.930477
python-cord,2024-04-22T09:49:00.462763
python-cos-sdk-v5,2023-08-11T10:02:29.186192
python-dateitil,2025-08-27T08:11:07.486308
python-datetil,2025-08-28T03:02:47.369473
python-dateuti,2022-11-07T12:36:22.377191
python-dateutils,2022-06-28T08:02:12.676912
python-dev-toolkit,2025-09-03T17:13:33.332229
python-drgn,2022-08-05T14:11:38.938333
python-edenred-payments,2024-04-22T09:49:00.482763
python-flask,2022-11-07T14:16:07.984658
python-ftp,2018-10-30T08:02:30
python-ibnance,2023-02-10T18:32:19.279645
python-inance,2023-02-10T18:32:22.770546
python-kudu,2022-10-24T14:24:16.503393
python-mongo,2018-05-10T08:07:41
python-mysql,2018-05-02T13:45:12
python-mysqldb,2018-10-30T08:06:51
python-openssl,2018-05-10T13:16:16
python-poller-ball,2024-04-28T14:23:52.750996
python-requirements-inspector,2025-11-02T23:12:47.472630
python-rsyslog,2024-04-22T09:49:00.506762
python-splib,2022-03-16T06:35:57.874757
python-sqlite,2018-10-29T12:11:06
python-tg-bot,2020-02-02T00:00:00
python3-autopep8,2025-10-23T19:23:14.326957
python3-flask,2022-11-07T14:32:37.628437
python3-ki,2023-02-23T05:32:29.071044
python3-shodan,2025-06-18T03:27:14.346966
python_requirements_inspector,2025-11-02T23:12:47.472630
pythonarg,2023-05-10T14:12:50.956108
pythonbinance,2020-07-29T14:12:55.457881
pythonbitcoinlib,2020-07-29T14:12:55.893594
pythoncaptchasolver,2024-04-22T09:49:00.522762
pythoncoloring,2023-01-28T02:12:30.630843
pythoncoloringv1,2023-05-16T04:58:02
pythoncolourv8,2023-05-01T10:44:29.612475
pythoncryptpkgsv2,2023-05-13T14:25:42
pythonfontingv2,2023-05-15T19:39:50.400836
pythonhttpx,2024-04-22T09:49:00.530762
pythonkafka,2018-10-31T02:50:02
pythonn-binance,2023-02-10T18:34:10.832521
pythonpathenv,2023-01-21T21:10:44
pythonsqliteaddition,2023-05-02T15:40:44.002524
pythonstyles,2023-01-01T00:52:28.567653
pythoon-binance,2023-02-10T18:34:06.868734
pythun,2024-06-16T14:12:29.438504
pytimed,2022-10-04T19:30:56.395878
pytimicer-c,2024-03-09T06:00:27.850419
pytiob,2024-06-16T14:12:21.281463
pytiom,2024-06-16T14:12:23.569755
pytjon,2024-06-16T14:10:44.429107
pytlrc,2024-03-27T20:33:51.059988
pytnon,2024-06-16T14:11:00.031098
pytoch,2023-02-10T18:23:58.928192
pytocrh,2023-02-10T18:23:33.287679
pytoh,2024-06-16T14:13:12.407986
pytohn,2024-06-16T14:10:52.070082
pytohn-binance,2023-02-10T18:33:30.178488
pytoileur,2024-05-27T19:30:21.295866
pytojn,2024-06-16T14:12:19.169194
pyton-binance,2023-02-10T18:33:06.437691
pytonn,2024-06-16T14:13:15.768415
pytoorch,2023-02-10T18:23:22.181818
pytorcch,2023-02-10T18:23:25.123865
pytorch,2019-04-24T16:32:39
pytorch-pandas,2024-04-22T09:49:00.542762
pytorch-pygame,2024-04-22T09:49:00.550762
pytorchh,2023-02-10T18:23:54.484919
pytorchj,2024-03-27T20:35:27.328219
pytorchv,2024-03-27T20:34:11.622601
pytorcm,2024-03-27T20:33:46.723437
pytorcu,2024-03-27T20:33:48.975723
pytorh,2023-02-10T18:23:36.159915
pytorhc,2022-11-06T22:59:21.000944
pytorqh,2024-03-27T20:35:54.347652
pytorrch,2023-02-10T18:23:45.788043
pytprch,2024-03-27T20:33:53.248266
pytrch,2023-02-10T18:24:02.157146
pytroce,2024-03-27T20:34:16.531224
pytroch,2024-04-22T09:49:00.562761
pytspeak,2023-09-06T14:44:35.486438
pytthon-binance,2023-02-10T18:33:48.254547
pyttorch,2023-02-10T18:24:08.192453
pytttsx3,2022-08-18T01:26:43.173839
pytuon,2024-06-16T14:10:57.654794
pytyon,2024-06-16T14:10:49.517756
pytypier,2024-06-10T20:20:59.232702
pyultra,2023-02-23T21:29:25.451335
pyurllib,2022-10-29T15:13:53.476332
pyutilsplus,2023-02-28T13:12:24.577667
pyvirtual,2023-02-24T14:48:33.676775
pyvmdec,2023-01-15T16:54:14
pyvrypto,2022-08-23T10:58:57.202422
pywcandy,2023-02-24T14:42:36.071710
pywcc,2023-02-24T21:10:11.405441
pywcontrol,2023-02-24T21:14:56.717308
pywcpu,2023-02-23T21:34:23.904925
pywcraft,2023-02-23T21:48:44.859632
pywe,2022-11-29T12:21:10.653293
pywgame,2023-02-23T19:22:01.304684
pywgrand,2023-02-23T21:57:45.500287
pywgui,2023-02-23T21:30:37.325907
pywhool,2024-04-22T09:49:00.574761
pywhttp,2023-02-24T14:59:27.458427
pywin31,2022-08-18T01:32:49.267454
pywin33,2022-08-18T01:31:40.045710
pywincompile,2023-03-27T15:17:53.047153
pywincompiler,2023-03-27T14:51:11.812458
pywinfo,2023-02-24T14:58:37.027425
pywinrequest,2023-05-23T21:36:45.683217
pywint,2023-02-25T14:16:45.064427
pywkill,2023-02-25T14:17:26.322439
pywlgtb,2023-02-25T14:03:01.532000
pywlib,2023-02-24T14:42:07.221637
pywload,2023-02-23T16:58:44.661738
pywmask,2023-02-24T14:43:06.098440
pywmc,2023-02-24T14:53:55.023428
pywmine,2023-02-23T21:48:11.149663
pywolle,2024-04-22T09:49:00.586761
pywosint,2023-02-25T14:01:08.643688
pywpep,2023-02-24T21:11:05.984573
pywpong,2023-02-25T14:12:59.752507
pywpost,2023-02-23T21:46:18.791692
pywpush,2023-02-25T14:24:01.954130
pywpy,2023-02-23T21:51:00.451672
pywpyw,2023-02-23T21:53:30.875057
pywram,2023-02-23T21:33:20.316926
pywre,2023-02-24T14:55:21.183431
pywstr,2023-02-25T14:07:45.526251
pywstudy,2023-02-25T14:04:52.893086
pywtool,2023-02-23T16:59:29.959553
pywurl,2023-02-23T17:02:03.893668
pywvirtual,2023-02-24T14:38:54.640140
pywvisa,2023-02-24T14:47:01.416091
pywvm,2023-02-24T14:45:27.696754
pywz,2022-12-06T22:35:20.214303
pyxhttp,2022-12-10T14:48:02.187411
pyximport,2025-06-08T16:22:07.781505
pyxrypto,2022-08-23T10:59:13.777838
pyyalm,2022-11-06T23:48:49.874186
pyyaml-selenium,2024-04-22T09:49:00.634760
pyycodestyle,2023-02-11T10:28:55.269703
pyygame,2023-02-10T18:26:41.114617
pyyinstaller,2023-02-10T15:32:22.232893
pyysocks,2023-02-11T10:12:08.150136
pyython-binance,2023-02-10T18:32:32.322582
pyytorch,2023-02-10T18:24:05.235827
pyzelf,2024-06-11T11:28:40.179146
pzgame,2024-03-27T20:17:23.402284
qaqaqazzz,2024-04-22T09:49:00.646760
qaxtest-httpx,2024-02-21T07:29:56.140816
qdatainstaller,2026-01-02T23:36:38.657423
qrbarcodegen,2023-05-27T17:55:21.107732
qrcodegeneration,2023-04-01T17:07:49.648683
qrcoding,2023-03-29T17:32:23.374111
qsteemp,2023-04-22T15:30:30.804439
qt-main,2025-11-28T14:27:13.675110
quantiumbase,2023-08-01T06:56:16.153180
quarejma-botnet,2022-11-05T15:27:06.915441
quarejma-botnetx,2022-11-05T15:27:18.716963
quarejma-erdem,2022-11-05T15:24:16.846481
quasarlib,2023-11-24T05:47:14.288593
queryservice-client,2026-01-01T15:44:32.464003
quick-telegram-sender,2023-04-24T18:09:28.935721
quick_telegram_sender,2024-04-22T09:49:00.674760
quickscan-scraper,2022-09-24T21:09:04
quickwebbasicauth,2024-06-19T13:17:05.899920
quistik,2022-11-14T19:51:29.381105
qyrm-pipinject4,2023-05-23T12:25:11
qyrm_pipinject4,2024-04-22T09:49:00.722759
r-irkernel,2025-09-13T16:29:44.807440
r3quests,2022-12-13T05:18:22.727613
r4quests,2022-12-13T05:17:54.749561
rabin-sharmakobau,2022-10-12T16:26:43.619921
raft-dask,2025-12-09T03:49:17.553142
raimbow-colors,2023-01-31T00:13:32
ramad,2023-02-23T16:57:58.992359
ramcandy,2023-02-23T21:52:58.562064
ramcc,2023-02-24T21:16:18.604600
ramcontrol,2023-02-24T21:15:14.724883
ramcpu,2023-02-24T14:45:54.891684
ramcraft,2023-02-23T16:59:53.937401
ramcv,2023-02-24T14:39:53.758778
ramgame,2023-02-23T21:43:17.217745
ramget,2023-02-23T21:38:45.746301
ramgrand,2023-02-23T17:00:17.935464
ramgui,2023-02-23T21:49:19.772923
ramhacked,2023-02-25T14:06:26.769848
raminfo,2023-02-23T17:00:34.953929
ramint,2023-02-25T14:28:31.231411
ramkill,2023-02-25T14:24:28.338607
ramlib,2023-02-24T14:55:18.002427
ramload,2023-02-23T21:57:41.914289
rammask,2023-02-24T21:16:05.812598
rammc,2023-02-23T21:32:04.212922
rammine,2023-02-23T16:56:45.356170
rampep,2023-02-24T14:38:20.135770
rampip,2023-02-23T21:35:19.338911
rampost,2023-02-23T21:40:34.788185
rampush,2023-02-25T14:12:27.853862
rampyw,2023-02-23T21:32:01.072926
ramram,2023-02-23T16:56:48.648172
ramre,2023-02-23T21:57:57.356289
ramreplace,2023-02-25T14:24:25.132074
ramstr,2023-02-25T14:32:02.179962
ramstudy,2023-02-25T14:05:45.153682
ramsuper,2023-02-24T14:50:00.836109
ramtool,2023-02-24T21:13:06.234598
ramultra,2023-02-24T14:55:31.773426
ramurl,2023-02-23T21:40:12.835989
ramvirtual,2023-02-24T14:51:58.737019
ramvisa,2023-02-24T14:41:48.179951
ramvm,2023-02-23T21:43:45.343563
randgame,2023-02-25T14:31:05.682891
randget,2023-02-25T14:01:37.615663
randgui,2023-02-25T13:59:05.066701
randintel,2023-02-25T14:16:24.864258
randlgtb,2023-02-25T14:15:16.822384
randmc,2023-02-25T14:03:08.285146
randmine,2023-02-25T14:11:43.573259
rando0192490,2025-09-28T06:08:39.734250
randomad,2023-02-25T14:19:19.138605
randomgame,2023-02-25T14:04:01.961484
randomgrand,2023-02-25T14:28:54.677282
randomhttp,2023-02-25T14:09:58.739623
randomhydra,2023-02-25T14:15:37.413738
randomized,2022-11-16T08:15:13.733171
randomlgtb,2023-02-25T14:04:23.624001
randompep,2023-02-25T14:17:19.794524
randompip,2023-02-25T14:20:41.733585
randomrandom,2023-02-25T14:32:38.292709
randomsplit,2023-02-25T14:10:20.351190
randomultra,2023-02-25T14:36:22.344983
randomvisa,2023-02-25T14:31:57.316177
randpaypal,2023-02-25T14:00:32.397548
randpush,2023-02-25T14:25:09.247816
randrange,2022-11-20T05:36:39.193622
randsplit,2023-02-25T14:31:32.192804
randtool,2023-02-25T14:25:39.923301
rapyd-logger,2025-05-13T14:16:28.588374
raspberry-getinfo,2023-08-14T19:37:05.571130
raw-tool,2022-08-25T03:43:03.935519
rawrequest,2023-03-12T19:39:14.832151
rblxfando,2025-05-03T10:37:28.239161
rblxsetup,2022-10-16T22:28:20.643927
rblxtools,2022-08-01T19:13:52.960412
rbx-autohit,2021-12-26T07:09:21.773794
rbx-cookie,2021-12-26T08:05:28.762711
rbx1325,2025-07-18T17:40:06.132561
rbxtool,2022-08-01T19:25:21.525669
rbxtools,2022-08-01T19:21:07.227798
rcebymrx,2024-09-23T13:25:46.088877
rcyptocompare,2023-02-09T16:49:26.178696
rcyptofeed,2023-02-09T16:44:30.627064
rdependency1337,2023-08-13T22:31:47.628808
reade,2025-07-03T21:53:16.607941
readmecolorama,2025-05-18T11:30:32.036511
readychars,2023-04-04T21:01:10.956138
readycharz,2024-04-22T09:49:00.786758
readycher,2024-04-22T09:49:00.798758
realstarexx,2025-10-21T15:21:34
reauests,2022-12-09T19:03:55.046880
recandy,2023-02-23T16:58:58.249246
recpu,2023-02-23T21:42:13.574390
recraft,2023-02-23T16:59:50.103167
redis-di-processor,2024-08-24T13:46:37.158555
reduests,2022-12-09T19:06:12.069250
reencode,2023-02-25T14:30:38.300455
reequests-toolbelt,2023-02-11T09:56:02.087822
reeuests,2022-12-09T19:07:29.517213
regame,2023-02-23T17:02:19.646464
reget,2023-02-23T17:01:37.758168
regexparam,2024-04-22T09:49:00.814758
regrand,2023-02-23T21:37:21.346201
regui,2023-02-23T21:52:15.960230
rehttp,2023-02-23T21:47:52.985357
rehttps,2025-07-01T10:16:32.682997
reinfo,2023-02-23T21:32:45.864928
relefpots,2024-04-22T09:49:00.818758
releycrypt,2023-05-05T12:14:54
remask,2023-02-24T14:57:25.438421
remc,2023-02-24T14:53:43.901427
remine,2023-02-23T21:53:26.764063
rendom,2025-12-05T16:30:56.534475
rensoflow,2024-03-27T20:10:54.268748
renvidia,2023-02-25T14:11:05.119347
reols,2020-02-26T04:01:55
repep,2023-02-24T14:41:30.552417
repip,2023-02-23T17:02:52.076332
replacead,2023-02-25T14:11:36.389544
replacecpu,2023-02-25T14:00:01.801790
replaceintel,2023-02-25T14:23:23.414843
replacepy,2023-02-25T14:32:45.297167
replacerand,2023-02-25T14:19:15.224848
replacestr,2023-02-25T14:22:20.280667
replacesuper,2023-02-25T14:25:05.963192
reportgenpub,2024-05-22T13:21:15.087278
reproof,2023-02-24T21:27:11.998583
repull,2023-02-25T14:08:15.556720
repyw,2023-02-23T21:54:23.192577
req-ase,2025-07-24T03:24:52.686665
req-ase-automate,2025-07-27T18:27:32.794691
req-flask,2023-05-24T06:44:07
req-matplotlib,2024-04-22T09:49:00.830757
req-os,2024-04-22T09:49:00.838757
req-pre-automate,2025-08-02T04:05:48.457628
req-pre-automate1,2025-08-02T04:10:53.376462
req-tools,2020-02-26T04:01:55
req6,2023-02-02T21:08:34.673056
req7,2023-02-02T12:22:53.465774
req7ests,2022-12-13T05:21:48.609725
req8ests,2022-12-13T05:27:37.480395
req_flask,2024-04-22T09:49:00.850757
reqargs,2024-04-11T07:19:54.215040
reqeist,2024-03-26T22:07:09.569918
reqeosts,2024-03-26T22:06:42.914572
reqest-2022,2022-07-02T10:35:13.505027
reqests-2022,2022-07-02T10:35:05.650320
reqests-toolbelt,2023-02-11T09:56:48.101115
reqeuest-2022,2022-07-02T10:54:00.690615
reqeuest-new,2022-07-02T10:54:22.631149
reqeuste,2024-03-26T22:07:17.090863
reqeusts-toolbelt,2023-02-11T09:56:59.879432
reqeustx,2024-03-26T22:06:40.678291
reqeustz,2024-03-26T22:06:32.597276
reqeyst,2024-03-26T22:07:20.855336
reqhests,2022-12-09T19:09:54.315474
reqinstaller,2023-03-14T18:39:01.422372
reqirements,2024-03-27T20:46:46.962538
reqiremnets,2024-03-27T20:48:01.211967
reqiremnts,2024-03-27T20:47:17.998480
reqiurements,2024-03-27T20:46:18.550931
reqiurementstxt,2024-03-27T20:48:54.958768
reqiuremnets,2024-03-27T20:46:26.967999
reqjuests,2024-03-26T22:07:04.937336
reqkests,2022-12-09T19:11:17.428038
reqoests,2024-03-26T22:06:25.024326
reqquest,2024-03-26T22:06:28.136717
reqquests,2022-05-31T09:33:17.328175
reqquests-toolbelt,2023-02-11T09:56:09.798834
reqsests,2024-03-26T22:08:02.296543
reqsystem,2023-01-08T04:43:23.174205
reqtik,2022-11-13T13:38:56.099188
reqtrade,2023-02-09T16:38:55.242276
requ-sts,2023-03-07T19:50:49.321140
requas,2024-03-26T22:07:54.951620
requeests,2022-05-31T09:34:02.870374
requeests-toolbelt,2023-02-11T09:56:45.064914
requeits,2024-03-26T22:07:57.335920
requeksts,2024-03-26T22:06:50.967582
requekts,2024-03-26T22:07:34.333029
requeqsts,2024-03-26T22:06:57.400390
requeqts,2022-08-19T14:23:27.836274
reques-new-2022,2022-07-02T13:07:33.834801
requeses,2025-12-31T16:26:36.411490
requesfs,2022-12-10T21:37:36.157325
requesgt,2024-03-26T22:07:36.105252
requesks,2024-03-26T22:06:38.986078
requesqs,2024-03-26T22:06:48.883321
requesrs,2022-08-19T14:25:19.638139
requesrts,2024-03-26T22:07:25.775954
requess,2022-05-31T09:31:46.426335
requess-toolbelt,2023-02-11T09:57:11.986775
requesst-toolbelt,2023-02-11T09:57:32.800783
requessts,2022-05-31T09:34:32.637942
requessts-toolbelt,2023-02-11T09:56:25.695782
request,2020-07-31T21:58:46
request-get,2024-02-09T17:07:56.972130
request-http,2024-02-09T16:32:25.309146
request-plus,2023-08-20T07:51:45.926198
request-supporter,2024-04-22T09:49:00.890756
request-toolbelt,2023-02-11T09:56:13.271404
request-unitest,2025-09-22T07:58:43.507737
request-util,2023-02-02T01:10:49.868599
request2022,2022-10-14T12:53:45.108241
request9,2022-10-13T22:19:05.982135
request91,2022-10-14T12:48:04.107611
requesta,2022-12-09T14:57:38.162810
requeste,2022-12-10T21:40:10.887547
requestedapi,2022-12-25T03:22:53.338384
requesters,2023-07-26T13:50:35.554523
requestery,2023-07-26T15:14:10.798890
requesting,2024-01-28T12:28:22.689411
requestn,2024-06-06T16:31:56.763860
requestr,2024-03-26T22:06:34.145471
requests-2022,2022-07-02T10:34:50.197669
requests-beta,2022-07-02T19:35:04.713888
requests-flask,2024-04-22T09:49:00.914756
requests-http,2024-02-09T14:51:14.819100
requests-https,2024-02-09T16:08:20.757802
requests-httpx,2022-10-23T03:02:11.904281
requests-latest,2024-02-05T16:56:27.375047
requests-new-module,2022-07-02T13:34:58.836197
requests-oolbelt,2023-02-11T09:56:22.918544
requests-otolbelt,2023-02-11T09:55:28.806711
requests-pandas,2024-04-22T09:49:00.926756
requests-sessions,2024-02-09T17:06:16.139438
requests-tolbelt,2023-02-11T09:57:08.882262
requests-tolobelt,2023-02-11T09:55:26.051289
requests-toobelt,2023-02-11T09:55:39.568421
requests-tooblelt,2023-02-11T09:57:19.063858
requests-toolbbelt,2023-02-11T09:56:36.539324
requests-toolbeelt,2023-02-11T09:56:52.078770
requests-toolbel,2023-02-11T09:56:19.664704
requests-toolbellt,2023-02-11T09:56:42.370536
requests-toolbelt-2,2023-07-20T02:02:20.219101
requests-toolbelt-v2,2023-07-20T02:12:26.155019
requests-toolbeltt,2023-02-11T09:55:22.884276
requests-toolbet,2023-02-11T09:55:17.831809
requests-toolbetl,2023-02-11T09:57:22.647180
requests-toolblet,2023-02-11T09:55:53.834284
requests-toolblt,2023-02-11T09:56:28.877102
requests-tooleblt,2023-02-11T09:55:36.712193
requests-toolelt,2023-02-11T09:56:57.155363
requests-toollbelt,2023-02-11T09:56:54.691745
requests-tooolbelt,2023-02-11T09:55:56.450014
requests-ttoolbelt,2023-02-11T09:55:48.139489
requests-upgrade,2024-02-04T22:49:30.384134
requests-util,2023-02-02T01:20:02.918528
requests_darwin_lite,2024-05-10T14:19:53.843902
requestsd,2023-02-02T19:35:56
requestsdev,2025-05-12T09:16:04.957189
requestse,2023-02-02T19:44:04
requestspro,2023-08-20T09:52:50.212755
requestss-toolbelt,2023-02-11T09:56:16.217686
requestst,2023-02-02T19:42:07.674893
requesttest3,2023-08-31T03:12:10.492160
requestts,2022-05-31T09:34:59.282611
requestts-toolbelt,2023-02-11T09:56:32.093961
requestw,2022-12-10T21:40:41.678337
requesuts,2024-03-26T22:06:59.472650
requesxs,2024-03-26T22:07:18.715067
requesxt,2024-03-26T22:06:54.752058
requesxts,2024-03-26T22:06:45.594908
requesys,2022-08-17T14:53:33.680961
requet,2023-02-10T06:03:42.974422
requets-toolbelt,2023-02-11T09:57:25.970050
requetsa,2024-03-26T22:07:02.148986
requetsq,2024-03-26T22:06:22.824050
requetss-toolbelt,2023-02-11T09:55:45.031536
requetsts,2024-03-26T22:06:07.790164
requewsts,2024-03-26T22:06:30.352995
requfsts,2022-12-10T21:36:41.543221
requiements,2024-03-27T20:46:35.861129
requierement,2024-03-27T20:46:55.983684
requierments,2024-03-27T20:46:29.632338
requiest,2023-02-08T05:31:51.594366
requiirements,2024-03-27T20:46:16.070616
requiirementstx,2024-03-27T20:50:34.247225
requiirementstxt,2024-03-27T20:49:42.784765
requiirementsxt,2024-03-27T20:49:44.697006
requiiremments,2024-03-27T20:47:04.820806
requiiremnts,2024-03-27T20:47:15.730191
requiirments,2024-03-27T20:47:20.026737
requiremants,2024-03-27T20:47:09.713428
requiremeents,2024-03-27T20:47:26.035500
requiremenstx,2024-03-27T20:49:04.283937
requiremenstxt,2024-03-27T20:48:37.368558
requirementss,2024-03-27T20:46:53.999432
requirementst,2024-03-27T20:48:40.684979
requirementstt,2024-03-27T20:48:22.494669
requirementsttx,2024-03-27T20:48:24.494923
requirementstx,2024-03-27T20:48:28.787468
requirementstxtt,2024-03-27T20:48:34.696219
requirementstxtxt,2024-03-27T20:51:25.377650
requirementstxx,2024-03-27T20:50:18.653267
requirementstxxt,2024-03-27T20:50:16.785033
requirementt,2024-03-27T20:51:05.987213
requirementtsxt,2024-03-27T20:49:40.692503
requirementxstxt,2024-03-27T20:48:26.515180
requirementxt,2024-03-27T20:51:08.743559
requirementxtt,2024-03-27T20:51:10.811819
requirementxxt,2024-03-27T20:48:19.322266
requiremetns,2024-03-27T20:46:51.463110
requiremetnstxt,2024-03-27T20:50:23.717903
requiremetstx,2024-03-27T20:50:12.716522
requiremetstxt,2024-03-27T20:48:31.903864
requiremments,2024-03-27T20:47:51.854779
requiremmentstxt,2024-03-27T20:50:27.834420
requiremmentxt,2024-03-27T20:51:00.182483
requiremmentxtxt,2024-03-27T20:50:41.760169
requiremnets,2024-03-27T20:46:21.511307
requiremnetstxt,2024-03-27T20:50:25.774161
requiremnetxtxt,2024-03-27T20:50:57.334125
requiremnts,2024-03-27T20:46:48.762767
requiremntstx,2024-03-27T20:50:10.544249
requiremntstxt,2024-03-27T20:48:52.770494
requiremntxtxt,2024-03-27T20:51:02.710801
requiremtns,2024-03-27T20:47:24.059249
requires-python,2025-07-28T17:43:00.263342
requirmeents,2024-03-27T20:46:38.529468
requirment,2024-03-27T20:47:36.472825
requirments,2024-03-27T20:46:24.039628
requirmentss,2024-03-27T20:47:38.801121
requirmentstx,2024-03-27T20:50:44.740543
requirmentstxt,2024-03-27T20:50:21.105575
requirmentstxtt,2024-03-27T20:50:53.985705
requirrementstxt,2024-03-27T20:50:39.587896
requirtements,2024-03-27T20:47:01.888434
requists,2023-02-08T05:30:11.844463
requiurement,2024-03-27T20:46:42.689996
requiurementstxt,2024-03-27T20:49:02.055658
requksts,2024-03-26T22:07:51.647205
requnests,2024-03-26T22:07:06.565541
requrementstxt,2024-03-27T20:48:57.083035
requrest,2023-02-08T05:32:13.472856
requriements,2024-03-27T20:46:57.907928
requriments,2024-03-27T20:46:45.170311
requsets,2023-02-10T06:03:19.887108
requsets-toolbelt,2023-02-11T09:56:39.175951
requssts,2024-03-26T22:07:42.354037
requst,2023-02-10T06:02:15.237198
requstes,2023-02-10T06:04:20.732582
requsts-toolbelt,2023-02-11T09:55:59.396588
requstss,2024-03-26T22:06:19.819673
requstsss,2023-03-15T11:08:11.140980
requstsssq,2023-03-17T07:30:00.355865
requuests,2022-05-31T09:33:40.154752
requuests-toolbelt,2023-02-11T09:57:05.597512
requxsts,2024-03-26T22:07:29.528425
requyests,2024-03-26T22:07:14.678560
requzsts,2024-03-26T22:07:48.298784
requеsts,2024-04-22T09:49:01.054754
reqwestss,2024-05-31T07:53:52.066525
reqyest3,2023-10-09T21:19:05
reqzests,2024-03-26T22:07:12.498286
reram,2023-02-23T21:46:50.831550
rerandom,2023-02-25T14:29:29.927539
resplit,2023-02-25T14:10:38.885085
ressend,2023-04-12T00:44:01.255441
ressy,2023-04-14T19:55:33.474876
ressyy,2023-04-17T19:38:15.593515
resuests,2022-12-09T19:05:15.212106
resuper,2023-02-24T14:35:56.284729
reuests,2022-05-31T09:29:47.926479
reuests-toolbelt,2023-02-11T09:56:07.029215
reuirements,2024-03-27T20:47:13.629925
reultra,2023-02-24T14:52:39.546426
reuqests-toolbelt,2023-02-11T09:55:42.192726
reuquests,2024-04-22T09:49:01.098753
reverse-shell,2023-03-21T08:24:03.659036
reverse_shell,2024-04-22T09:49:01.162752
reversepkg,2025-07-18T15:56:32.127309
revirtual,2023-02-24T14:59:44.527423
revisa,2023-02-24T21:08:11.551440
revm,2023-02-23T16:58:32.992824
rewuests,2022-12-09T19:04:33.411328
rfeqtrade,2023-02-09T16:39:24.702089
rfquests,2022-12-10T21:35:03.637732
rgbcolor,2023-11-19T10:18:54.161482
rgbcolour,2023-11-19T15:50:44.393861
rgparse,2022-08-24T04:11:41.868127
rhermann,2024-04-15T22:45:32
rhermann-ct,2024-04-15T22:46:04
rhermann-sds,2024-04-15T22:46:50
rich-figlet,2025-05-15T03:09:25.825057
richcolor,2023-12-25T21:16:06.000608
ripe-atlas-dyndns,2022-11-17T17:07:06
ripe.atlas.dyndns,2024-04-22T09:49:01.206751
rippling-cli,2025-12-30T09:56:08.447512
rizco09,2025-10-19T15:32:18.953040
rllib3,2023-02-11T09:40:36.235595
rmrentryutils,2023-08-09T05:11:42.159982
ro-py-wrapper,2023-04-18T21:46:29.205647
roblcx-cookie3,2022-11-23T01:32:21.106081
roblcx_cookie3,2024-04-22T09:49:01.214751
roblopython,2023-04-27T15:53:22.513977
roblox-mod,2022-11-23T01:52:43.467688
roblox-py-wrapper,2024-04-22T09:49:01.242751
roblox-py1000,2022-11-06T23:37:32.547441
roblox-python-wrapper,2023-04-16T21:38:38.044659
roblox_mod,2024-04-22T09:49:01.262751
roblox_py1000,2024-04-22T09:49:01.278750
robloxapiaccess,2023-03-18T18:59:36.298803
robloxlogger,2022-11-06T16:08:51.966946
robloxmod,2023-03-17T22:01:41.077845
robloxpinreaderr,2022-11-06T00:10:56.962232
robloxpython,2023-04-22T01:35:18.130533
robonotif,2022-11-07T18:09:11.690561
rock51,2024-06-26T14:34:31.276666
rogressbar2,2023-02-11T10:19:54.707382
rompt-toolkit,2023-02-11T10:25:48.126073
ropython,2023-04-21T20:24:00.329027
ros2-demo-py,2022-01-23T21:52:43.234957
rpogressbar2,2023-02-11T10:20:15.628028
rpompt-toolkit,2023-02-11T10:25:03.165819
rq-websites,2022-07-02T14:21:49.008649
rqeuests,2022-11-06T17:16:52.361584
rqeuests-toolbelt,2023-02-11T09:55:32.015280
rqrqrq,2022-07-02T18:09:44.731852
rquest,2023-02-08T05:31:10.454891
rquests-toolbelt,2023-02-11T09:55:50.906472
rrequests,2022-05-31T09:32:29.387216
rrequests-toolbelt,2023-02-11T09:57:15.544491
rrquests,2022-12-09T14:44:52.795523
rsa2026,2025-10-23T01:09:25.373418
rsacracker,2025-08-03T05:00:38.414604
rtcplogin,2025-11-26T13:06:49.138755
rtcpstream,2025-11-25T21:28:32.677486
rtcpy,2025-11-24T23:11:03.973490
rtxt-dep1,2021-09-25T05:35:32.762553
ruamel-poc,2025-07-20T08:01:41.646065
ruequest3,2023-10-08T21:23:41
rullib3,2023-02-11T09:40:20.196471
runway_python,2025-11-02T23:12:51.791487
rushbruhmalware,2024-05-05T13:31:23.979413
rwquests,2022-12-09T14:43:00.313177
ryptocompare,2023-02-09T16:49:51.878715
ryptofeed,2023-02-09T16:45:24.462344
s3ffs,2025-05-20T23:03:06.017829
s3tranfer,2023-02-10T07:46:30.890747
s3transfere,2023-02-10T07:47:25.232898
s3transferr,2023-02-10T07:47:59.339129
s3trnasfer,2023-02-10T07:47:06.991829
s3trnasfers,2023-02-10T07:48:34.946219
saazsdz,2024-04-22T09:49:01.346749
saazszxcdz,2024-04-22T09:49:01.358749
sadonion,2023-05-16T19:53:52
sadsacxz,2024-04-22T09:49:01.366749
safepackage,2022-11-19T20:07:46.497354
sagemakertransformers,2023-02-28T03:27:06.874600
sagetesteight,2022-11-11T18:29:28.202407
sagetestfive,2022-11-11T15:47:57.941339
sagetestfour,2022-11-11T15:30:49.758598
sagetestseven,2022-11-11T16:34:36.124987
sagetestsix,2022-11-11T16:22:56.555721
sagetestthree,2022-11-11T15:27:50.233357
sagetesttwo,2022-11-10T23:27:49.330023
salami3,2022-11-16T20:01:10.465519
sample-module,2021-10-01T16:08:25.195613
saturnian,2022-08-26T13:16:24.277244
sc-concurrent-log-handler,2023-09-18T10:56:33.613642
sc-oauth2,2024-04-15T22:49:19
scappy,2023-04-17T21:20:38.378741
scarpy,2023-02-10T15:30:08.099553
scavenger-py,2024-04-22T09:49:01.554746
sccikit-learn,2023-02-10T18:14:41.446575
sccrapy,2023-02-10T15:30:31.397977
schubismomv3,2024-03-26T19:05:54.208653
sciikit-learn,2023-02-10T18:13:30.186101
sciikt-learn,2023-02-10T18:13:54.328871
sciit-learn,2023-02-10T18:14:26.760918
sciki-learn,2023-02-10T18:13:00.470320
scikiit-learn,2023-02-10T18:14:03.294999
scikit-earn,2023-02-10T18:14:06.720687
scikit-laern,2023-02-10T18:13:18.503450
scikit-larn,2023-02-10T18:13:36.427777
scikit-leaarn,2023-02-10T18:14:15.236500
scikit-lean,2023-02-10T18:13:21.900822
scikit-leanr,2023-02-10T18:13:57.104336
scikit-lear,2023-02-10T18:14:20.425911
scikit-learn-matplotlib,2024-04-22T09:49:01.566746
scikit-learnn,2023-02-10T18:13:15.145590
scikit-learrn,2023-02-10T18:13:25.306563
scikit-leearn,2023-02-10T18:13:11.806726
scikit-leran,2023-02-10T18:14:35.634591
scikit-lern,2023-02-10T18:13:33.005929
scikit-llearn,2023-02-10T18:14:32.728470
scikitt-learn,2023-02-10T18:13:06.816562
scikkit-learn,2023-02-10T18:13:03.596347
scikt-learn,2023-02-10T18:13:47.975462
scikti-learn,2023-02-10T18:14:38.632883
sckiit-learn,2023-02-10T18:13:39.313052
sckit-learn,2022-09-06T18:08:31.702363
scraapy,2023-02-10T15:30:38.194065
scrapeasy-jkhjasdsad,2022-11-17T14:35:01.886398
scrapeasy-juhsdgfjs,2022-11-17T14:48:40.153617
scraperworldapi,2022-12-10T02:31:04.150458
scrappers,2023-04-20T04:36:52.495545
scrappers-dev,2023-04-20T06:28:42.294647
scrapyy,2023-02-10T15:30:23.258579
scray,2023-02-10T15:29:54.864516
scrpay,2023-02-10T15:29:58.603549
scrrapy,2023-02-10T15:30:35.294970
scuffed,2023-01-26T23:39:13.338172
sdf8998fs,2023-03-25T21:09:50
sdfhshfiggs,2023-03-25T21:10:52
sdk-cli-v2,2022-02-27T20:43:22.705331
sdk-cli-v2-public,2022-02-27T20:47:05.555506
sea-django-mysqlpool,2022-03-17T05:31:46.106110
seabonr,2024-09-20T00:36:09.096031
seabron,2022-08-13T09:56:07.606976
secbg,2022-03-03T05:35:42.648144
seccache,2022-03-17T03:18:49.011992
seclab-research-depconf-test,2025-07-11T10:42:37.253643
seclab-research-depconf-test-2,2025-08-22T10:40:44.794987
secretInspector,2024-09-21T06:41:46.331915
secretslib,2022-08-06T18:21:23.719559
secrevthree,2022-03-14T08:56:48.636716
secrevtwo,2022-03-03T06:59:26.791663
security-util,2024-04-22T09:49:01.590745
security-util-py,2023-05-15T09:24:24.716470
seelenium,2023-02-10T10:51:55.367991
seelnium,2023-02-10T10:51:48.399034
seleenim,2024-03-27T20:40:44.400495
seleenimu,2024-03-27T20:41:31.894527
seleenium,2023-02-10T10:52:00.923473
seleeniumm,2024-03-27T20:41:00.090488
seleinium,2024-03-27T20:39:50.505650
seleiniumm,2024-03-27T20:41:12.196026
seleinuim,2024-03-27T20:41:29.202185
seleinum,2023-02-10T10:51:39.372437
seleium,2023-02-10T10:52:16.557714
seleiumm,2024-03-27T20:41:15.100394
selemiumm,2024-03-27T20:41:21.261177
selemni,2024-03-27T20:40:10.748221
selemnim,2024-03-27T20:40:38.551753
selemnium,2024-03-27T20:40:17.153035
selemniumm,2024-03-27T20:40:57.442152
seleneium,2023-01-05T14:32:58.555558
seleniium,2023-02-10T10:51:52.813522
selenimn,2024-03-27T20:40:35.515367
seleniu,2023-02-10T10:51:43.766765
selenium-matplotlib,2024-04-22T09:49:01.630745
seleniumm,2023-02-10T10:52:50.336546
seleniumunclickable,2023-04-05T13:44:43.858929
seleniun,2022-08-17T23:26:03.868139
seleniuum,2023-02-10T10:52:40.405881
selennim,2024-03-27T20:40:27.430340
selennium,2023-02-10T10:52:25.301564
selenniumm,2024-03-27T20:41:09.903734
selennuim,2024-03-27T20:40:42.192215
selenuim,2022-08-17T23:37:22.463520
selenuimm,2024-03-27T20:40:51.125350
selenum,2023-02-10T10:52:09.024976
selenyum,2024-03-27T20:40:04.983489
seleunium,2024-03-27T20:41:06.235268
selfadcpu,2023-02-25T20:55:11.596109
selfadedcandy,2023-02-27T00:37:48.887359
selfadencode,2023-02-25T21:01:25.646780
selfadgrandgui,2023-02-27T00:38:30.116660
selfadintellgtb,2023-02-25T21:31:52.640925
selfadlibproof,2023-02-25T21:37:00.943103
selfadmaskmask,2023-02-27T00:40:17.176363
selfadpepgame,2023-02-25T21:30:05.678807
selfadpullint,2024-04-22T09:49:01.666744
selfadpush,2023-02-25T20:49:57.399584
selfadrand,2023-02-25T21:14:52.870748
selfbot-api22,2022-12-20T12:11:59.240387
selfcandyed,2023-02-25T14:42:23.468316
selfcandygethydra,2023-02-27T00:45:28.839940
selfcandyhttpnvidia,2024-04-22T09:49:01.690744
selfcandyintpyw,2023-02-25T21:01:00.998824
selfcandykillurl,2023-02-26T18:10:42.432495
selfcandyrand,2023-02-25T20:52:38.894791
selfcandystudystudy,2024-04-22T09:49:01.702744
selfcandyultralib,2023-02-25T20:55:35.090639
selfccedpaypal,2023-02-25T21:33:34.876166
selfccedreplace,2023-02-25T21:30:38.544858
selfccgame,2023-02-25T15:08:59.094153
selfcckillad,2023-02-26T18:10:32.230007
selfccmcpush,2023-02-25T21:03:08.423390
selfccpeppep,2023-02-26T18:18:24.437331
selfccping,2023-02-25T14:42:36.835872
selfccpullint,2023-02-26T18:12:15.543367
selfccpyw,2023-02-25T14:46:46.297513
selfccreplacever,2024-04-22T09:49:01.710744
selfccsupervm,2023-02-25T21:13:19.476093
selfccurlpong,2024-04-22T09:49:01.722743
selfccverosint,2023-02-25T21:25:59.996114
selfccvirtualgame,2023-03-07T19:17:22.976548
selfccvmosint,2023-02-27T13:37:14.738693
selfcontroledintel,2023-03-03T21:51:04.431232
selfcontroledreplace,2023-02-25T20:57:22.899013
selfcontrolgetstr,2023-02-27T00:36:53.379999
selfcontrolhttppip,2023-02-26T18:17:34.376983
selfcontrolhydramine,2023-02-25T21:29:39.262801
selfcontrollib,2023-02-25T20:53:04.023310
selfcontrolloadload,2023-05-07T22:35:29.688884
selfcontrolmaskreplace,2023-02-27T00:36:34.979145
selfcontrolosint,2023-02-25T21:11:06.799309
selfcontrolpy,2023-02-25T15:04:04.861178
selfcontrolrandom,2023-02-25T15:03:17.440837
selfcontrolsuperproof,2023-02-27T00:37:35.123688
selfcontrolultracontrol,2023-02-25T21:28:50.537738
selfcontrolurlencode,2023-02-27T00:38:38.027564
selfcontrolverrand,2023-02-27T13:29:45.268690
selfcpugrand,2023-02-25T14:58:03.775685
selfcpuinfo,2023-02-25T14:54:55.852935
selfcpuintelpip,2024-04-22T09:49:01.758743
selfcpuintgame,2023-02-26T18:11:50.863084
selfcpuintsplit,2024-04-22T09:49:01.770743
selfcpulibpull,2023-02-27T00:38:14.637699
selfcpuloadnvidia,2023-02-26T18:18:51.422756
selfcpupingcc,2023-02-26T18:18:04.378916
selfcpupongkill,2023-02-25T21:29:16.785333
selfcpupongpush,2023-02-25T21:37:15.884190
selfcpuramultra,2023-02-25T21:11:05.291781
selfcpure,2023-02-25T21:07:51.401047
selfcpusplit,2023-02-25T14:59:20.849845
selfcpustringgrand,2023-02-27T13:21:07.684691
selfcpustrreplace,2023-02-25T21:01:36.714012
selfcraftcontrolload,2023-02-26T18:12:54.603622
selfcraftcpu,2023-02-25T20:54:21.873243
selfcraftint,2023-02-25T14:58:35.278127
selfcraftlibpong,2023-02-25T21:36:47.888856
selfcraftpaypalultra,2023-02-27T00:44:26.567420
selfcraftpepcontrol,2023-02-27T00:34:58.615929
selfcraftpipvirtual,2023-02-27T13:42:57.747693
selfcraftramnvidia,2023-02-27T00:39:14.135494
selfcraftsuperhacked,2023-02-26T18:20:44.467062
selfcraftvmultra,2023-02-26T18:15:23.819226
selfcvad,2023-02-25T21:11:03.894393
selfcvcvmask,2023-02-26T18:11:45.024079
selfcvcvsuper,2024-04-22T09:49:01.778743
selfcvedpep,2024-04-22T09:49:01.790742
selfcvhackedre,2023-02-25T21:02:48.521224
selfcvhttp,2023-02-25T14:57:47.567199
selfcvinfoad,2023-03-08T15:47:22.561613
selfcvinfourl,2023-02-26T18:12:45.814862
selfcvmc,2023-02-25T14:38:08.163410
selfcvmineget,2023-02-27T13:37:42.464691
selfcvpaypalram,2024-04-22T09:49:01.814742
selfcvping,2023-02-25T20:52:54.216783
selfcvproofsuper,2023-02-25T21:06:02.275742
selfcvpull,2023-02-25T15:04:55.751225
selfcvpushpull,2024-04-22T09:49:01.826742
selfcvpy,2023-02-25T20:56:19.233046
selfcvstrpong,2024-04-22T09:49:01.838742
selfcvurlload,2023-02-25T21:26:57.868379
selfcvvirtual,2023-02-25T15:05:18.965350
selfcvvisaping,2023-02-27T00:41:06.059331
selfedadintel,2023-02-25T20:56:30.610148
selfededpy,2023-02-26T18:13:05.958612
selfedgamestudy,2023-03-12T10:17:55.177999
selfedintpaypal,2023-02-25T21:31:56.154985
selfedintsuper,2023-02-26T18:17:21.342477
selfedload,2023-02-25T20:57:30.484632
selfedmask,2023-02-25T21:03:08.682391
selfednvidiatool,2024-04-22T09:49:01.858741
selfedpinggui,2023-02-27T00:38:12.209074
selfedrandomad,2023-02-25T20:54:01.172795
selfedrandomrandom,2024-04-22T09:49:01.870741
selfedrerand,2024-04-22T09:49:01.882741
selfedsplitvirtual,2023-02-25T21:27:31.661344
selfencodecandy,2023-02-25T14:48:16.508373
selfencodecv,2023-02-25T20:50:09.350946
selfencodeencodevirtual,2023-02-27T00:45:39.799938
selfencodegame,2023-02-25T21:12:43.295920
selfencodekill,2023-02-25T21:10:38.087684
selfencodekillvirtual,2023-02-27T13:20:41.338690
selfencodeload,2023-02-25T15:15:00.082949
selfencodemaskpong,2023-03-08T22:35:49.372155
selfencodenvidiaurl,2023-02-26T18:15:13.244464
selfencodepinghydra,2023-02-25T21:23:08.472061
selfencodepost,2023-02-25T21:15:59.740910
selfencodepostmc,2023-02-26T18:19:45.304693
selfencodepywget,2023-02-27T00:35:29.293332
selfencodepywrand,2023-02-25T20:57:38.139846
selfencoderampost,2023-02-27T00:41:25.672350
selfencoderandom,2023-02-25T21:06:19.359163
selfencodesplit,2023-02-25T15:02:45.759911
selfencodetoolcpu,2023-02-25T20:56:34.219650
selfencodetoolgui,2023-02-25T20:52:15.994693
selfencodeverhydra,2023-02-25T21:09:19.450482
selfencodeverosint,2023-02-25T21:22:58.254427
selfencodevmcontrol,2023-02-25T20:54:42.036184
selfgamecontrolhydra,2023-02-27T13:29:16.206689
selfgamecvultra,2023-02-26T18:16:18.266540
selfgameedultra,2023-02-27T00:42:54.858845
selfgameencode,2023-02-25T21:04:56.063685
selfgamegamegui,2023-02-25T21:36:06.439872
selfgamegui,2023-02-25T21:15:51.540586
selfgameintel,2023-02-25T20:51:28.176337
selfgamekilltool,2023-02-25T20:59:42.686641
selfgamemcnvidia,2023-02-25T20:56:24.836574
selfgamepingurl,2023-02-25T21:13:51.625025
selfgamepipsplit,2023-02-25T20:52:25.575735
selfgamepongcc,2023-02-27T00:42:11.058083
selfgamepost,2023-02-25T14:58:19.792080
selfgamepullad,2023-02-26T18:20:01.462495
selfgamepullre,2023-02-27T00:37:25.425409
selfgamepushstr,2023-02-26T18:14:03.102607
selfgamepypost,2023-03-03T15:34:42.968679
selfgamerenvidia,2023-02-25T21:04:19.412311
selfgamesplit,2023-02-25T15:06:44.014851
selfgamestring,2023-02-25T21:13:02.963554
selfgamestringpush,2023-02-25T21:34:41.940099
selfgamestrstudy,2023-02-27T00:40:44.468891
selfgametool,2023-02-25T15:00:05.311232
selfgamevirtualad,2023-03-03T15:35:09.148052
selfgetgrand,2023-02-25T15:11:13.145828
selfgethydrareplace,2023-02-27T00:46:26.235666
selfgetintelgame,2023-02-25T21:16:11.500298
selfgetinthydra,2023-02-25T21:06:03.550740
selfgetmask,2023-02-25T14:59:17.052512
selfgetmaskpong,2023-02-25T21:13:24.008770
selfgetminecandy,2024-04-22T09:49:01.930740
selfgetreplacepong,2023-02-25T21:33:57.792541
selfgetrepush,2023-02-27T13:19:27.952689
selfgetstudyram,2023-03-08T15:47:18.753609
selfgetultrapong,2023-02-26T18:15:35.950853
selfgeturl,2023-02-25T21:05:36.820453
selfgetverpep,2023-02-25T21:31:23.398132
selfgetvirtualpull,2023-02-25T21:34:43.198209
selfgrandcandy,2023-02-25T21:03:15.171985
selfgrandccintel,2023-02-26T18:13:45.734828
selfgrandcontroltool,2023-02-25T21:31:47.308675
selfgrandedgame,2024-04-22T09:49:01.954740
selfgrandencodecv,2023-02-25T21:02:41.980594
selfgrandgametool,2023-02-26T18:13:46.738831
selfgrandhackedver,2023-02-25T21:13:36.930654
selfgrandintgui,2023-02-25T21:46:46.569262
selfgrandkillhacked,2023-02-27T13:35:33.199690
selfgrandminepep,2023-02-25T21:03:25.794442
selfgrandpipcontrol,2023-02-25T21:45:50.898148
selfgrandpiposint,2023-02-25T21:26:18.240531
selfgrandpongcraft,2023-02-27T00:42:38.697769
selfgrandpostinfo,2023-02-27T00:37:29.428277
selfgrandproof,2023-02-25T21:09:56.043921
selfgrandpushad,2023-02-27T00:46:41.711746
selfgrandrand,2023-02-25T20:51:03.689968
selfgrandstrpyw,2024-04-22T09:49:01.966740
selfgrandvisagui,2023-02-25T21:37:23.726292
selfguiad,2023-02-25T15:10:52.937227
selfguiccproof,2023-03-03T21:51:48.163496
selfguigameurl,2023-02-25T21:39:40.673775
selfguiinteled,2023-02-25T21:06:43.637125
selfguilibrand,2023-02-25T20:52:20.841376
selfguilibstring,2023-02-25T21:11:38.693170
selfguiloadget,2023-02-26T18:11:49.296081
selfguiproofad,2023-02-27T00:39:58.379966
selfguipullsplit,2023-02-25T21:08:33.881673
selfguirandomultra,2023-02-27T13:20:13.597691
selfguistudyosint,2023-02-25T21:26:56.678169
selfguiurlpush,2023-03-08T15:47:35.806613
selfguivirtualkill,2023-02-25T21:02:50.959237
selfguivisareplace,2023-02-25T21:27:32.826361
selfhackedcandyvirtual,2023-02-27T00:38:05.531870
selfhackedccmc,2023-02-25T21:13:34.345123
selfhackedccpull,2023-02-25T21:27:26.583206
selfhackedcpuvirtual,2023-02-27T00:44:21.410090
selfhackedcvnvidia,2023-02-25T21:05:17.530554
selfhackededhydra,2023-02-25T21:25:52.974137
selfhackedencode,2023-02-25T14:56:36.891648
selfhackedinfo,2023-02-25T21:13:49.275908
selfhackedintload,2023-02-25T21:12:24.241045
selfhackedlib,2023-02-25T14:50:51.381686
selfhackedloadnvidia,2023-02-27T00:36:08.714634
selfhackedmask,2023-02-25T21:07:47.307596
selfhackedmaskram,2023-02-25T21:08:17.362113
selfhackedmaskultra,2023-02-25T21:06:20.614262
selfhackedmcpong,2023-02-25T21:00:17.419088
selfhackednvidiamc,2023-02-25T21:11:52.144760
selfhackedramcc,2023-02-26T18:18:59.068861
selfhackedrandomstudy,2023-03-02T19:10:56.963464
selfhackedrandvirtual,2023-02-27T13:28:06.179690
selfhackedrepong,2023-02-27T00:42:13.861863
selfhackedspliturl,2023-02-25T20:57:27.868637
selfhttpcraftultra,2024-04-22T09:49:02.038738
selfhttpcvstr,2023-02-25T21:46:35.260073
selfhttpinfo,2023-02-25T15:16:38.596123
selfhttpinfocv,2023-02-25T21:37:18.665163
selfhttpmasknvidia,2023-02-25T21:34:48.765268
selfhttpmc,2023-02-25T21:15:50.338521
selfhttpmcpush,2023-03-08T22:36:13.608154
selfhttppep,2023-02-25T15:11:00.823421
selfhttppipsplit,2023-02-25T21:46:39.040599
selfhttpproof,2023-02-25T21:13:32.790121
selfhttppy,2023-02-25T14:58:31.478392
selfhttppyw,2023-02-25T15:01:39.598104
selfhttpreplacestudy,2023-02-27T00:43:52.210011
selfhttpsplited,2023-02-26T18:16:35.564555
selfhttpstring,2023-02-25T15:11:24.984652
selfhttpstrver,2023-02-25T21:26:48.808901
selfhttpvmcontrol,2023-02-25T21:10:46.051639
selfhydracpu,2023-02-25T20:58:45.960326
selfhydragamever,2023-02-25T20:56:20.327046
selfhydrainfoproof,2023-03-08T22:36:08.088157
selfhydrakill,2023-02-25T15:14:21.159697
selfhydralib,2023-02-25T21:10:22.137630
selfhydramask,2023-02-25T15:02:01.967099
selfhydranvidiamc,2023-02-25T21:34:02.412510
selfhydrapong,2023-02-25T20:58:57.410696
selfhydrapongpaypal,2024-04-22T09:49:02.070738
selfhydrasplitpy,2023-02-25T20:58:38.348702
selfhydrastringpip,2023-02-25T21:12:31.116085
selfhydrastudycc,2023-03-07T19:17:42.892292
selfhydravmpaypal,2023-02-25T21:07:10.962288
selfinfocandy,2023-02-25T21:00:11.292657
selfinfocraftlib,2023-02-25T20:57:42.787359
selfinfocvgame,2023-02-27T00:37:58.148149
selfinfoencode,2023-02-25T14:57:39.322786
selfinfoencodegame,2023-02-26T18:17:40.976019
selfinfogetrand,2023-02-27T00:41:08.695020
selfinfoinfohydra,2023-02-27T00:42:34.103770
selfinfoint,2023-02-25T21:03:19.272034
selfinfointpy,2023-02-26T18:18:29.428226
selfinfolgtbhydra,2023-02-26T18:12:09.180608
selfinfolibtool,2023-02-27T00:36:20.568921
selfinfomc,2023-02-25T21:01:30.793943
selfinfopaypal,2023-02-25T14:41:47.821193
selfinfopaypalad,2023-03-03T15:35:24.008046
selfinfopong,2023-02-25T20:50:27.015631
selfinfoponged,2024-04-22T09:49:02.106737
selfinfopushpip,2023-03-03T21:52:02.093020
selfinfopynvidia,2023-02-25T20:56:53.064504
selfinforand,2023-02-25T15:02:29.977423
selfinforandom,2023-02-25T15:01:24.475884
selfinfostring,2023-02-25T20:49:00.945094
selfinfostrpyw,2023-02-25T21:39:27.660928
selfinfovisakill,2023-02-26T18:14:25.206300
selfintcontrol,2023-02-25T21:06:42.244125
selfintcontrolgrand,2023-02-25T21:03:51.282067
selfintcv,2023-02-25T15:15:53.945421
selfinteladencode,2023-02-25T21:38:52.371525
selfintelcpu,2023-02-25T15:12:43.676515
selfinteledreplace,2023-02-25T20:53:38.506215
selfintelgametool,2023-02-25T21:04:34.652981
selfintelguimc,2023-02-25T20:51:51.437336
selfintelpip,2023-02-25T21:04:31.987902
selfintelpullpost,2023-02-27T13:23:24.098688
selfintelsplitlgtb,2023-02-26T18:12:27.866378
selfintgame,2023-02-25T20:54:28.921883
selfintmaskkill,2023-02-27T00:39:31.242579
selfintmaskreplace,2024-04-22T09:49:02.142737
selfintnvidia,2023-02-25T21:02:56.853063
selfintpaypalrandom,2023-02-25T21:37:39.061939
selfintproofintel,2023-02-25T20:58:39.721236
selfintstringpong,2023-03-08T22:35:59.983154
selfintstringstr,2024-04-22T09:49:02.162737
selfintstudyhttp,2023-02-25T21:38:20.595948
selfintsuper,2023-02-25T14:53:41.568128
selfintsuperram,2023-02-27T00:40:28.558592
selfinturlstudy,2023-03-07T19:17:52.945224
selfintvisa,2023-02-25T14:40:56.928908
selfintvmcontrol,2023-02-27T13:19:09.613691
selfkillcontrol,2023-02-25T21:03:54.583591
selfkillcontrollib,2023-02-27T00:40:54.858885
selfkillcpupong,2023-02-25T21:35:48.483637
selfkillguipaypal,2023-02-26T18:14:57.981349
selfkillhydraping,2023-02-25T21:27:12.634059
selfkillkillencode,2023-02-27T00:38:33.201363
selfkilllgtb,2023-02-25T15:07:43.006063
selfkillpinghydra,2023-02-27T00:34:45.396911
selfkillpullpaypal,2023-02-25T20:52:41.476757
selfkillpushhacked,2023-02-27T00:35:50.479326
selfkillsplitpy,2023-02-27T00:41:33.675882
selfkillvirtual,2023-02-25T21:03:24.093440
selfkillvirtualhydra,2023-02-25T20:52:35.540353
selflgtbcc,2023-02-25T14:49:08.813212
selflgtbcontrolpyw,2023-02-27T13:26:56.950696
selflgtbpaypal,2023-02-25T14:58:15.749676
selflgtbpep,2023-02-25T14:56:00.725987
selflgtbpostrand,2023-02-27T13:23:07.472691
selflgtbproofgrand,2023-02-25T21:26:31.518325
selflgtbstringload,2023-02-26T18:17:00.274775
selflibcpu,2023-02-25T21:05:35.746451
selflibcv,2023-02-25T15:02:05.765238
selflibencodetool,2023-02-26T18:20:31.475676
selflibkill,2023-02-25T21:06:51.705433
selflibliblib,2023-02-25T21:02:07.103180
selflibmineload,2023-03-07T19:17:22.975549
selflibpep,2023-02-25T20:50:16.820348
selflibrandomcv,2023-02-25T21:05:08.549844
selflibreplace,2023-02-25T14:47:17.421226
selflibtool,2023-02-25T21:00:32.725761
selfliburlrand,2023-02-25T20:57:24.400013
selfliburlvirtual,2023-02-27T00:42:01.627013
selfloadcc,2023-02-25T21:01:06.181946
selfloadccpull,2023-02-27T00:41:16.585171
selfloadccpy,2023-02-25T21:26:37.999581
selfloadcontrolstr,2023-02-27T13:29:43.730690
selfloadcpu,2023-02-25T14:49:30.100795
selfloadcvencode,2024-04-22T09:49:02.210736
selfloadcvhttp,2023-02-25T21:09:52.005388
selfloadgrand,2023-02-25T20:49:02.542622
selfloadintel,2023-02-25T21:13:54.097042
selfloadkillstring,2023-02-25T21:03:53.395590
selfloadnvidia,2023-02-25T21:15:05.935994
selfloadnvidiapip,2023-02-25T21:09:29.575166
selfloadpullgui,2023-02-25T21:31:54.775931
selfloadpushtool,2023-02-25T21:29:38.119797
selfloadpywnvidia,2023-02-26T18:14:10.670295
selfloadtoolcc,2023-02-26T18:17:02.837039
selfloadvisa,2023-02-25T21:02:45.739160
selfmaskcandyrandom,2023-02-25T21:28:24.031256
selfmaskcandysuper,2023-02-27T00:37:24.200839
selfmaskcpu,2023-02-25T14:47:30.597446
selfmaskgamepull,2024-04-22T09:49:02.218736
selfmaskgrandping,2023-02-27T00:39:32.444640
selfmaskhydrapong,2023-02-25T21:02:02.130970
selfmaskhydravm,2023-02-27T00:40:48.500948
selfmaskintelpong,2023-02-27T00:44:22.904171
selfmaskminehacked,2023-02-26T18:20:21.749463
selfmaskosintpyw,2023-02-27T00:35:45.713604
selfmaskpaypalpip,2023-02-27T13:19:07.014691
selfmaskstudyint,2023-02-25T21:29:57.837932
selfmaskstudynvidia,2023-02-27T00:38:13.433121
selfmasksuper,2023-02-25T14:57:43.058596
selfmasksuperget,2023-02-25T21:34:58.553312
selfmaskultra,2023-02-25T14:40:35.770547
selfmaskvisa,2023-02-25T14:50:31.996601
selfmaskvm,2023-02-25T21:09:45.911934
selfmcadpep,2023-02-25T21:01:07.395947
selfmccc,2023-02-25T20:59:43.708908
selfmccontrolstudy,2023-03-12T10:17:28.982083
selfmccv,2023-02-25T20:55:16.831161
selfmcinfo,2023-02-25T21:08:40.080487
selfmcintelget,2023-02-27T00:45:46.596885
selfmcmaskintel,2023-02-25T21:22:39.359102
selfmcosintrandom,2023-02-27T00:44:46.452918
selfmcpipcpu,2023-02-26T18:16:03.762212
selfmcproofvisa,2023-02-25T21:26:25.594628
selfmcreed,2023-02-27T13:30:01.916690
selfmcstr,2023-02-25T20:52:53.000390
selfmcvisapy,2023-02-27T13:34:03.822689
selfmcvmcraft,2023-02-25T21:05:02.276791
selfmineencodeproof,2023-02-25T21:35:36.375471
selfmineencodestr,2023-02-26T18:11:19.631965
selfminegrandkill,2023-02-27T00:44:01.670210
selfmineguipyw,2023-02-25T21:11:01.172709
selfminehydraload,2023-02-25T21:00:46.850783
selfminehydravisa,2023-02-27T00:37:41.327425
selfmineinfocraft,2023-02-27T00:37:12.063992
selfminekillstr,2023-02-25T21:28:41.248589
selfminemasked,2024-04-22T09:49:02.254735
selfminemasknvidia,2023-02-27T13:18:05.913169
selfminepong,2023-02-25T21:14:20.199784
selfminepywgui,2023-02-27T00:42:16.645866
selfminepywurl,2023-02-26T18:17:38.205437
selfmineramcv,2023-02-25T21:35:22.883353
selfmineultraram,2023-02-26T18:16:49.007647
selfmineurl,2023-02-25T21:08:10.551065
selfnvidiacandy,2023-02-25T20:49:33.869407
selfnvidiaccpong,2024-04-22T09:49:02.274735
selfnvidiacraftinfo,2023-02-27T00:45:53.156413
selfnvidiaencode,2023-02-25T21:04:21.714316
selfnvidiamccandy,2023-02-27T00:35:30.519878
selfnvidiapushhacked,2023-02-27T13:34:26.302690
selfnvidiapynvidia,2023-02-25T20:51:29.263451
selfnvidiarandomload,2023-02-25T21:28:39.614085
selfnvidiarelib,2023-02-25T21:36:59.055493
selfnvidiareplaceload,2023-02-26T18:11:11.970381
selfnvidiaurlload,2023-02-25T21:32:17.452324
selfosintadsplit,2023-02-25T21:33:48.654075
selfosintcraftlib,2023-02-26T18:14:39.629405
selfosintcv,2023-02-25T20:55:57.162852
selfosintgame,2023-02-25T14:44:03.392734
selfosintgrandrandom,2023-03-07T19:17:54.441292
selfosinthackedpy,2023-02-25T21:07:49.520993
selfosintintelosint,2023-02-25T21:28:25.254616
selfosintlgtbstr,2023-03-03T21:52:12.573589
selfosintlib,2023-02-25T14:43:04.578172
selfosintping,2023-02-25T15:16:24.328595
selfosintpostlib,2023-02-26T18:20:21.723456
selfosintpywmask,2024-04-22T09:49:02.306734
selfosintrandomram,2023-02-27T00:38:15.842309
selfosintrecandy,2023-02-27T00:43:32.030494
selfosintsplithydra,2024-04-22T09:49:02.330734
selfosintstringcpu,2023-02-27T00:35:57.389326
selfosintstrpong,2023-02-27T13:29:25.218693
selfosintstudyhttp,2023-02-25T21:34:10.132133
selfosintstudyrandom,2023-02-25T21:32:30.191744
selfosintultrahacked,2024-04-22T09:49:02.342734
selfosinturlget,2023-02-25T21:30:36.025964
selfosinturlre,2023-02-26T18:11:23.181966
selfosintver,2023-02-25T15:15:35.570596
selfosintvmcraft,2023-02-25T21:10:55.150617
selfpaypalad,2023-02-25T20:54:54.387755
selfpaypaladvm,2023-02-27T00:42:06.362013
selfpaypalcontrolsuper,2023-03-07T19:17:37.832174
selfpaypalencodeget,2023-02-27T00:36:46.907382
selfpaypalintel,2023-02-25T21:13:50.498434
selfpaypalkillproof,2023-02-25T21:27:02.669080
selfpaypalloadpaypal,2023-02-26T18:19:28.617586
selfpaypalmasktool,2023-02-25T21:26:05.338284
selfpaypalmine,2023-02-25T20:51:24.560891
selfpaypalosintmine,2023-02-25T21:02:13.792983
selfpaypalpepcc,2023-02-25T21:34:29.196615
selfpaypalpushgame,2023-02-26T18:10:25.331984
selfpaypalpyrandom,2023-02-25T21:34:24.929144
selfpaypalpywgame,2023-02-25T21:33:46.986861
selfpaypalreed,2023-02-25T21:37:48.817058
selfpaypalsplited,2023-02-25T21:46:12.037795
selfpaypalstr,2023-02-25T14:38:25.300868
selfpaypalvm,2023-02-25T14:44:17.141802
selfpepad,2023-02-25T15:15:32.332018
selfpepcc,2023-02-25T20:57:56.843507
selfpepgameinfo,2023-02-27T00:35:27.872321
selfpepintel,2023-02-25T14:45:27.755015
selfpepkill,2023-02-25T21:06:36.763348
selfpepmask,2023-02-25T21:01:33.335186
selfpepmaskmask,2023-02-25T21:40:04.022407
selfpeppep,2023-02-25T20:57:49.880949
selfpeppippull,2024-04-22T09:49:02.362733
selfpeppongload,2023-02-26T18:20:05.283560
selfpeppullram,2023-02-26T18:13:28.602319
selfpepreplaceload,2023-02-26T18:18:59.539388
selfpepsplit,2023-02-25T20:50:32.937022
selfpepsplitram,2023-02-25T20:59:39.874070
selfpepstudylib,2023-02-26T18:16:30.416987
selfpeptoolram,2023-02-27T13:20:24.429692
selfpepultraad,2024-04-22T09:49:02.374733
selfpepvirtual,2023-02-25T15:07:14.548187
selfpingcc,2023-02-25T20:55:53.331697
selfpingcpuad,2023-02-25T21:07:00.619709
selfpingcrafttool,2023-02-27T00:42:53.380849
selfpingintelcandy,2023-02-27T00:46:34.142970
selfpingintelvm,2023-03-03T15:35:27.486046
selfpingloadreplace,2023-02-27T00:46:19.170282
selfpingmaskstring,2023-02-25T20:52:30.062728
selfpingponggame,2023-02-27T13:26:38.090691
selfpingponggui,2023-02-27T13:35:13.959690
selfpingpush,2023-02-25T20:57:25.572543
selfpingram,2023-02-25T15:05:58.556629
selfpingrampep,2023-02-25T21:14:11.010237
selfpingspliturl,2023-02-27T00:41:28.735352
selfpingultragame,2024-04-22T09:49:02.422733
selfpingvirtual,2023-02-25T20:58:52.088700
selfpingvisa,2023-02-25T15:02:13.859230
selfpipcandy,2023-02-25T20:58:35.901064
selfpipcpu,2023-02-25T21:03:36.142166
selfpipcv,2023-02-25T20:57:45.239131
selfpipguipull,2023-02-25T21:39:25.822858
selfpiplibultra,2023-02-25T21:32:34.329758
selfpiplibver,2023-02-25T21:29:25.071735
selfpipmask,2023-02-25T14:43:32.213308
selfpippaypal,2023-02-25T21:15:27.376443
selfpippaypalpyw,2024-04-22T09:49:02.434732
selfpippongpip,2024-04-22T09:49:02.450732
selfpippushhttp,2023-02-25T21:22:54.381093
selfpippyreplace,2023-02-26T18:20:10.708530
selfpipstringcc,2023-02-25T21:05:12.333432
selfpipstudyhacked,2023-02-25T21:27:59.319551
selfpipvisaload,2023-02-27T00:38:57.753436
selfpongcpu,2023-02-25T15:05:15.182228
selfpongcv,2023-02-25T20:52:13.568598
selfponged,2023-02-25T21:11:42.923962
selfpongencode,2023-02-25T15:05:46.011417
selfpongencodeintel,2024-04-22T09:49:02.466732
selfponggui,2023-02-25T20:59:53.921712
selfpongminehacked,2023-02-27T00:39:41.536025
selfpongnvidia,2023-02-25T21:11:49.306962
selfpongpull,2023-02-25T20:53:50.292127
selfpongpytool,2023-02-25T20:58:12.767853
selfpongreplaceed,2023-02-25T20:55:25.703244
selfpongsplitsplit,2023-02-27T13:29:09.985690
selfpongurl,2023-02-25T15:15:38.844595
selfpongvisanvidia,2023-02-27T13:29:48.487691
selfpostcontrol,2023-02-25T14:41:34.272401
selfpostcpu,2023-02-25T20:53:39.822760
selfpostgamemc,2023-02-27T13:36:22.159690
selfpostgrandgui,2023-02-25T21:32:42.732091
selfpostguihttp,2023-02-26T18:17:43.597152
selfposthydra,2023-02-25T15:00:14.052812
selfpostmc,2023-02-25T14:56:50.662857
selfpostmcintel,2023-03-02T19:11:06.756374
selfpostminegui,2023-02-25T21:40:05.833400
selfpostponghydra,2023-02-27T13:22:17.674691
selfpostpywver,2023-02-27T00:43:17.090460
selfpostramstring,2023-02-26T18:11:02.427799
selfpostramurl,2023-02-27T13:19:21.614690
selfpoststringvm,2023-02-26T18:14:44.838265
selfpostsuper,2023-02-25T20:52:38.934788
selfpostultraultra,2023-02-27T13:34:58.939692
selfpostver,2023-02-25T14:59:24.435558
selfproofcvrand,2023-02-27T00:45:01.560572
selfproofgame,2023-02-25T21:00:53.414367
selfproofhttpsplit,2023-02-27T13:43:07.538690
selfproofint,2023-02-25T14:50:44.001165
selfproofintelosint,2024-04-22T09:49:02.546731
selfproofkillcraft,2023-02-27T13:21:03.070691
selfprooflibpaypal,2023-02-25T21:35:16.313489
selfproofloadram,2023-02-26T18:15:19.411174
selfproofnvidiagrand,2023-02-26T18:19:41.794125
selfproofpingpaypal,2023-02-25T20:55:43.777017
selfproofpipmine,2023-02-25T20:51:27.213337
selfprooframad,2023-02-27T00:36:18.199875
selfproofsplitpush,2023-02-25T21:27:43.501489
selfproofstudyrand,2023-03-07T19:17:32.678642
selfproofstudyvisa,2023-02-25T21:31:18.221043
selfproofurl,2023-02-25T15:09:38.343468
selfpullcchydra,2023-02-27T13:24:41.433690
selfpullgamegame,2023-02-27T13:42:56.418692
selfpullgameload,2023-02-25T21:35:54.166346
selfpullgetlib,2023-02-27T00:37:12.060992
selfpullint,2023-02-25T15:10:14.917034
selfpullpingnvidia,2023-02-27T00:45:54.831416
selfpullproof,2023-02-25T20:56:17.583983
selfpullpywcandy,2023-02-25T21:46:51.954368
selfpullrecontrol,2023-02-27T13:42:54.697688
selfpullsplitcraft,2023-02-26T18:13:36.049256
selfpullsplitcv,2023-02-25T21:34:47.776269
selfpullstringpong,2023-02-26T18:15:21.870206
selfpullstringtool,2023-02-26T18:14:33.258122
selfpullstringver,2023-02-25T21:32:31.612391
selfpullvisaed,2023-02-25T21:29:51.640456
selfpushcv,2023-02-25T14:45:42.371927
selfpushlgtbnvidia,2023-02-26T18:10:19.596236
selfpushmcsplit,2023-02-25T21:26:36.805577
selfpushramhttp,2023-02-25T21:31:22.138246
selfpushstr,2023-02-25T21:14:45.574222
selfpushurlosint,2023-02-25T21:27:29.363217
selfpyccvisa,2023-02-25T21:40:30.731588
selfpyhackedpush,2023-02-25T21:45:54.677719
selfpyosinthacked,2023-02-26T18:14:31.764321
selfpyosintmine,2023-02-27T13:20:33.715693
selfpypeppush,2023-02-26T18:13:26.432781
selfpyping,2023-02-25T20:53:29.559889
selfpypull,2023-02-25T21:11:38.142639
selfpypywpong,2023-02-26T18:10:54.089868
selfpyultrakill,2023-02-25T20:52:37.301768
selfpyver,2023-02-25T14:59:44.577941
selfpyverint,2023-02-27T13:21:22.306688
selfpywgame,2023-02-25T14:53:54.862147
selfpywgamesuper,2023-02-26T18:17:50.452217
selfpywgetget,2023-02-26T18:19:22.293782
selfpywhydragui,2023-02-27T00:42:45.724728
selfpywintelgrand,2023-02-27T00:41:39.511883
selfpywkillgui,2024-04-22T09:49:02.670729
selfpywloadmine,2023-02-26T18:17:32.845488
selfpywloadpong,2023-02-25T21:10:20.955569
selfpywosint,2023-02-25T14:43:57.041289
selfpywpaypalsplit,2023-02-25T21:11:18.863703
selfpywpaypalultra,2023-02-26T18:16:38.068677
selfpywpipvirtual,2023-02-25T21:36:40.591712
selfpywpushhacked,2023-02-27T13:25:24.207689
selfpywrandom,2023-02-25T20:49:58.745124
selfpywreplace,2023-02-25T14:44:52.611836
selfpywreplacecandy,2023-02-25T21:32:48.919419
selfpywsplitsuper,2023-02-25T21:11:47.887430
selfpywstudy,2023-02-25T20:48:57.769053
selframadhacked,2023-02-25T21:08:22.581410
selframcandysplit,2023-02-25T21:06:23.023786
selframintelosint,2024-04-22T09:49:02.694728
selframlgtb,2023-02-25T15:03:36.784139
selframpipmc,2023-02-25T21:36:46.585853
selframproof,2023-02-25T15:08:33.196356
selframpushrand,2023-02-25T21:08:02.292445
selframrandommask,2023-02-27T00:44:11.847476
selframsplitstring,2023-02-25T21:40:09.804175
selframstring,2023-02-25T15:06:55.490007
selframstudyget,2023-03-03T21:51:55.239598
selfrandcraftreplace,2024-04-22T09:49:02.742728
selfrandloadcv,2024-04-22T09:49:02.758727
selfrandomcandypy,2023-02-26T18:15:48.372075
selfrandomcraftpong,2023-02-27T00:44:30.056742
selfrandomgui,2023-02-25T20:53:36.188195
selfrandomhackedstudy,2023-03-08T15:48:12.795079
selfrandomhydratool,2023-02-25T21:07:27.280720
selfrandominfoping,2023-02-27T13:42:57.485692
selfrandomintosint,2024-04-22T09:49:02.814726
selfrandompep,2023-02-25T21:13:37.968795
selfrandompipencode,2023-02-25T21:35:24.054232
selfrandompiposint,2023-02-27T13:30:15.626690
selfrandompostinfo,2023-02-26T18:14:51.457209
selfrandompostint,2024-04-22T09:49:02.838726
selfrandompullver,2023-03-07T19:17:48.754330
selfrandompyint,2023-02-27T00:41:18.130397
selfrandompypep,2023-02-27T00:45:48.759988
selfrandompywosint,2023-02-27T00:43:06.982799
selfrandomram,2023-02-25T15:10:26.317921
selfrandomstrad,2023-02-26T18:19:54.913877
selfrandpong,2023-02-25T21:09:36.966704
selfrandponglib,2023-02-27T00:45:58.123112
selfrandreplacerand,2023-02-26T18:16:22.330897
selfrandsplitre,2023-02-27T13:42:57.838692
selfrecandyping,2023-02-26T18:12:11.562612
selfrecpu,2023-02-25T15:00:18.367681
selfrecvstudy,2023-02-25T21:34:52.551281
selfregetcpu,2023-02-25T21:35:58.104637
selfrehttp,2023-02-25T15:14:00.546422
selfrekillrand,2024-04-22T09:49:02.886725
selfrelibstr,2023-02-27T00:45:05.101249
selfreloadlib,2023-02-25T20:57:07.980822
selfremask,2023-02-25T21:13:05.358086
selfrepaypalhttp,2024-04-22T09:49:02.914725
selfreplacead,2023-02-25T21:10:17.255466
selfreplaceencodepush,2023-02-27T13:23:48.866690
selfreplacelib,2023-02-25T21:09:16.567933
selfreplacemchydra,2023-02-27T00:41:31.307352
selfreplaceminepep,2023-02-25T21:35:47.229584
selfreplacepong,2023-02-25T15:03:32.973542
selfreplacerandget,2023-02-25T21:08:14.646929
selfreplacereplace,2023-02-25T15:07:47.138190
selfreplacesplit,2023-02-25T14:55:25.787256
selfreplacesuperpip,2023-02-25T21:30:59.401594
selfreplacetoolreplace,2024-04-22T09:49:02.958724
selfreplacetoolstr,2023-02-25T20:53:51.315127
selfreplacevisa,2023-02-25T14:50:47.701079
selfrepushencode,2023-02-25T21:09:43.474931
selfrerandom,2023-02-25T21:04:50.121131
selfrereplacetool,2023-02-27T00:37:56.834080
selfrestr,2023-02-25T21:14:41.207058
selfsplitad,2023-02-25T21:15:16.379213
selfsplitcpuload,2023-02-25T21:29:22.448541
selfsplithackedgrand,2023-02-25T21:10:26.219039
selfsplitlib,2023-02-25T15:02:10.159962
selfsplitpip,2023-02-25T20:55:06.146584
selfsplitpush,2023-02-25T14:56:12.631286
selfsplitpushcraft,2023-02-25T20:58:09.301323
selfsplitrandompyw,2023-02-26T18:15:34.369293
selfsplitreplacecraft,2024-04-22T09:49:02.974724
selfsplitreplaceosint,2023-02-25T21:36:29.219196
selfsplittoolgrand,2023-02-25T21:27:17.424860
selfsplitultra,2023-02-25T15:08:44.367134
selfstrad,2023-02-25T20:52:22.020371
selfstradmc,2023-02-27T00:37:54.326401
selfstrcc,2023-02-25T21:00:21.572189
selfstrencode,2023-02-25T21:04:59.166279
selfstringcandycv,2023-02-25T21:07:13.387818
selfstringguiram,2023-02-27T00:44:25.360316
selfstringkill,2023-02-25T20:51:18.025126
selfstringlib,2023-02-25T15:07:22.132054
selfstringmaskvirtual,2023-02-25T21:14:31.715597
selfstringpaypalcandy,2023-02-25T21:06:58.058211
selfstringpullpush,2023-03-03T15:34:13.543561
selfstringrandomcontrol,2023-02-25T20:56:14.470918
selfstringrevisa,2023-02-25T21:31:42.930158
selfstringstringgrand,2023-02-25T21:06:33.203348
selfstringurlgrand,2023-02-25T21:05:58.569015
selfstrintel,2023-02-25T21:10:52.504741
selfstrkill,2023-02-25T14:47:52.655908
selfstrloadnvidia,2023-02-25T21:27:22.445047
selfstrminegui,2023-02-25T20:59:56.691868
selfstrpyw,2023-02-25T14:51:55.743541
selfstrreplace,2023-02-25T20:49:19.342312
selfstrresuper,2024-04-22T09:49:03.006723
selfstrspliturl,2023-02-25T20:59:10.816641
selfstrtool,2023-02-25T21:12:47.175441
selfstrtoolsplit,2023-02-27T13:37:17.952686
selfstrultrapush,2024-04-22T09:49:03.022723
selfstrvirtualrand,2023-02-25T21:37:36.788631
selfstrvisapaypal,2023-02-25T20:55:39.462633
selfstudycontrolpush,2023-02-27T13:17:31.191169
selfstudygrand,2023-02-25T21:13:59.168509
selfstudyhydra,2023-02-25T15:05:11.498813
selfstudyhydrakill,2024-04-22T09:49:03.050723
selfstudyintel,2023-02-25T14:38:39.294527
selfstudyintelcc,2023-02-26T18:20:34.085180
selfstudyintstudy,2023-02-26T18:17:26.247016
selfstudynvidiapep,2023-02-26T18:11:10.279382
selfstudyrecontrol,2023-02-25T21:33:56.633486
selfstudytool,2023-02-25T15:01:15.614198
selfstudytoolrandom,2023-03-08T15:48:03.529611
selfsuperaded,2023-02-27T00:44:44.102531
selfsupercandy,2023-02-25T15:11:32.829035
selfsupered,2023-02-25T14:46:03.389041
selfsuperedping,2023-02-27T13:18:50.120169
selfsupergameencode,2023-03-08T15:47:15.424608
selfsupergui,2023-02-25T21:08:35.048736
selfsuperhackedpy,2023-02-25T21:07:29.909252
selfsuperhttpsplit,2023-02-27T00:43:34.578491
selfsuperpyw,2023-02-25T14:44:56.067661
selfsuperramvirtual,2023-02-27T00:46:38.184803
selfsuperstrpaypal,2023-02-27T13:19:35.232690
selfsupertool,2023-02-25T20:56:42.043243
selfsupertoolcontrol,2023-02-27T00:44:07.401592
selfsuperultra,2023-02-25T20:56:46.342938
selfsupervisa,2023-02-25T15:13:52.811179
selfsupervmencode,2023-02-25T21:31:16.784571
selftoolguihttp,2023-02-27T00:38:42.860930
selftoolhttppaypal,2023-02-25T21:33:13.553000
selftoolinfoint,2023-02-26T18:19:23.434110
selftoolinfover,2024-04-22T09:49:03.090722
selftoolintelnvidia,2023-02-27T00:41:41.712884
selftoollibnvidia,2023-02-26T18:18:23.366618
selftoolmask,2023-02-25T14:53:50.206954
selftoolmctool,2023-02-25T21:37:03.909674
selftoolpyget,2023-02-27T00:36:42.180382
selftoolpyint,2024-04-22T09:49:03.106722
selftoolram,2023-02-25T21:10:19.636191
selftoolreplace,2023-02-25T14:40:09.476331
selftoolverpip,2023-02-27T13:21:17.544691
selftoolvirtualpep,2023-02-26T18:15:47.334075
selftoolvisaping,2023-02-25T21:40:23.762581
selfultracpu,2023-02-25T20:59:49.147136
selfultracraft,2023-02-25T14:57:55.685146
selfultraencodevm,2023-02-26T18:11:00.780183
selfultrahydra,2023-02-25T14:50:59.319016
selfultrainfocraft,2023-02-27T13:17:36.984168
selfultraintelvisa,2024-04-22T09:49:03.134722
selfultramc,2023-02-25T14:50:36.395413
selfultramineint,2023-02-27T13:35:43.192691
selfultranvidiapip,2023-02-25T21:31:34.422792
selfultranvidiapull,2023-02-25T21:30:15.159978
selfultrapaypalencode,2023-02-25T21:32:20.069408
selfultrapingpush,2023-02-26T18:16:37.040660
selfultrapipram,2023-02-25T21:32:37.942531
selfultrapyw,2023-02-25T14:45:14.365186
selfultrapywsuper,2023-02-25T21:14:36.968469
selfultraram,2023-02-25T20:56:38.177377
selfultraver,2023-02-25T14:46:33.024781
selfultravirtual,2023-02-25T15:14:11.148787
selfultravirtualpy,2023-02-25T21:06:09.528797
selfurlcpu,2023-02-25T15:01:58.288029
selfurlcraft,2023-02-25T15:03:29.369729
selfurlgui,2023-02-25T20:51:13.664068
selfurlhttp,2023-02-25T20:55:03.779584
selfurlload,2023-02-25T20:51:25.834023
selfurlmcstr,2023-02-27T13:19:01.144691
selfurlminecontrol,2024-04-22T09:49:03.146721
selfurlpypip,2023-02-25T21:27:50.292903
selfurlpywrandom,2023-02-25T20:57:44.072399
selfurlrandomver,2024-04-22T09:49:03.170721
selfurlsuper,2023-02-25T20:50:21.270681
selfurlultra,2023-02-25T14:48:13.366372
selfverccint,2024-04-22T09:49:03.190721
selfvercvrand,2023-02-25T21:10:08.417659
selfvergame,2023-02-25T14:53:45.972895
selfvergetcc,2023-02-27T13:20:57.729689
selfvergrandstr,2023-02-26T18:18:36.143401
selfvergui,2023-02-25T21:06:32.016141
selfverhackedpost,2023-02-25T21:39:57.443393
selfverintelurl,2023-02-25T21:26:41.787194
selfverkill,2023-02-25T20:49:17.561024
selfvermaskpush,2023-02-27T00:35:38.326460
selfverosintstring,2023-02-27T00:42:05.210012
selfverproofkill,2023-02-27T00:44:03.418232
selfverproofrandom,2023-02-25T21:01:11.236648
selfverpulled,2023-02-27T00:41:45.707557
selfverpullhydra,2023-02-27T00:38:31.502967
selfverpushget,2024-04-22T09:49:03.210720
selfverrand,2023-02-25T15:12:28.300167
selfverstrad,2023-02-27T00:42:33.058170
selfverstringping,2023-02-25T21:36:20.635346
selfvirtualcandy,2023-02-25T21:02:19.412400
selfvirtualcontrolultra,2023-02-27T00:35:49.182717
selfvirtualencode,2023-02-25T15:04:25.149512
selfvirtualhackedhttp,2023-02-25T21:04:43.984442
selfvirtualhttpget,2023-02-25T21:07:56.214248
selfvirtualhydra,2023-02-25T14:49:23.328467
selfvirtualinfoencode,2023-02-26T18:11:56.865078
selfvirtualinfore,2023-02-25T21:29:47.941264
selfvirtualinfovirtual,2023-02-25T21:02:55.790539
selfvirtualloadrand,2024-04-22T09:49:03.222720
selfvirtualpep,2023-02-25T21:03:02.260072
selfvirtualpippong,2023-02-25T21:33:29.622886
selfvirtualpong,2023-02-25T21:02:54.573539
selfvirtualreosint,2024-04-22T09:49:03.234720
selfvirtualstringvisa,2023-02-27T13:36:26.302689
selfvirtualvermine,2023-02-25T21:33:08.700591
selfvisacontrolcraft,2023-02-26T18:14:12.295361
selfvisacpu,2023-02-25T14:41:06.277702
selfvisacpuhydra,2023-02-27T00:34:37.318377
selfvisagrandurl,2024-04-22T09:49:03.250720
selfvisahydrastudy,2023-02-27T00:39:12.811494
selfvisanvidia,2023-02-25T21:03:52.327591
selfvisaosint,2023-02-25T14:44:49.010800
selfvisaosintreplace,2023-02-26T18:12:10.342608
selfvisapaypalmine,2023-03-12T10:17:35.551412
selfvisapep,2023-02-25T21:04:06.192003
selfvisapostosint,2023-03-02T19:10:57.588471
selfvisapullcv,2023-02-25T21:34:45.906240
selfvisarandompush,2024-04-22T09:49:03.294719
selfvisareplacemc,2023-02-26T18:13:48.486981
selfvisaurlpong,2023-02-26T18:17:01.733970
selfvisaverrand,2023-02-25T21:23:05.204659
selfvisavirtualmask,2023-02-25T21:07:46.212064
selfvisavisacpu,2023-02-27T00:46:09.227689
selfvisavm,2023-02-25T20:59:06.849548
selfvisavmgame,2023-02-27T00:42:50.688211
selfvmad,2023-02-25T20:51:00.294916
selfvmadver,2023-02-27T00:40:09.009126
selfvmcontrol,2023-02-25T21:11:10.929178
selfvmcraftpush,2023-02-26T18:13:18.848200
selfvmedram,2023-02-25T20:59:04.169529
selfvmintproof,2023-02-27T13:19:18.738691
selfvmload,2023-02-25T21:02:30.332880
selfvmminehttp,2023-02-27T00:40:45.789305
selfvmpaypal,2023-02-25T21:03:07.291395
selfvmproofgui,2023-02-27T13:19:00.791691
selfvmpyw,2023-02-25T20:54:56.453750
selfvmrandom,2023-02-25T21:01:09.920123
selfvmreplace,2023-02-25T15:01:19.716521
selfvmvisahacked,2023-02-27T00:43:19.239454
selib,2023-01-22T23:41:44.610040
seliniumm,2024-03-27T20:40:33.343091
seliniumn,2024-03-27T20:40:53.069596
selinum,2024-03-27T20:41:17.108649
selleium,2024-03-27T20:40:49.101092
selleniium,2024-03-27T20:40:55.193866
sellenim,2024-03-27T20:39:57.466534
sellenium,2023-02-10T10:51:57.742604
selleniumm,2024-03-27T20:41:03.682944
sellinium,2024-03-27T20:40:07.395795
selneium,2023-02-10T10:52:33.160040
selnium,2023-02-10T10:53:07.103041
selunium,2024-03-27T20:40:00.050863
semdb,2023-08-01T08:04:44.105251
semdber,2023-08-01T16:25:55.915188
semurgdb,2023-07-27T11:53:06.008747
sentinelone,2022-12-13T09:28:32
sentinelone-sdk,2022-12-08T11:01:26
sentinelonesdk,2022-12-09T10:35:40
servantcord,2023-07-07T12:20:16.550523
service-etl,2023-01-17T13:40:18
setdotwork,2024-04-22T09:49:03.310719
setnetwork,2023-04-27T17:38:59.241158
settinginmaass,2022-11-06T13:43:36.213589
setup1nter,2023-02-11T22:02:49.187009
setupint3,2023-02-12T20:20:04.588298
setupint3s,2023-02-13T16:12:12.792558
setuptolos,2024-09-21T16:56:35.372015
setupyntq,2023-02-22T19:33:05.098772
setupynts,2023-02-22T02:32:02.189222
setupyntx,2023-02-23T04:05:34.592791
sfnt2woff-zopfli,2026-01-01T07:53:25.410567
sfox-ecdsa,2022-10-15T13:27:12.852343
sgmm,2023-12-05T15:59:47.098451
shaasigma,2022-10-27T15:30:24.428308
shaders,2024-04-22T09:49:03.358718
shaderz,2022-12-02T14:52:30.184011
shadow-scraper,2023-01-13T13:59:09
shadw,2024-04-22T09:49:03.394717
shellapp,2024-04-22T09:49:03.410717
shellapp1,2024-04-22T09:49:03.430717
shellexec,2023-07-15T17:57:20.897409
shenghuo2-getshell,2023-05-23T12:25:01
shenghuo2_getshell,2024-04-22T09:49:03.450716
sherm,2024-04-22T09:49:03.466716
shermed,2024-04-22T09:49:03.482716
shermly,2024-04-22T09:49:03.506716
sherms,2024-04-22T09:49:03.518716
shikitesting,2024-02-05T13:29:50.910590
shimi,2024-04-22T09:49:03.530715
shiwers,2024-04-22T09:49:03.542715
shom,2024-04-22T09:49:03.554715
shoots-api-test,2024-11-29T02:50:34.716314
shoots-bynet,2024-11-29T02:40:25.316828
shoots-flutter,2024-11-29T06:04:34.051898
si-python,2023-03-05T18:01:14.365283
siamrahman,2022-11-22T08:48:47.098125
siamttviews,2023-02-28T17:26:48.232331
sickit-learn,2023-02-10T18:14:10.042708
siimplejson,2023-02-11T09:45:25.514435
sijplejso,2024-03-27T20:18:45.040702
sikit-learn,2023-02-10T18:13:51.142110
simlejson,2023-02-11T09:44:46.887362
simlpejson,2023-02-11T09:44:15.296648
simmplejson,2023-02-11T09:44:54.233643
simpejso,2024-03-27T20:18:57.162249
simpejson,2023-02-11T09:45:22.392021
simpeljson,2023-02-11T09:43:54.485080
simpjson,2024-03-27T20:18:33.087178
simple-discord-https,2023-11-28T17:46:32.438861
simple-mali-pkg,2025-07-04T04:44:15.093175
simpleejson,2023-02-11T09:44:09.261913
simplejjson,2023-02-11T09:44:40.247313
simplejon,2023-02-11T09:44:18.235898
simplejosn,2023-02-11T09:44:58.123821
simplejsn,2023-02-11T09:44:21.392456
simplejsno,2023-02-11T09:44:50.392733
simplejso,2023-02-11T09:44:12.254514
simplejsonn,2023-02-11T09:44:06.126327
simplejsoon,2023-02-11T09:45:28.789252
simplejsson,2023-02-11T09:45:33.120486
simplesjon,2023-02-11T09:43:58.611052
simpleson,2023-02-11T09:45:06.364057
simpljeson,2023-02-11T09:45:15.182300
simpljson,2023-02-11T09:44:26.746978
simpllejson,2023-02-11T09:44:43.185057
simplyjson,2022-11-15T21:59:46.015217
simpplejson,2023-02-11T09:45:02.394798
sinontop-utils,2025-07-04T09:55:59.390212
sintaxisoyyo,2023-03-21T19:08:47.609082
siplejson,2023-02-11T09:45:18.987693
sipmlejson,2023-02-11T09:44:01.793540
sisaws,2025-08-04T01:31:10.230139
site-messanger,2024-02-07T00:08:21.061535
sitechdemo100,2022-11-06T13:47:02.009333
skd64,2022-07-09T14:23:43.018942
slana,2023-02-09T17:00:10.567000
sleenium,2023-02-10T10:53:01.795209
slenium,2022-11-06T22:30:59.947316
sln1550hello,2024-04-22T09:49:03.626714
sloana,2023-02-09T16:59:44.580996
sluheczo,2022-11-15T17:38:44.699726
smartsheet,2023-03-15T08:18:08.319691
smb,2018-10-30T02:27:19
smiplejson,2023-02-11T09:45:10.393280
smtblib,2025-12-15T19:32:48.646798
smtmlib,2025-12-29T10:04:51.976070
smtrlib,2025-12-22T15:37:03.091557
snelt,2024-04-22T09:49:03.654713
snwproxies,2023-02-14T12:01:08.252883
soalna,2023-02-09T17:00:03.075080
soana,2023-02-09T17:00:18.997868
sobit-ishlar,2023-05-30T09:40:59
sobit_ishlar,2024-04-22T09:49:03.674713
social-checker,2023-04-19T19:00:26.105693
social-scrapper,2023-04-24T18:08:51.195718
social_scrapper,2024-04-22T09:49:03.710712
social_scrappers,2024-04-22T09:49:03.742712
socksproxies,2023-03-04T09:35:53.403265
sodha,2025-06-17T17:09:47.162413
sol-prices,2025-05-22T12:29:27.576317
solaa,2023-02-09T17:00:23.089628
solaan,2023-02-09T17:00:14.927888
solaana,2023-02-09T16:59:54.147988
solana-charts,2025-05-10T07:32:16.837494
solana-coin,2025-05-20T09:14:50.042123
solana-data,2025-05-13T16:02:54.997473
solana-live,2025-05-24T17:58:53.529415
solana-program,2026-01-14T12:03:45.195406
solana-test-suite,2025-05-11T08:39:57.347724
solana-trade,2025-05-22T20:36:13.107560
solanaa,2023-02-09T16:59:47.468261
solanautil,2025-04-28T10:36:23.834571
solanna,2023-02-09T17:00:06.598257
solidity-coverage,2025-06-06T06:40:09.690105
sollana,2023-02-09T16:59:31.627149
solna,2023-02-09T17:00:26.116182
solnaa,2023-02-09T16:59:35.780756
solution-maker,2021-09-25T12:22:02.262061
some-malicious-package,2023-03-29T13:03:50
some-other-package,2021-09-25T13:07:22.835118
someeebbb,2025-07-29T05:15:07.335910
soolana,2023-02-09T16:59:40.013692
soulnitro,2024-04-22T09:49:03.770712
soultracker,2025-05-01T03:35:56.531774
soup2,2024-04-22T09:49:03.790711
spacefilterapi,2023-02-25T09:08:18.419863
spacestudio-orbit-propagation,2024-05-28T12:26:25.879808
spamsynonym,2023-03-27T10:21:58.966257
spamysynonym,2024-04-22T09:49:03.822711
sparkk,2023-01-24T20:06:02.920706
sparklog,2024-03-27T16:29:36.369178
speech-dtw,2024-05-23T06:53:31
speechrecongition,2022-08-18T01:59:04.287814
speedquest,2022-10-13T23:11:58.732704
speedquests,2022-10-13T14:11:54.337960
speedyquests,2022-10-13T14:17:48.991232
speedyrequests,2022-10-16T00:54:25.092938
spellcheckpy,2026-01-21T07:43:12.786955
sphinx-rtd-theme-cilium,2024-05-15T17:02:15.155076
splitcc,2023-02-25T14:17:02.040291
splithydra,2023-02-25T14:28:44.747769
splitintel,2023-02-25T14:32:52.358910
splitmask,2023-02-25T14:32:41.595700
splitnvidia,2023-02-25T14:19:38.310713
splitpep,2023-02-25T14:27:24.330231
splitram,2023-02-25T14:15:54.668358
splitsplit,2023-02-25T14:22:51.586714
splitstudy,2023-02-25T14:15:40.671133
splitver,2023-02-25T14:12:35.527341
spokeo,2025-06-22T02:04:23.555633
spoof-user-agent,2022-07-02T10:30:55.452188
spookyimagelogger,2022-11-15T22:56:15.058956
spyderlib,2025-06-08T18:34:48.863003
spykes,2017-11-14T00:38:22
spyme,2022-11-13T15:27:40.182364
sqiul83,2025-06-26T21:51:13.608871
sql-to-sqlite,2023-06-23T22:19:27.298592
sqlachemy,2022-11-07T00:34:15.137177
sqlalcemy,2022-11-07T00:53:46.952786
sqlalchemy-install,2024-04-22T09:49:03.854710
sqlalchemy-os,2023-05-24T06:44:16
sqlalchemy-presto,2024-04-22T09:49:03.870710
sqlalchemy-requests,2024-04-22T09:49:03.886710
sqlalchemy_os,2024-04-22T09:49:03.898710
squeezieontop,2023-02-23T15:01:53.036367
srcapy,2023-02-10T15:30:15.170713
srv-configs,2022-10-04T02:34:24.880022
ss-concurrent-log-handler,2023-09-18T11:03:47.982239
ssc-concurrent-log-handler,2023-09-14T11:47:39.606021
sscikit-learn,2023-02-10T18:14:23.732785
sscrapy,2023-02-10T15:30:28.501053
sselenium,2023-02-10T10:52:11.690279
ssimplejson,2023-02-11T09:44:37.222159
ssolana,2023-02-09T16:59:18.341142
st-py-de-cli,2025-08-13T13:48:26.010046
stackstorm-runner-action-chain,2024-07-26T15:14:03.709749
stake-auto-better,2023-02-03T16:06:49.758156
startup-entrypoints,2024-06-19T18:13:15.322834
statmodel,2022-08-23T08:17:41.909399
statmodels,2022-08-23T08:17:57.205635
statsapi,2025-10-25T03:44:42.338913
statsmodel,2022-08-23T08:18:08.681421
stealthpy,2022-07-31T18:31:18.678015
steelseriesgen-api,2022-12-28T16:44:47.242303
steembase,2024-04-22T09:49:03.918709
stillrequestsa,2024-04-22T09:49:03.934709
strbeautify,2023-03-08T19:32:54.399507
strcolorize,2023-03-09T20:13:58
strgrand,2023-02-25T14:13:52.855295
strhydra,2023-02-25T14:30:35.007283
strinfer,2022-10-28T02:16:35.467466
stringcc,2023-02-25T14:08:24.749521
stringe,2022-10-24T01:35:16.589489
stringencode,2023-02-25T14:14:59.124859
stringgrand,2023-02-25T13:58:39.137394
stringintel,2023-02-25T14:13:33.806188
stringrand,2023-02-25T14:20:28.635738
stringultra,2023-02-25T14:22:25.971151
stripe-client,2024-04-22T09:49:03.946709
stripe-client-py,2023-04-03T06:52:40
stripe.client-py,2024-04-22T09:49:03.958709
stripepy,2024-04-22T09:49:03.970709
strload,2023-02-25T14:10:02.383035
strpep,2023-02-25T14:09:24.710424
strpull,2023-02-25T14:24:05.302752
strram,2023-02-25T14:01:50.702164
strrandom,2023-02-25T14:15:57.994361
strreplace,2023-02-25T14:30:12.767155
strsuper,2023-02-25T14:10:54.061217
stubsout,2025-06-07T16:20:40
stubsoutagn,2025-06-08T15:42:36.451213
studycc,2023-02-25T14:23:50.563890
studyhydra,2023-02-25T14:17:11.161645
studylib,2023-02-25T14:01:00.631097
studyload,2023-02-25T13:58:26.454756
studymine,2023-02-25T14:20:25.428613
studypong,2023-02-25T14:03:26.992880
studyrandom,2023-02-25T14:15:44.017634
studystr,2023-02-25T14:15:23.498453
studyver,2023-02-25T14:21:01.877672
stylefade,2023-01-01T23:25:40.356182
styler,2022-11-01T09:26:56.534750
styling,2022-10-31T03:06:13.686091
subsys-counter,2024-08-24T02:25:57.105493
sudo2,2022-11-21T16:23:00.307679
suffer,2021-04-16T20:58:55.421333
superad,2023-02-23T21:46:47.503552
supercandy,2023-02-23T21:42:35.232363
supercpu,2023-02-23T21:59:30.498211
supercraft,2023-02-23T21:47:06.916658
supercv,2023-02-24T14:41:19.290091
supergame,2023-02-24T15:00:31.079427
superget,2023-02-23T21:31:51.717927
supergui,2023-02-23T21:47:36.451983
superhttp,2023-02-23T21:46:54.031304
superinfo,2023-02-23T21:53:41.391062
superlib,2023-02-23T21:37:08.102200
supermc,2023-02-23T21:44:20.243863
supermine,2023-02-23T21:39:37.037610
superpip,2023-02-24T14:53:38.113426
superpost,2023-02-23T21:40:38.638185
superpull,2023-02-25T14:15:10.435986
superpyw,2023-02-24T14:39:31.956779
superram,2023-02-24T14:58:00.447427
superre,2023-02-24T14:54:07.467423
superreplace,2023-02-25T14:06:08.808592
supersafereverse,2025-08-01T14:49:02.720689
supersuper,2023-02-23T17:00:24.477188
supertest9188,2022-08-11T06:55:50.262723
supertool,2023-02-23T16:58:47.894877
superultra,2023-02-24T14:59:41.431427
superurl,2023-02-24T14:45:30.335752
supervirtual,2023-02-24T14:37:13.661179
supervisa,2023-02-24T14:41:26.222090
supervm,2023-02-23T21:36:23.690205
support-dev,2023-04-17T22:42:48.092974
support-hub,2023-04-18T08:16:06.465709
support_dev,2024-04-22T09:49:03.986708
support_hub,2024-04-22T09:49:04.002708
supra-style,2023-07-05T12:11:06
supra_style,2024-04-22T09:49:04.014708
sutiltype,2022-10-28T06:34:52.102078
svcmanagement,2025-08-18T07:15:24.734633
svcmanager,2025-07-18T05:03:16.754890
swapmempool,2024-01-19T13:51:25.427579
swiftypy,2023-07-02T01:01:45.266821
sylex-syntax,2023-03-21T21:53:55.070966
sylexnaranjo,2023-03-16T17:05:57.453478
sylexnaranjoo,2023-03-16T18:07:53.792412
synapse-x,2023-02-18T23:04:52.478716
syns-knox-xss-allwhere,2023-08-14T09:28:51
syns_knox_xss_allwhere,2024-04-22T09:49:04.122706
syntax-init,2024-04-22T09:49:04.134706
syntaxcode,2023-03-21T19:02:53.313466
synthetictest,2023-03-17T21:20:59.700913
synthetictest1,2023-03-17T21:24:54.593811
sys-ej,2022-12-13T21:08:50.719350
sys-scikit-learn,2024-04-22T09:49:04.182705
sys-selenium,2024-04-22T09:49:04.198705
sysargvsox,2024-04-22T09:49:04.214705
syscachelib,2025-06-17T05:40:32
syschecker,2025-10-26T19:17:07.998519
syslog-ng,2024-04-22T09:49:04.226705
syslog-udp,2024-04-22T09:49:04.238704
systemconfig,2022-11-15T21:50:11.011789
tablates,2025-11-26T03:17:57.390528
tableate,2025-11-25T09:51:18.556557
tabulation,2023-06-27T02:16:27.124057
tahalib,2023-03-12T10:05:06
talbat,2025-07-19T17:33:25.597198
tasksaio,2023-04-04T10:50:42.755063
taxi-etl,2023-01-17T13:38:21.353292
tcalendar,2023-02-11T17:27:15.346620
tckalendar,2023-02-11T17:28:43.709830
tcloud-python-sdk,2023-10-11T07:50:54.474391
tdwtauthauthentication,2024-04-22T09:49:04.294703
teensorflow,2023-02-10T15:35:47.674216
telco,2025-12-06T15:53:30.514661
telebot-bot,2025-12-26T19:25:51.458076
telegrem,2025-12-26T19:43:16.414075
telemaster,2025-07-29T11:57:12
telerer,2023-10-08T14:38:33.329261
telethon2,2023-09-21T03:57:26.978592
telthi,2023-03-05T07:20:13.012170
temsorflow,2024-03-27T20:11:16.755602
